10000
3 5235 7452 6186
1 8416
1 8310
1 8850
2 2945 8664
4 8926 1159 6009 1522
1 5802
1 7514
3 2406 296 961
1 6899
1 5933
2 9132 6685
2 9644 1358
2 320 9982
3 3557 8469 4326
1 8824
1 6130
3 484 5085 8878
1 4770
2 6919 425
3 82 4330 8795
2 3519 1252
1 4139
1 6258
1 5756
2 3504 8258
1 6950
1 5551
1 265
2 2096 7741
2 2252 9464
1 7359
3 3287 8966 2775
1 1661
2 125 9607
1 3520
2 7260 2204
1 7953
1 5471
2 7833 3521
1 3796
3 505 6741 7849
5 5792 6462 1229 7883 8560
1 5771
1 2763
1 6240
1 399
1 5501
1 3356
3 3576 5163 7721
12 5035 1525 5878 8531 8033 3389 3336 3242 1387 295 4148 8455
1 4522
1 7323
2 6683 106
1 2688
2 9317 1365
2 6277 9138
1 7322
1 1985
1 9998
3 4588 5558 419
3 9773 6139 3413
1 2168
2 1951 2558
1 3695
1 5662
2 6395 2094
1 6411
3 79 1622 1564
2 7864 3427
1 5845
8 4704 8189 9866 9644 7992 1854 205 9173
6 4704 1713 9939 8361 3698 5985
3 1917 8943 4219
1 3755
6 9030 4911 5748 2031 9403 394
1 344
2 1796 7071
1 4062
3 7537 68 4783
4 7940 6889 7569 6825
2 9815 3391
4 9564 1094 20 1165
2 2473 2360
1 1494
1 6317
1 2883
2 3397 8478
2 4041 6719
4 2692 4820 1565 7682
1 4174
1 625
1 1130
2 5264 4493
2 2504 2734
2 3565 1517
3 220 8638 9709
1 2727
2 2065 2920
2 8665 4214
1 7710
3 7709 562 4376
2 3884 3228
1 716
1 6466
4 6331 2568 9305 9040
2 53 9005
2 1233 1790
4 7463 8733 8612 6961
2 3134 4981
1 2119
1 3416
2 9154 4873
2 1139 1675
1 4357
1 765
2 8140 9361
1 9341
1 7705
1 6682
1 1135
2 8374 5818
2 6377 1147
3 8112 4465 8376
2 9062 3093
4 8212 34 6436 1595
1 161
2 9443 8332
2 4719 9728
1 5668
1 8093
1 6104
1 9009
2 587 3696
1 1131
1 8896
1 8828
2 9322 9974
1 8485
1 4308
2 9993 594
5 4099 8004 1794 3593 5624
3 4658 4703 167
1 6104
1 1673
5 7706 1523 941 8529 3909
1 6630
2 5181 1707
1 9191
1 9814
1 8572
1 3670
2 7069 7178
2 2826 5816
1 7886
4 2496 1626 7890 8610
2 5898 3550
2 1715 437
1 1647
3 7335 2881 8294
1 6445
5 7416 5574 5552 9399 126
2 450 9894
1 7445
2 2228 4734
1 3563
2 6787 1607
2 142 5449
2 2754 3450
1 1127
1 4151
2 4976 4030
1 5128
5 2802 6757 9102 1696 4710
1 2003
3 4408 4795 9264
3 8189 1816 3752
1 1636
1 6992
1 7135
3 8145 3554 1950
1 5554
4 1544 7356 6455 7147
2 3295 1484
1 1333
3 8733 9600 4991
4 2945 5135 7597 6830
2 6071 5287
2 6580 6404
1 9650
1 8815
3 856 272 5468
2 739 4622
1 7926
6 1665 5899 4725 8916 4317 7239
1 7452
6 3563 5817 8770 8217 8714 591
1 7613
4 9852 6545 4409 499
3 4497 5808 745
3 7426 8633 5634
3 1741 9754 2423
1 262
3 5006 9165 8958
2 8662 2521
1 71
1 7310
1 505
1 8968
2 5490 9891
4 8586 4271 8357 8930
1 9111
1 6522
2 9501 7115
1 9057
1 7073
5 3703 4553 8159 6005 3694
1 2639
1 7867
1 6570
4 555 96 9249 2331
1 7468
1 7323
1 4281
1 8193
3 9508 4807 609
1 4691
1 3737
2 4428 8691
4 9799 828 488 1555
2 4882 6174
1 1979
2 1469 5027
4 883 1917 2946 1478
2 9474 1361
5 5185 4208 8556 9284 8414
1 7647
1 2563
2 7626 7433
2 3904 9482
1 3141
1 8707
1 1890
1 666
3 2990 9675 4573
7 5456 9513 9656 1909 2141 7913 1447
1 2935
2 1522 313
3 3003 9183 1529
4 8891 1401 7848 4116
3 5461 6138 7631
1 2871
1 8429
1 7253
4 6050 9381 4986 4075
2 5767 1853
1 6395
3 6840 4599 2492
1 1558
2 9891 485
3 2170 9494 704
1 8037
4 4606 568 202 3560
2 2134 4636
1 8699
2 1197 28
2 7014 8222
2 2560 7408
2 4868 8346
1 8639
1 5336
2 3487 2817
1 191
3 563 2082 4983
1 5741
1 5372
4 3493 6212 1889 771
2 1554 8507
1 2346
1 3403
1 7180
4 6395 6053 5668 6038
2 5329 1408
1 426
2 9924 4456
5 4867 2619 5951 6713 1024
3 4463 2422 3112
1 436
1 2419
3 9815 3045 7281
1 7755
1 3878
2 1574 5864
1 4836
1 5342
2 50 7005
2 8 4744
1 6853
1 1816
2 4398 7318
1 1759
1 2191
1 2013
2 5714 3738
1 841
1 3812
1 1121
1 2219
1 4887
1 8047
2 6050 5133
1 5421
1 4880
1 247
3 5373 2337 1320
5 687 7660 8171 6412 1703
1 5493
4 4835 1640 1467 1856
1 2441
2 1173 3194
4 508 2300 13 5543
2 5782 9870
1 6266
1 5117
1 8033
1 4484
1 5082
1 1144
4 5208 2553 8354 6106
2 6194 938
5 2682 8719 1687 8660 1931
1 5092
5 5476 8753 1009 4716 992
2 5318 711
3 8498 6235 2425
2 3397 2949
1 1700
3 5954 5038 7079
1 2681
1 2065
1 4058
4 2036 8816 7694 9182
3 8831 8331 7728
2 6041 4733
3 5145 7798 76
2 4594 8368
4 9564 7242 4901 6511
3 4583 5526 6911
1 5746
2 1736 4021
4 2287 5799 7485 8041
1 6297
2 5959 9462
1 5257
1 3512
1 6480
1 8307
2 3189 5098
1 3605
3 4198 5400 8467
1 2602
1 2477
2 4174 9311
3 3854 9663 554
1 8680
3 855 1133 7606
2 5592 9963
2 6242 7752
4 777 7103 4684 4307
1 8199
1 6262
1 1944
1 7457
1 7392
2 710 9800
1 8280
1 7105
2 1374 9407
2 6018 7043
1 5178
3 2852 3608 2766
1 3445
3 4210 7367 8513
1 4063
1 4386
2 6581 2080
1 4357
1 3575
2 3040 7173
2 6498 5220
4 6198 1014 9357 2295
8 3179 8285 8245 8956 7046 6603 5161 3469
7 5012 3656 7439 2892 5431 1281 5502
1 6555
1 75
2 4809 4104
2 1233 2313
1 8014
3 1690 575 2765
5 5483 5145 5344 46 8608
1 5316
1 1693
2 4616 2050
1 9505
2 7730 6870
1 6765
1 2430
2 4161 1912
2 9896 3204
1 2466
1 6377
5 797 1019 7734 6385 4331
1 1660
1 2875
1 4955
4 5289 4646 6424 6185
1 1208
2 3141 5207
1 5926
1 60
1 3734
1 1888
1 9947
1 2078
1 570
3 19 4630 2667
4 7226 6783 283 8589
3 7545 2491 4749
1 4995
2 8621 2758
3 4203 6520 5283
2 5172 8959
1 4289
1 1133
3 1658 8141 1177
3 1033 5062 8023
5 2042 287 9095 4988 3124
1 157
3 8699 6289 6795
1 4234
1 9722
1 599
5 6382 7267 2242 5021 6493
2 4598 5877
1 1379
1 8521
1 1581
2 1456 687
1 4219
2 3360 7512
3 3065 4953 162
2 9065 9156
1 8025
1 1423
1 7921
1 6966
1 8808
2 955 1287
1 2691
1 4622
1 5318
3 2754 3359 2986
4 4073 7028 2033 6278
3 6715 9266 2893
2 755 923
4 3340 1367 8379 2148
1 5039
1 1853
1 3860
3 4310 8480 8443
2 4135 7436
1 5649
1 7060
2 7780 4083
3 5592 1886 1877
2 2706 8879
1 8931
3 9939 1764 7224
5 6000 1557 7133 5657 8768
3 1477 6194 6932
1 8792
5 8999 1233 1392 4007 1485
1 9498
1 1474
3 1738 17 2090
1 259
2 6976 2203
3 3300 9632 8211
2 229 6810
5 1769 497 9809 3907 9703
1 3349
1 9099
1 5911
2 4239 5437
3 9193 8978 4620
2 6370 8350
4 3227 6606 3068 5976
2 489 4576
2 2719 3879
1 198
1 2255
1 6226
1 5087
2 1018 8735
4 8391 7106 8262 9477
10 5052 8621 1845 4713 4392 1631 5770 41 1754 207
4 5030 9246 9359 6734
2 9178 701
8 8014 320 1256 5494 4115 8003 5245 971
5 8463 4340 6743 4091 7782
1 7944
1 4502
1 8216
1 9207
2 4393 6435
1 7927
3 3240 5568 6241
2 4124 8185
1 756
2 3294 3341
1 1569
3 7906 3921 4964
1 8599
1 9125
5 7859 2241 1740 3083 5227
1 4051
1 532
2 5608 9863
1 1448
1 2591
1 7761
2 5473 4284
3 968 6665 526
2 3693 9100
1 3909
1 1926
2 1389 4127
2 949 7574
1 1419
1 4999
1 5133
1 5119
1 593
1 5062
3 6556 2330 1958
2 2334 1806
1 9808
1 2637
1 3590
1 7317
1 5395
1 5855
1 1706
1 7566
1 363
6 1474 220 3236 1463 1686 6549
4 2975 8448 1632 8052
2 9084 7926
2 3844 569
1 5060
2 9609 7830
1 5060
1 101
5 5792 2552 2621 1946 273
3 9006 5441 6055
1 3346
6 3993 7093 8082 7092 5326 7832
4 6128 9365 5837 2837
3 262 7863 1571
1 558
4 794 9624 424 5881
1 3236
2 6157 7636
1 6698
2 3534 3709
1 398
2 8894 3665
1 4069
1 1288
1 2661
3 3874 1248 9007
1 3568
1 621
3 8876 8249 4136
2 4387 8882
3 1742 6048 8883
3 5995 2774 9771
3 8470 1645 133
2 9884 9179
1 2886
2 7315 2924
1 196
5 4189 8140 3819 9075 3007
4 1804 6982 8206 542
1 140
2 1690 1489
3 3693 3352 8760
1 8325
1 6200
2 9341 441
2 1890 6179
1 5726
2 2244 4985
1 7650
2 9243 5626
3 9984 7260 2990
2 6580 5191
1 4831
3 4421 5607 4759
2 225 6390
2 7672 3298
2 4658 1875
3 3291 5908 2255
1 3746
2 4561 1556
2 9713 8323
2 9472 5495
1 3316
1 1303
2 5543 1198
1 6192
4 4665 582 3526 3432
1 8031
1 8849
1 9076
4 8826 91 2382 4850
3 5998 5892 6372
2 3116 8955
2 2467 3332
1 8531
1 2325
1 7984
1 1999
1 2282
2 2161 8038
1 7629
2 9337 9283
4 4843 5211 1948 7117
1 3554
2 6800 6418
3 8085 9454 4705
2 3618 5661
3 3045 6572 1728
1 2246
2 6469 1341
2 1994 2081
1 2607
1 7751
1 5178
2 9943 6415
2 6551 1190
1 8070
1 8607
1 2102
2 1960 8557
1 4453
4 2109 1097 4849 7633
1 6219
1 1108
2 2821 8445
3 1329 6458 3455
5 7819 1991 6857 6153 9680
3 9161 5554 5769
3 868 3399 2409
1 5685
2 2304 5898
2 5223 243
2 1387 8537
2 4482 6120
4 7481 6001 5253 6350
3 2194 5932 3136
1 8349
1 3168
3 2404 8432 2097
1 5727
1 3550
3 6011 9431 3220
1 6726
2 2971 3904
5 5995 3168 9563 4215 8815
2 3029 1212
2 1214 9174
2 6048 4072
1 2504
1 7025
1 8202
1 9823
2 447 315
3 4598 4133 8868
3 9467 8906 3155
4 883 4635 5490 8154
2 3864 8362
1 3840
1 9275
2 7816 8898
2 4439 4695
3 3817 4841 7857
1 7681
2 3282 3599
2 9801 3288
1 6047
2 507 5230
3 5896 7886 4393
1 9274
1 260
1 7471
4 5599 6239 8274 5831
1 820
2 757 1325
1 5799
5 4722 4457 7626 5101 374
1 333
1 5757
4 7824 2959 2049 1037
1 4215
1 7335
3 9542 103 4962
1 7604
1 2128
2 9145 1605
1 8363
1 2295
1 1088
2 7194 9867
2 1777 3846
2 6498 819
1 7929
1 3075
3 5077 5340 5477
2 8572 7720
3 9965 4325 8678
1 4091
1 9089
2 4610 921
1 5401
1 3218
2 8926 5779
1 2462
7 9006 3596 6657 4076 2763 7198 870
4 5724 5313 6018 192
5 821 5331 4825 2951 8834
2 2239 5649
1 9406
1 9766
4 6025 823 1419 3838
3 199 3840 2910
1 3913
2 2755 3604
1 8401
2 5599 9120
1 5408
1 8833
1 8517
3 3788 9226 3305
1 7541
5 3321 2201 2665 1749 464
2 2727 518
7 4742 8297 6491 8850 9906 9257 708
3 5077 4381 4458
1 9011
1 7910
3 3139 1765 4562
1 5000
1 5924
2 928 3518
2 9188 115
4 7864 5327 3705 3761
3 8552 1134 8774
1 7783
2 5554 6265
1 3264
1 276
2 2285 8481
3 1173 6568 2308
2 3420 4272
1 6739
3 3292 3616 6343
8 9955 821 4244 2584 368 2902 3292 3063
2 2869 6400
2 8632 9621
3 9010 4531 930
2 5995 5469
1 5884
1 4119
1 5312
1 8983
1 8193
2 1254 6483
2 2052 8500
2 9749 4582
4 4069 4933 9347 1594
1 3742
1 1890
1 2973
4 570 3135 3674 7451
3 3993 9216 3032
1 3335
3 8270 411 2724
10 3866 4616 9289 8577 2462 6317 9643 6105 8477 6656
2 6303 2301
2 4495 9198
2 1862 7002
1 7270
1 4608
1 5213
2 3267 6163
1 8460
1 8864
1 6323
3 9331 5793 1378
1 7398
1 1476
1 9518
2 8130 5508
1 6968
4 3703 3601 7789 4371
1 4075
1 2177
1 8721
1 725
2 6950 707
6 777 846 7481 740 1521 1879
1 5225
4 744 4691 1796 2932
2 2132 8923
3 8681 6667 4146
2 7326 903
2 8821 6930
2 229 4891
3 5842 6941 6379
1 3181
3 5346 4312 2135
1 7171
1 9956
1 4195
1 9021
1 870
2 5581 4259
3 5085 4814 4840
1 1558
1 6806
3 9754 304 9834
1 7135
1 8128
3 7269 2877 1505
2 8724 4908
5 821 8913 8479 4550 8611
1 7157
2 7019 9356
1 892
1 6944
1 6832
4 6857 4811 4265 3329
1 1879
1 1580
3 3442 7871 365
4 8285 1924 191 7109
3 3147 4201 1180
1 9359
2 5194 1927
1 6363
1 2159
6 6199 4213 9501 4169 6775 8094
1 1326
2 6457 8642
1 929
1 4014
1 5221
5 1775 4897 663 3169 6558
1 4544
3 738 9029 836
1 3023
4 4635 3556 2594 7732
3 9488 4278 4601
1 1629
1 5417
1 2269
1 9871
1 3457
2 5221 3801
2 5329 4399
1 944
2 9263 5489
11 1092 4835 1893 233 690 4321 8741 7151 9487 6264 9847
2 3759 5950
1 9217
4 6928 5111 6255 7465
1 9338
3 4373 1596 4333
3 5408 3048 2677
4 5972 2269 9011 2587
1 6065
2 5025 849
1 1473
3 7766 8544 1345
3 1811 6706 3955
1 5919
2 9093 3583
1 7009
6 2690 8164 5822 4084 1642 8792
1 7375
1 8183
1 8084
3 826 9300 6468
1 2957
2 4658 8218
1 7196
2 9789 5061
3 8909 9859 1356
1 3345
2 3531 2091
2 2317 3527
3 9378 2591 1210
2 8960 2532
2 7790 4855
1 6514
2 1301 4081
3 8188 3418 6234
1 3647
1 3830
1 1784
1 733
1 7715
1 464
1 8539
3 3122 8080 5630
1 5450
1 9199
2 4184 764
2 5364 865
1 780
3 6044 4156 5658
2 8637 5411
2 2727 6142
2 7600 7690
1 5606
2 7354 5003
1 6020
1 329
1 5454
1 6347
2 145 8677
2 6971 3937
2 6118 7358
6 2655 1302 9528 6802 881 8023
2 8469 9455
2 7755 4817
5 4217 2962 9366 2078 6123
1 3501
8 8762 7515 7639 2709 3874 3945 537 978
1 6204
1 2257
2 9362 7262
2 3797 2333
1 1896
3 4051 457 5426
2 9626 2650
1 4223
1 3453
1 5156
1 8252
1 8
5 5538 9475 9908 6270 6839
2 1746 1343
2 8606 2083
1 6292
1 1480
3 7871 5190 1384
2 5591 532
1 3442
1 8659
3 508 6632 9978
1 3967
1 7141
2 7557 5848
1 6461
7 4621 4896 3570 9860 9168 8721 9212
1 6174
4 949 4413 4746 4359
1 1835
1 7902
1 4667
1 8941
1 4360
1 2865
1 8982
2 9710 7817
2 7835 5314
1 4775
2 1267 2054
2 8374 6211
1 9916
2 332 8790
7 3981 6341 7675 4853 6689 9310 4636
1 6909
1 5866
2 8131 7811
2 8975 5353
1 3961
1 9365
1 4772
1 5539
2 6683 2801
2 1389 7872
1 3329
1 5466
2 7416 6091
1 6598
1 9466
1 332
1 8881
1 3935
4 9030 6871 7677 7529
2 7887 7330
3 390 8695 2205
1 9919
1 1747
1 5374
2 2586 503
3 411 7352 8213
1 6946
1 1886
3 5306 3043 9700
1 9696
3 285 5380 9077
1 1698
1 7469
2 8361 7598
2 7443 5269
1 6316
1 9386
5 7706 9457 9380 2002 4670
1 5346
3 6039 435 5443
2 3397 9589
2 9616 5067
1 6705
2 2706 713
2 4036 4462
2 9072 9734
5 1697 6050 4699 4687 2874
2 5214 5613
4 9417 6881 8902 7177
1 7649
1 7534
2 1576 5481
2 9637 3351
2 6366 3411
1 2251
3 8207 6652 1141
2 4080 9573
1 4303
4 8189 3574 1563 4026
1 6830
2 2194 8698
3 6739 9417 4780
1 1796
2 2001 5317
3 5364 7672 2212
1 6499
2 2391 1957
1 7846
1 1789
3 7641 2134 8186
1 4326
1 6465
1 8311
1 8547
4 6868 5685 7156 2522
1 5208
1 8753
3 2164 2388 6701
1 8548
2 4053 1260
4 7296 1831 3436 4167
1 2467
1 7044
1 1938
2 3916 1511
1 6419
1 7758
1 8377
2 3295 6699
1 8134
2 3039 1280
1 8773
1 4598
3 5039 3039 5610
3 2278 722 1452
1 9938
1 3640
2 6250 5963
7 883 1301 7530 2725 9838 9448 4890
2 6588 3774
4 82 9844 4563 1602
4 1368 5994 7619 2349
2 9632 6482
4 656 3337 3505 8183
3 7905 5373 3128
3 2331 2185 1296
2 5731 7843
4 5755 7879 9418 7126
1 8489
1 6021
3 7210 5605 6611
1 6731
2 1523 4579
1 1914
4 4497 7740 3980 658
1 7507
4 8941 2375 4441 8702
2 6871 5480
4 9475 7558 8438 9175
2 1373 6089
2 9463 2363
2 6345 2357
2 5450 8502
2 8114 5722
2 7384 3038
1 3390
1 9565
2 9282 306
2 7130 2716
2 4898 7004
1 7614
3 4184 4517 6062
2 6367 9560
2 7458 169
2 7168 9614
2 6067 8619
3 4703 4997 92
2 6676 134
2 9290 7231
2 365 433
2 767 8219
2 1167 120
2 4613 3462
6 9752 2092 6189 1992 4545 5693
2 5213 6064
6 8762 7037 7809 113 4339 4643
2 6780 1898
1 1049
2 4998 2254
1 7031
3 6108 8697 327
1 3727
1 5517
1 122
3 5823 2123 2005
1 7130
3 9289 3046 8363
1 8085
2 2385 8049
3 4512 2008 3549
2 1486 1824
1 3443
1 4604
1 5858
4 6715 2219 1242 2416
2 5 5962
2 8457 6426
1 5583
4 2752 2192 2028 5042
1 6192
1 6881
1 82
1 1903
4 9032 5473 3532 1135
3 2587 9133 9655
1 7985
1 4555
1 6840
1 5497
6 6928 1850 7052 773 319 9035
2 9371 6855
2 7506 1833
2 8155 2047
1 434
2 8970 1331
1 7222
1 857
1 9096
1 6555
1 2688
3 2744 3704 7584
1 6384
1 1588
3 6487 9629 5127
3 8134 3982 3558
1 2834
1 650
1 6487
2 9071 2489
3 4225 7162 9410
1 6672
1 2807
1 2518
4 3387 3643 265 5536
1 619
1 3079
1 2741
2 5108 4287
2 1554 2641
4 8159 6746 2233 1810
2 3033 1382
2 5507 6191
1 9354
1 5465
2 6226 416
2 7952 7563
1 912
2 9665 1945
1 680
1 4806
4 1773 1245 681 1537
2 9452 6929
2 3378 4071
3 9076 6434 3863
1 4561
2 1518 7788
4 5574 1500 3911 7279
3 7536 2431 5198
2 7768 5737
1 1299
1 7653
2 3061 4878
1 3192
3 7457 4452 5798
3 9146 4728 3648
6 42 4764 8823 5187 4929 8679
1 5724
1 3669
1 2218
6 481 3797 9021 396 107 7277
1 8237
2 3395 8132
1 3527
1 9697
3 7755 8000 4390
1 5127
2 1314 5992
1 3706
1 1158
3 8926 7205 8067
1 6302
2 1214 3183
5 8398 2539 5593 7510 3558
2 8798 9276
2 580 2381
2 9625 5422
1 8995
1 4997
1 21
1 6462
3 1389 5045 787
4 9253 2796 3160 3309
3 508 2830 5148
1 5273
2 6025 2770
1 9077
1 1073
1 4620
1 6714
1 4906
2 7037 1809
3 7271 7124 1323
2 5160 8460
4 8657 989 5915 6417
3 9111 3685 3388
2 9253 6651
1 8168
1 8201
3 2638 6256 5392
1 5843
1 3149
3 4398 9926 4484
2 8082 8173
1 7376
1 7873
1 8717
2 1084 5017
4 392 7610 6755 3137
4 8231 4987 9030 4342
1 7402
1 6584
1 3710
1 2419
1 457
5 7742 6535 3720 578 6195
2 7557 1339
2 4174 1347
2 3395 5217
1 4889
1 6083
2 2395 6886
1 5690
1 1099
1 4718
5 2087 2418 2079 8989 2788
2 9879 1223
2 9663 9340
4 1092 1983 916 6452
3 944 6020 1399
3 3425 9333 618
1 3522
1 5110
2 6846 9848
1 3440
1 9540
1 6901
1 3770
1 1597
1 1937
1 6108
4 1845 1240 7314 9167
1 5297
1 2499
2 4262 5633
2 5995 5103
1 7592
3 314 9841 1445
1 7059
2 7182 6686
1 1265
2 7786 7818
2 708 2598
2 4274 863
1 3729
3 9243 9584 9438
2 8566 660
1 8138
1 1178
2 7138 2085
2 4772 184
1 4804
2 9269 4124
3 7493 3372 5439
1 9696
1 9188
1 1289
2 4940 3029
2 644 8525
1 2500
1 963
1 9289
2 894 8962
1 5372
1 1290
2 8370 7068
1 3874
1 4533
1 4545
1 3524
1 7846
1 7622
1 6912
2 908 7915
2 5450 7478
1 12
2 7457 4486
2 7422 9424
2 234 9236
1 2629
1 7032
1 5928
1 55
2 3853 7885
1 465
4 4244 2107 1095 5341
3 8699 3495 3323
3 7744 6627 8437
1 9912
1 1560
2 9895 1113
3 2587 2183 377
1 5676
5 3295 7959 9218 5970 9998
1 6551
1 809
5 3295 5809 444 2751 2265
1 9840
1 8267
1 1204
2 8035 6570
1 967
2 7701 5978
6 2531 9506 6950 6725 6319 1539
3 50 9987 667
1 3922
6 9220 3967 1254 1003 536 4344
2 3061 4895
2 4502 9865
1 481
2 9634 7808
1 3436
1 8529
1 8498
3 1742 4936 4597
2 7906 6391
1 1302
2 7814 3150
2 249 3609
1 5888
3 5032 4288 7648
3 9939 7835 8417
1 7543
1 8274
1 8566
3 282 3957 9067
1 6613
3 8725 1438 3458
5 2815 6645 8798 4453 6118
1 8015
2 6463 3809
1 1477
1 4415
1 2100
3 7257 2223 2451
2 7017 4968
5 744 8727 8008 538 5781
1 6915
1 7938
1 8920
3 1909 453 9393
1 3145
2 7227 5920
2 9621 2905
1 1649
3 1472 7479 9802
2 9759 1835
1 7737
1 1560
2 4312 8614
1 6710
1 4308
1 9788
1 5821
1 6855
1 1410
2 2564 7353
1 6145
2 3464 6416
1 2946
1 2341
1 2762
1 1320
1 4535
2 245 9131
5 9652 8812 7038 528 1819
1 6281
1 9071
3 8216 8373 3246
2 1088 5562
1 8499
1 1849
1 9174
8 4526 3758 8681 5393 5450 4512 447 1895
2 9032 9627
1 9749
1 5809
1 2908
1 2869
2 7022 7793
1 555
1 3336
2 4606 9353
1 2592
1 317
1 5745
3 5780 5235 232
1 7988
1 9220
6 6176 8292 1428 4824 5312 6951
2 2500 893
7 3802 555 4079 9508 4060 483 3262
3 2231 7928 2993
3 2848 6717 811
4 3013 3328 479 1414
1 233
1 8526
3 2869 8370 966
1 7093
1 8025
1 6190
1 183
3 481 6148 2118
8 8030 7663 6119 2146 9916 4558 1154 8990
1 3472
2 8867 6726
1 595
1 2152
2 2531 2369
1 9876
4 6603 3849 2798 8968
4 4598 2783 1830 84
1 3705
3 4541 3079 1580
1 4746
1 8736
1 6788
2 1220 8546
4 5755 4524 7470 5566
1 3491
1 3221
1 1741
1 844
1 9215
2 3329 5071
1 9089
1 2425
1 8748
1 1078
1 3950
1 6854
2 6233 4675
1 7846
1 3860
1 95
2 3330 1219
1 5436
1 6597
4 821 7341 9270 8635
3 5 247 4645
5 145 1106 4431 7494 6061
1 8159
3 50 9243 6203
1 9160
4 2621 4637 3741 2996
1 7781
1 248
2 5226 1963
2 3395 9968
1 6375
3 9268 6388 9707
2 5951 4228
1 3073
2 2709 7952
1 1214
1 5393
1 1386
1 9906
2 6498 8410
1 4895
1 1938
6 7706 8979 1702 182 2733 8960
2 6862 8064
1 6667
1 9058
1 9963
4 2304 1751 7937 4464
1 6973
2 7975 1680
1 8824
2 9281 2821
8 7481 7416 5700 1202 9521 277 8554 5264
1 229
1 614
2 478 9465
4 7883 258 8600 839
2 1845 7469
7 7296 9388 8147 1372 9900 5941 1431
1 6911
3 3206 9785 6035
2 1052 8876
1 68
1 89
1 8453
1 3384
2 2531 7846
2 9230 520
1 5580
1 568
1 8147
1 7503
2 3512 292
1 6644
3 8973 7599 1045
2 3758 4097
1 8941
1 1718
3 1496 2748 854
2 7245 446
1 8059
2 4392 3899
4 8212 2077 2927 7836
2 6648 6811
1 3982
1 8829
2 9799 1186
1 9006
1 6531
1 1948
1 7506
1 9566
1 790
1 125
1 888
5 5788 1311 3218 3644 8230
1 9053
1 5814
3 5021 7702 4292
2 4129 8791
2 1094 3857
1 8772
1 4340
1 719
4 3353 8314 5756 8676
1 166
6 1807 5029 3632 3646 3343 9109
1 3346
2 7846 2909
1 5766
4 8798 4130 4068 9576
1 6505
5 2509 6460 4867 7363 7997
1 4955
1 9216
2 9176 6509
1 5599
1 6863
2 7790 5695
4 6655 5092 7775 3812
1 68
3 2890 8032 3113
1 2815
2 5254 6548
1 155
1 7866
1 6846
2 4179 874
1 4327
1 505
3 556 6227 5504
2 2971 2490
1 2207
1 1917
3 6775 177 3988
1 5097
1 1934
1 3355
1 317
1 9113
1 899
1 8428
2 2256 8718
1 587
1 6864
3 3920 158 2525
4 8098 3918 4788 6964
2 3942 1427
1 8881
5 2355 4971 7056 7870 8246
1 1848
2 4518 3541
1 4118
1 9686
2 6778 3165
1 7376
5 3013 3588 6584 6803 434
4 4629 8050 9025 8787
3 6715 5280 412
2 2764 33
2 9132 5116
5 3535 8042 2453 7384 8452
1 7844
6 194 1697 5202 3240 2211 4250
1 9226
2 5142 6151
2 9544 9702
2 8328 1966
2 2155 2989
1 8690
4 3179 5110 9332 5937
5 9111 144 8195 3507 4299
1 8913
5 113 8720 3654 2175 7164
1 5911
1 7670
1 4078
1 4245
1 1551
3 4550 4679 2074
1 2014
1 3416
2 3999 8394
3 7208 6109 2227
1 555
1 330
2 5733 4448
1 4529
4 5226 595 398 6690
2 9302 7692
1 9011
3 8288 6763 401
1 9137
6 6199 9032 4694 1936 6599 7785
1 173
2 1665 1040
4 8538 2216 1025 9027
1 3755
2 8727 336
1 2955
1 1544
1 315
1 3727
1 8100
2 9338 552
1 147
1 2124
1 1958
5 9161 2518 3995 8665 9630
1 2888
1 7450
7 72 3579 4200 5376 4428 8839 5876
2 4719 8601
2 5694 157
1 6018
1 6427
2 8231 1579
3 5700 9765 4771
1 8463
1 7408
1 9303
1 9501
3 2511 6369 8320
1 3347
1 5517
4 2808 7458 2156 6101
1 642
2 4513 2831
1 5589
1 9106
1 8027
1 7535
1 3820
2 8190 9879
4 9222 349 2384 4496
1 9688
5 9006 484 4037 5971 4844
1 3440
1 524
3 5685 201 1504
4 1397 4178 585 6022
2 1812 8255
1 3494
2 1833 1787
3 7706 2304 963
4 3044 1016 4373 3726
1 3480
2 755 8784
1 7031
2 1549 8425
1 2370
1 6622
1 505
1 8986
2 8380 8939
1 2317
3 2426 2911 2412
2 1876 300
1 9254
1 9249
2 4398 5569
2 5484 4111
4 477 6765 5794 6969
3 761 6560 5807
2 6172 8580
1 5036
1 2445
5 7663 489 5540 8085 3081
1 6992
1 8245
1 6378
3 6044 1214 9620
1 4992
6 7835 868 1839 7075 5026 4063
1 7819
4 5237 3506 724 1940
1 5041
0
1 3504
2 9220 8728
1 3098
3 3321 2115 4479
2 3046 920
1 7886
1 4760
2 1745 3510
2 7087 4194
10 5780 8680 9566 7932 9481 3853 6800 6875 9770 1062
1 107
1 6823
5 8201 4468 6072 2622 2264
1 6815
2 141 7591
1 3082
3 823 77 1056
1 6460
3 4940 9781 6304
1 8389
1 6828
1 5561
1 2969
1 6014
6 2785 593 2541 4193 4420 5820
2 6011 7207
1 545
4 8913 1608 8280 7172
1 5278
3 1264 9583 5195
1 1203
5 6044 7706 2321 895 2604
3 9231 7921 1743
1 6766
1 5482
2 8109 4249
2 176 298
3 3799 8482 2284
1 4322
1 1448
1 6203
1 3932
1 9874
4 8694 2009 5565 9458
1 1154
1 2784
2 4405 5845
3 4336 6847 5508
1 5827
2 2447 4153
1 1494
1 1074
1 3148
2 1175 1745
1 5057
3 1429 979 3151
1 8067
1 5262
3 7367 9197 3376
2 1775 2170
1 5603
2 4135 9137
1 7843
1 3453
1 8289
7 505 2596 1314 4760 8869 9962 1559
1 9037
1 7754
5 3513 4439 7916 3546 1652
2 5794 1454
2 1173 5250
1 8365
2 4588 6688
3 255 2689 467
1 71
2 8393 7950
1 317
1 8548
1 2793
4 5226 6623 8644 5651
1 6325
1 3904
2 7781 801
1 6668
1 8692
1 2823
2 7715 7089
1 5694
1 5889
1 8981
1 9401
1 5492
1 5922
1 5380
2 5944 5760
3 611 6617 6806
2 2269 1759
1 474
2 9669 9087
2 821 853
1 5559
2 6172 6938
1 5967
2 5034 2340
1 2114
2 4452 9033
5 474 7722 1021 7738 7743
1 7407
4 4174 5456 7194 421
3 276 7649 5507
5 5152 792 600 2638 242
1 6613
4 4613 2277 3176 5904
4 883 4735 3830 8327
1 6889
1 1456
3 6589 954 8269
2 9222 8204
1 1140
3 6000 9530 9927
2 8498 9423
1 3387
1 4213
2 4320 1166
2 2695 3625
3 3512 2285 7434
1 5616
1 8824
2 9925 9997
4 245 7468 1423 2942
2 4242 4080
4 8517 2109 6826 5470
1 407
4 7651 6306 2919 8435
4 4233 5640 1964 1107
1 8580
3 9429 4980 6327
4 233 73 3484 1635
1 7533
2 6900 2602
1 6261
1 5658
1 9657
2 2557 3445
3 856 7370 3003
2 3268 8330
2 4174 535
3 859 4922 3307
5 2971 8276 5025 2022 5102
1 9850
3 7443 4539 5182
1 330
3 3835 4941 2891
1 8645
3 3695 4147 1638
3 5599 9533 5010
1 1695
3 7812 4770 1312
5 6025 5213 2359 1077 1543
1 6469
1 1777
1 8742
1 7268
1 2264
9 3013 8743 4212 9163 7138 5334 371 2263 8553
2 1211 4162
2 563 3944
1 5595
3 637 6636 1591
1 2134
1 180
2 2558 63
1 2368
1 8958
1 9101
1 6089
3 4675 5948 5157
1 1060
3 544 6431 1709
1 8811
3 4327 3723 654
1 6020
1 6469
1 1530
1 1914
1 5445
1 1669
2 2233 9422
1 4743
2 7800 5785
1 6202
1 3505
2 9497 3451
3 3981 5836 2769
1 9032
3 2876 9351 4251
2 8030 5425
1 4441
1 6584
4 5741 5014 4433 231
2 3005 5600
2 7495 6308
1 9691
4 1301 8423 3486 4155
1 5571
4 3533 3498 58 2144
2 7431 4405
3 5534 5755 4537
1 4429
1 6481
2 6014 4253
3 661 4633 6506
4 1137 9049 5916 7120
1 7655
4 6199 8701 2810 645
6 9849 3821 2334 9772 6177 5506
2 5723 6497
5 8983 3269 3105 4720 7258
3 3657 2721 3030
3 9809 632 7146
1 6098
2 7876 1057
2 1031 8487
6 3703 7463 2194 3808 2806 174
1 6215
1 1148
2 9227 5800
4 9767 2780 4655 4920
1 1153
1 1823
1 4433
1 6374
1 8051
3 9600 302 6451
3 6014 3163 1682
1 4755
1 7528
4 3974 4070 6659 7841
1 7350
2 3222 3764
2 2579 7355
1 4856
2 1928 8853
5 7242 3784 7382 7222 6017
2 6941 4109
1 5139
2 2106 6362
1 6241
2 1162 8424
2 5878 4768
1 5062
1 75
1 2105
2 462 2645
4 3596 9681 4427 2695
4 4843 7622 7635 8254
4 8138 3818 341 4934
1 9196
1 7848
4 4306 5721 5717 6562
3 6623 4852 4424
1 5056
6 436 5424 7287 6592 3724 4152
3 7125 7550 2582
1 5709
3 8913 6526 9769
1 3190
1 1176
2 8708 3713
3 713 8215 6720
1 402
4 5731 8837 7029 2162
2 7468 788
2 4217 2167
1 989
3 2319 8096 2536
1 6133
1 4976
1 5203
1 4405
1 2927
2 4233 8113
1 9689
1 4429
1 6790
5 8314 339 6989 3936 98
2 5153 9893
2 5966 9686
1 3403
1 3178
1 3337
2 9016 5205
2 7052 7498
1 8334
1 1681
1 7380
2 4631 7349
1 1584
4 947 4246 8998 423
2 1298 7976
1 385
1 645
3 273 8083 7255
1 964
1 7866
2 1332 4813
4 5483 8282 5606 4338
7 6593 1298 5849 7601 2168 7118 5095
3 6233 9677 8995
2 8393 6512
2 484 4009
1 910
2 1137 2794
2 9939 6973
2 66 5539
1 7484
3 6302 6047 29
2 673 6393
1 5145
1 4832
3 8694 9055 1416
2 8008 7637
2 3835 653
2 4324 9670
2 2906 3174
3 6860 2032 3751
2 9976 2026
4 1368 3294 7655 2921
1 9420
6 1911 6165 656 4957 7105 7624
1 5432
1 7796
3 3672 2686 3115
2 5109 5044
5 9277 4665 1884 8736 6367
1 1783
1 9985
1 7107
1 1485
6 7842 8751 4595 4935 8897 110
2 2655 2647
2 5978 8836
1 2929
1 1148
2 5319 1708
1 7518
2 7611 7032
1 6174
2 4889 718
1 2448
2 5574 8605
2 7222 5089
6 9977 2571 7795 824 2335 4303
1 9494
5 1063 4105 1949 263 6127
1 831
1 5860
6 6145 2691 3143 9889 3647 8408
1 5411
2 3036 7418
3 6167 6816 6149
2 245 5248
2 4331 3500
2 2448 3213
2 1985 4170
2 6838 2809
2 1486 3300
1 4535
1 465
1 6823
4 2531 7143 6955 3951
1 7514
5 4998 9207 7122 1490 7570
2 3590 8711
4 5128 6619 9519 6361
3 4156 2857 1670
1 1727
1 6065
1 8730
2 6808 861
2 5887 2196
4 6162 6575 2982 634
1 2051
1 5973
8 7462 8498 1071 7350 2640 8835 9295 3290
1 7867
1 6510
1 2053
4 2087 7190 6958 62
1 9089
5 1839 4410 260 5068 3120
1 4544
2 7416 2782
1 4184
3 5057 7326 7549
1 1675
2 3175 7327
3 4827 817 6305
3 4658 7031 6728
5 3419 6440 6502 3789 9139
1 6665
3 2300 3952 4124
2 6378 3800
1 1374
2 5523 5762
1 1099
1 3247
2 6743 8901
1 9256
2 8515 4412
3 8771 4087 7856
2 2551 301
1 1162
2 9227 8957
7 2003 3066 2273 5158 670 1054 9342
1 5440
3 2160 3119 6846
1 4999
1 5326
1 6798
1 2453
2 755 5958
1 8945
1 486
2 36 6772
4 1014 7973 9256 3158
2 6529 6283
2 9463 1634
1 9771
7 3397 7573 6732 7017 5619 6492 5777
1 6929
4 1665 4919 3565 4649
2 1058 7691
1 8998
1 6574
1 5290
1 1698
1 8222
2 4632 1232
5 1158 8404 7331 9640 307
1 2454
3 8729 3053 4416
1 6161
2 1417 7332
4 4322 5395 7736 9192
2 5838 7939
3 4119 5458 2835
1 1685
2 7615 164
1 2858
1 2917
3 7515 1475 3108
1 3886
3 1203 5249 1967
2 6641 6107
1 5202
3 2565 8920 8302
1 7777
1 3485
3 4482 741 3434
1 3190
3 524 7865 8618
1 442
1 3864
2 5535 602
5 9850 8877 2928 2738 9708
2 4169 643
2 4088 2368
1 5773
1 5612
2 8549 5719
4 8134 8393 1048 7838
5 4653 5115 30 2626 6423
5 8926 8524 8162 5173 2805
7 1142 6102 8089 2813 9763 6843 5910
2 612 500
3 9564 1644 8800
2 6913 951
1 4114
3 9306 2474 9796
1 8298
1 6274
1 3166
1 1944
4 1792 1943 8910 3107
1 1379
1 5969
3 4393 7149 5499
1 9273
5 890 3164 8129 1876 876
1 3091
1 3679
1 2900
3 2194 9756 7532
1 5841
3 7835 2795 7204
2 8286 9385
4 1892 9917 3393 8271
2 3083 1088
1 5375
1 4826
3 8926 2740 6892
3 8328 8786 633
2 3360 8312
1 1817
2 1905 772
1 5161
3 6025 2871 350
3 3392 7727 2659
2 8357 7671
1 8920
2 9957 9262
1 8163
1 3377
3 8594 7324 7398
3 390 6137 721
2 4681 9827
1 5226
1 9547
1 2902
6 320 2181 9383 3374 7233 6052
1 799
5 9435 9429 6171 7559 4976
1 6140
7 1746 4629 3760 1549 665 4952 9130
1 6429
1 9935
1 5223
1 773
3 9331 4366 8058
1 6166
3 8098 6597 6559
1 4490
4 396 8796 4589 5677
1 5727
2 3181 3862
1 5502
4 3128 3196 911 1757
1 9269
3 6678 2055 4395
1 4765
3 1811 5866 7600
1 8067
2 5960 4027
1 2475
2 7748 630
2 7359 3370
2 3251 4812
1 8434
2 8866 9862
3 544 5486 3002
3 220 1099 7276
2 8892 8385
3 953 6996 6581
3 1995 545 9647
2 2132 5081
2 9872 3661
1 314
1 2680
1 4309
1 1883
3 7102 1443 5585
1 3229
3 4149 3859 2639
1 9789
1 3590
5 8999 6046 9912 7229 278
1 9581
1 5802
2 1095 6254
1 5881
1 4887
1 6734
1 3874
1 6979
3 4322 1651 5933
1 8581
1 1115
1 6862
1 1938
2 83 4343
2 9797 7605
3 7545 9671 4982
3 1114 8104 8305
2 4753 8194
1 9562
1 7210
1 7092
3 2247 5225 1952
2 1491 3619
2 9263 1752
1 7061
2 3798 8495
1 4061
1 6194
1 1110
1 3908
1 4848
1 7562
2 2808 5091
5 6683 3699 3082 3544 4864
1 1248
1 625
1 7599
1 1736
2 3853 1152
2 3369 3589
3 6844 8402 4389
3 1071 2815 3676
2 6915 7053
1 4928
3 6354 8595 1060
1 3269
1 4667
2 9530 4833
3 8637 1294 3763
1 5318
2 4903 3478
1 9036
1 6817
1 4580
4 3585 5451 9518 5075
1 3945
3 7916 2966 8527
8 3295 7954 8967 8413 673 7472 5601 2925
1 7422
2 9019 8
2 2587 4349
1 4213
2 6703 663
3 7920 7562 5581
1 2878
2 1758 3689
2 6678 9631
2 8074 3890
1 3864
2 1158 6721
1 5103
1 1298
3 4102 1286 288
1 4518
3 6880 9814 9611
2 286 8789
1 201
1 7560
2 334 1509
2 7740 1758
1 2939
2 2703 2493
6 9780 7975 5483 2657 8699 2443
3 7950 5176 406
1 1221
1 5761
1 2644
4 7954 2793 6353 3366
1 7136
1 6068
1 3336
1 3651
2 4704 6433
2 7798 5201
2 5084 318
1 5507
4 2429 4715 3360 2646
1 8070
3 7453 5200 1768
1 8086
2 9494 1829
3 6648 2143 2129
1 9574
4 5148 8988 7912 7669
2 1417 6942
3 5828 4648 8295
4 1663 5342 5582 2200
2 9626 2220
1 3189
2 4101 6887
2 7484 8748
3 3387 8516 9787
3 2869 2662 4719
1 2808
1 4544
4 798 9645 9543 737
6 4704 3634 5476 5130 8961 4001
3 4874 3584 9601
1 6744
2 7326 409
6 2727 628 9759 1075 7419 6724
1 2763
1 4667
1 5145
1 4702
2 6858 2846
2 9313 83
3 2259 6387 2883
3 7307 6859 2324
1 7833
4 3524 8742 361 3875
1 6587
2 9626 8886
2 8534 7910
2 5782 3130
2 7908 9743
1 6161
5 8035 7315 9650 8214 6905
1 2868
2 4213 5654
1 5460
1 5387
1 1192
1 1633
1 427
1 257
1 2428
2 8491 9124
1 2662
2 4483 155
2 4435 7244
1 8929
2 7911 1316
3 4616 1342 1473
2 7674 6574
2 7533 5055
1 7663
5 7659 683 9343 4209 94
1 3057
1 9682
2 5978 8717
2 3507 4112
4 6395 2682 1614 6129
1 5385
6 9305 6430 8059 8505 5302 1724
2 5056 3035
1 9682
3 4417 2995 9746
2 4593 2767
1 3411
3 9234 7402 7769
4 1710 9832 4977 1196
2 9616 9052
1 7961
2 204 2676
2 1068 6786
2 4117 9779
1 6165
1 1647
1 8864
1 5497
1 5386
1 3437
1 3544
11 2150 1386 1568 6823 6773 8172 3118 1491 9651 3924 4264
1 913
1 9184
1 5981
2 7315 4674
1 2055
1 6414
1 8184
4 1246 5819 9527 8226
3 7719 9790 8123
3 1804 3614 3987
1 6991
1 2902
1 8399
1 7283
1 3170
1 2557
1 5410
4 2781 8565 4188 5766
1 6165
4 7137 6442 2191 5349
1 563
1 328
2 9870 5890
1 3251
1 5866
7 4451 1923 4556 8144 2547 9641 9375
2 1951 63
4 8850 7603 6740 7482
4 3498 267 4301 4656
1 7557
2 4911 9292
4 4226 237 5360 2911
3 8881 1439 5324
4 2638 2236 9483 5177
1 7797
1 3458
6 105 7443 9282 2975 5850 6450
2 2646 8575
1 7840
1 2132
1 5431
3 5515 3914 5673
1 4644
1 5422
1 9274
1 5333
1 2706
4 7375 4544 2020 6552
1 9814
1 5329
1 2043
1 9958
6 777 4548 7748 7531 7537 9208
1 4856
6 5741 8912 5642 1018 7560 7473
6 890 3504 6155 2407 1168 1374
1 6841
2 5353 4591
1 4776
2 912 529
2 9337 1466
2 7909 4411
1 872
1 7780
3 1845 5583 7238
1 6636
1 1325
1 3008
1 5837
1 6997
3 1919 360 9597
1 6714
3 1811 9692 8120
1 6248
1 6334
3 3017 646 2836
1 3781
2 4759 4418
1 2957
3 3291 3768 2938
1 6682
2 8708 9469
1 6056
1 3129
2 3993 6043
2 3288 5229
1 9189
2 285 2973
1 8465
2 563 1527
2 1792 7288
1 3838
4 6145 4334 7096 8360
2 9626 4128
4 2252 9638 4277 3834
1 9099
1 2689
4 3981 9975 1362 6084
2 3382 7608
1 4183
2 2828 7321
2 8605 9628
2 7275 5990
2 6094 8176
2 9590 6090
2 5783 547
5 1890 2565 8859 1272 9202
3 9441 217 2343
3 2164 8555 7027
1 1202
1 7152
2 4385 9918
3 3931 7010 2433
2 2033 2811
3 2443 6268 2569
1 2120
1 4880
1 6047
1 956
4 9799 8851 2764 4943
2 3228 5662
1 8520
3 7377 6274 4590
5 8681 944 6677 2120 4289
3 7758 6070 2735
4 2429 6243 4302 6342
2 3169 9301
1 2288
2 5379 7686
2 9943 579
4 2459 5726 7999 2495
2 5679 8071
2 4508 5732
2 755 4502
1 5087
2 425 4909
1 8220
1 3012
3 9585 9720 7504
1 8025
1 4244
2 6016 4945
1 5085
1 9575
1 2521
1 889
1 4497
1 2967
2 3657 2338
3 9656 8174 338
3 2509 330 7983
2 5606 3739
2 8753 9350
1 5709
1 2112
2 3464 9503
3 4468 1183 54
2 1853 2628
2 4117 899
2 2137 458
10 4742 4940 2792 8690 9248 4794 89 6530 7438 5575
1 9885
2 6381 3650
2 2034 1904
3 4936 9714 7247
1 8787
3 3533 6108 7914
1 2899
1 4457
3 8439 5455 5214
1 3865
3 5755 2428 9914
1 9102
1 9287
6 5110 475 5238 1037 2578 8641
1 4954
1 4598
2 949 1536
3 7591 3913 8199
1 7544
1 7250
1 9939
1 7785
3 9699 4018 7235
1 1122
1 9556
1 3425
2 4336 498
3 7506 4190 9729
1 1998
1 4563
1 6934
3 797 3968 3929
2 1092 9876
2 4121 6356
7 7493 9836 7790 97 2467 933 756
3 4233 9755 8223
2 8234 8007
3 6746 3104 2912
1 8699
2 4912 4754
3 1544 9947 4818
1 94
1 2656
2 5817 5547
1 8037
1 2245
1 3645
1 2281
2 3945 1200
4 8393 7119 7583 8371
1 6781
5 6312 9235 9959 1184 8017
1 4230
1 5589
1 7731
1 1580
1 4237
1 7591
1 1379
3 7819 1162 5282
3 7696 7717 4530
3 5554 461 168
3 747 9789 9258
1 5765
1 8319
1 429
1 3746
1 3248
1 7351
3 9556 3653 1444
6 738 5738 44 5078 8257 2468
2 2651 1661
1 398
2 380 5825
2 2515 8512
1 5294
1 1973
3 1258 8391 4639
1 6539
1 5681
1 9566
4 586 6026 5891 4638
1 32
3 8615 4108 9251
1 4498
1 7612
3 7668 3668 8700
2 2007 9254
6 5373 2549 5944 9445 7904 7774
1 2172
3 1494 3342 9990
2 7315 1825
4 1804 7102 9928 6247
1 9799
1 2833
2 1298 6664
2 6993 8668
1 8446
5 4401 9895 9065 5273 3263
5 2692 8212 5655 9623 8730
5 2434 4064 1858 4661 2828
1 2092
1 2275
1 1255
1 7040
2 1493 8530
3 4874 5553 8336
1 3291
4 1002 9267 5804 4164
5 3442 5226 4535 173 6714
1 3135
2 9573 3740
3 2253 6833 9446
2 2003 6330
4 9362 4313 9490 1195
4 6172 1727 2460 2379
2 2145 6292
3 1994 3865 4446
2 4057 2645
2 8398 6078
4 2254 6374 6543 3827
1 6715
3 2388 1411 1624
1 8073
1 271
2 8107 7294
2 8881 6215
2 9938 7539
3 1553 6133 659
1 4208
2 7667 1865
1 6430
1 5682
4 3533 153 2970 8406
2 3330 4560
3 2793 9969 2632
1 4826
1 1256
1 1729
1 8317
2 6523 2787
2 5726 1189
1 2226
1 2607
1 567
2 8140 9536
1 8841
1 4992
1 3549
2 3055 5602
3 9070 7882 3743
4 3533 3633 4365 7733
1 6623
1 2472
2 9631 4485
2 3215 1476
1 4658
1 3534
1 8392
5 8912 3283 7548 380 9287
1 6622
1 3560
1 7642
1 5977
2 2155 7987
2 7716 2229
2 7017 6896
1 8965
1 6854
2 8879 8333
4 4704 3324 9509 6019
1 5824
4 5930 984 2931 3717
2 7083 5419
1 6769
3 8457 6345 2485
8 5456 5929 2459 8352 8146 1480 778 1461
1 7763
6 2287 6134 7067 6976 251 6086
1 5226
3 8138 4252 7516
1 1040
3 5624 413 3126
4 5828 6576 1975 2950
3 844 7714 7941
3 4451 6224 2411
4 3991 7927 7180 7958
1 8869
1 159
2 3061 8687
2 2474 86
1 9429
2 3268 6291
2 6992 589
2 5668 3102
5 8070 3295 7163 4052 1711
1 7117
5 3491 3641 3361 1623 6242
1 1932
3 392 7868 5155
1 463
1 3281
1 6209
1 9988
1 6212
3 5228 5385 4663
4 8812 4950 7406 2699
2 9019 2272
1 3894
4 777 2543 2299 9064
1 7863
2 6167 9298
3 1426 9943 3239
3 3703 8864 2104
2 7260 3638
2 8175 1460
1 1610
1 745
3 1758 3630 2563
1 2730
1 9984
1 6213
2 7559 5885
1 3928
4 5606 2230 4003 6348
2 5441 9288
3 1913 5784 7401
1 98
1 2107
3 4969 8536 8053
1 3110
1 590
1 2404
2 8624 3662
2 1584 2060
1 2245
4 6331 6182 9512 2122
1 8534
2 2865 4960
1 823
1 9392
3 8607 9470 9119
2 9461 246
3 7307 4435 8286
1 5705
1 2611
2 6460 2427
2 5161 4753
1 5641
1 1909
1 3323
2 6690 8054
3 4322 4 186
4 233 5294 1442 8954
1 5080
1 7515
1 335
2 2876 5200
1 740
1 9912
3 4498 9042 3161
2 3768 7783
3 9106 6321 1701
2 9018 8804
3 5895 904 2610
1 5909
1 713
1 8680
1 4700
4 947 6384 5782 9391
3 4463 3420 6711
1 3280
1 9415
1 2403
2 9456 2679
1 3942
2 6635 1802
2 2826 4382
5 9429 1928 678 7737 1633
1 4695
2 2619 793
1 7763
3 2568 556 3149
1 6347
3 4099 9805 6028
2 7537 8020
2 3399 5073
1 6559
1 3847
1 2161
3 6128 6762 5584
1 4593
1 7669
1 461
2 7740 7179
1 9954
1 1670
4 605 244 5701 8496
2 8217 7764
3 8154 5616 7519
1 1475
4 4213 3459 6051 8750
3 2514 5927 5239
2 1527 4692
2 6304 3508
1 8358
2 8676 3243
1 8122
2 6765 4147
2 2330 9181
3 1924 4049 248
1 3039
2 4335 1980
1 4694
1 592
2 5862 2599
1 7575
1 4872
1 9399
2 7497 2669
4 1944 1658 1477 5511
2 9006 6869
1 5392
2 5827 9864
4 8926 3471 8862 2607
3 8303 6980 8233
1 6086
1 9306
1 7462
1 4684
4 5696 7492 4777 871
1 3895
1 8593
1 4556
1 3759
1 4912
3 1340 680 9121
2 1998 6111
3 4209 8822 4134
1 795
3 9952 6410 1204
1 8308
1 2512
2 5364 2139
1 5243
1 1118
3 1087 1084 3004
3 5035 5208 388
1 7051
1 8498
1 1022
3 3179 3512 1747
3 289 4523 642
2 1150 1784
1 3922
1 889
1 3870
1 7737
1 8348
1 5246
2 2221 7098
1 3674
3 6475 9436 2842
2 9755 8108
6 7826 8588 3200 7070 2505 8121
1 6392
2 4124 8934
1 6781
7 9322 5733 8454 2882 1225 1390 7759
1 4665
3 777 8688 3446
1 9556
3 7350 8343 450
3 2194 3700 9871
2 8152 7189
3 496 5664 6300
1 5153
2 5978 4967
1 4654
1 4362
3 8699 6030 1535
2 5211 7466
2 5823 727
1 9857
2 6823 8290
1 9786
3 1496 8207 1199
5 6732 4309 9206 3349 9942
1 1769
3 2380 4025 1795
3 524 2278 6742
1 3750
3 4581 6828 8210
2 4147 9253
2 8662 5108
1 6459
1 9488
1 9311
2 4010 2270
3 6962 6413 7629
1 124
3 3369 9419 7008
1 6246
1 9010
1 4014
2 9821 1782
1 4020
1 4131
3 7397 6012 4847
1 2887
1 6360
2 2730 5276
2 1997 4089
1 3979
1 2264
1 2231
1 8049
2 5438 2923
2 7988 4113
1 286
2 1623 9450
3 9253 4350 8036
1 2112
3 5608 627 7215
1 4131
1 2531
1 2196
1 2170
2 5607 6471
5 8741 925 4503 7432 5745
5 9111 6873 7638 5348 6063
1 436
1 4401
2 2875 9486
2 5782 9367
2 1098 2317
2 3516 2615
2 2481 6925
1 7061
1 3995
2 9147 3482
6 8030 4772 109 7545 8401 3331
5 794 3369 4551 2803 9784
3 670 5501 7901
2 1281 4587
1 6155
2 3995 761
1 9384
3 3337 417 240
2 8985 4869
1 2137
1 5733
2 9170 1424
1 6686
2 4957 857
2 4514 1832
3 2975 1274 4159
2 1400 3408
2 1835 4377
2 6345 8181
1 8129
1 9909
2 689 8778
2 8485 6815
1 3514
1 2205
1 9356
1 1255
1 2953
2 8127 9374
1 2014
2 2269 4621
1 1656
3 4704 6821 2262
1 5868
3 679 9557 672
2 868 2658
2 8201 2546
2 4080 8040
1 5457
1 5844
1 2104
2 8637 2176
3 1892 3326 5083
3 6162 4542 6337
2 9988 2069
4 3044 391 1672 8366
3 7552 5590 6059
5 7407 4608 2315 3670 830
1 5623
1 1245
1 8217
1 6897
1 4632
1 5736
1 5535
3 9147 2455 357
3 4843 2240 2046
1 9696
2 3853 1226
1 9876
1 319
1 6761
3 2317 9826 6937
2 7799 4176
1 6739
1 4718
1 3057
2 7924 6893
1 5736
1 3225
1 408
1 8896
2 9513 1562
1 9331
5 6678 7536 8380 5727 8582
1 6384
1 7719
1 8400
1 6693
1 2143
1 6371
4 9150 8547 2848 3883
1 9052
1 5227
4 1597 6503 8649 735
1 4580
1 676
4 8285 6085 1503 4098
4 7719 2019 7684 8325
1 6657
1 6325
2 7725 3203
1 4599
5 5862 496 4722 4887 3464
4 102 4463 2652 7386
5 7537 8584 3303 2342 6702
1 8460
1 8410
2 4681 8520
1 3633
1 6271
1 3870
3 555 7760 571
1 4020
1 6009
1 2905
4 1665 516 4035 4726
2 5119 9994
2 50 6136
1 2999
1 3880
1 9499
1 1451
4 8138 2186 4232 6003
2 3395 2760
1 6457
2 4484 9913
6 6556 2327 2555 7415 4300 6902
1 9304
1 4406
2 9313 5832
2 7975 8152
3 6775 3520 8279
1 9163
1 7755
1 6594
2 9748 6885
1 6024
1 1474
3 2791 5285 3285
3 9208 6504 770
4 5972 5603 5647 3529
3 6384 5096 9610
3 5131 805 7787
4 7614 1925 3334 2885
4 1997 2392 6604 9751
5 9443 4966 3382 8703 6275
1 5795
1 6343
1 8186
1 3610
1 9605
3 4889 7974 8631
1 4028
1 9072
1 9761
2 9823 2964
4 6129 2894 8293 7317
4 7245 698 5355 4160
4 2852 4198 7924 7844
2 7755 9599
1 3263
2 4234 8953
5 4088 32 9349 4010 9874
2 699 2617
3 8418 6360 5365
1 2164
7 7801 2611 3693 612 7001 7404 2800
5 777 5221 776 5086 8029
2 9849 4791
2 2107 519
9 2888 1379 2404 1376 4226 183 1082 7893 5197
1 4955
5 8299 9773 8133 4243 9515
1 610
3 9984 6924 5869
3 2146 487 5841
1 6010
1 9271
1 3229
1 6989
1 753
1 7783
1 1927
1 9626
1 1255
1 4418
1 7066
1 6722
1 6022
1 7732
1 6773
2 5517 617
1 8903
1 7874
3 4057 5652 9724
1 5534
6 4843 3353 9567 4179 755 1783
2 4502 4004
2 1369 2943
1 2863
3 8850 6640 8095
2 3176 9406
1 7065
2 1477 5388
3 852 1004 1507
4 4422 1518 2827 5122
1 3134
2 628 4846
2 4588 7441
1 3268
4 9434 796 6943 5389
5 50 1464 9667 8157 2437
3 1097 3141 2070
1 6986
1 4674
4 5079 7985 4276 465
1 519
1 2783
1 1608
1 8298
3 7166 7491 909
3 6864 565 1609
2 4456 1725
1 5047
3 3080 9280 490
1 6349
1 1046
1 596
3 3321 1606 5983
1 7470
3 4197 3974 1639
2 6705 48
1 9864
1 5490
3 461 8704 9694
3 2443 449 2283
1 2890
1 4885
1 4099
1 8555
1 7322
1 2434
1 6050
1 4974
3 3135 3094 2386
1 2326
1 6854
2 1336 8359
1 9914
1 2300
2 7102 3793
1 1838
2 4554 2293
3 5731 4256 1216
2 9530 3640
2 6272 6807
2 3408 9339
2 3270 2630
1 8395
2 6323 1567
1 3800
3 6380 9219 7996
5 8983 1197 2458 6897 1901
1 1268
3 50 6752 9792
3 6366 1119 9491
1 81
3 8967 2288 3571
1 2277
2 4344 4031
5 6176 3248 1235 1291 1531
1 7779
8 3568 2209 6589 335 8267 3926 1034 87
1 8988
2 663 2979
1 3774
1 4156
2 4216 7989
3 6498 2068 279
1 6936
1 7395
1 4553
2 4057 3681
3 3150 9869 3381
1 4705
1 9918
2 1047 2516
1 6951
1 61
1 8167
1 8675
4 6963 9205 1683 111
2 4704 3855
3 917 4916 6135
2 6281 2179
4 2963 774 8772 6977
1 9169
2 5082 8627
1 9103
1 5159
3 5370 1303 2718
1 4947
2 69 4800
2 9501 8779
2 4609 6585
1 6622
1 6617
1 621
2 5064 9233
2 2239 9612
3 3710 4748 5407
2 1074 1394
2 5362 2529
1 4280
1 7907
5 9332 8712 1307 1739 5632
1 9640
5 4233 2802 6593 855 969
2 9814 1155
1 9333
3 1923 381 9496
1 3063
1 9193
1 9294
1 7583
1 168
1 1972
1 7891
5 6199 7943 7171 1843 958
1 6855
1 660
1 7980
3 7458 878 8311
2 1410 2567
1 2994
1 9909
2 5336 6528
1 1136
1 8067
3 3227 1441 2687
1 7244
1 9954
5 5535 7696 4877 7063 7090
2 8140 9000
1 391
1 4425
4 3017 9616 6092 8436
2 9909 1487
3 8229 4755 6146
1 7140
1 5212
3 8112 9024 5810
2 5868 4775
1 2397
2 4360 6625
5 9650 3692 4296 6874 1748
3 4653 3990 7006
1 3133
0
1 1917
4 7814 6075 2238 9421
1 1983
2 6395 271
2 7508 8177
1 8461
1 4718
5 3513 5336 2890 9745 1502
1 5546
8 4131 8552 6014 276 9184 9127 4543 5467
2 8830 1744
3 1369 6750 7919
1 5934
2 5640 7942
2 1985 2560
1 8157
1 2142
2 8912 948
2 8033 6851
1 7905
5 2587 6566 5682 25 1780
2 1097 1971
1 1777
2 1673 2508
1 2997
1 7458
1 1787
1 6844
7 3044 1574 9172 7426 5573 1905 354
2 1848 3491
5 7578 8890 3157 8409 7845
1 7264
3 7370 3129 7618
1 3707
1 764
2 6166 21
2 3256 35
1 39
4 9368 3792 5171 1304
1 3874
4 2477 7897 7210 1352
1 4477
1 621
3 911 8272 1236
1 9764
2 3265 6564
1 7294
2 9990 910
1 1167
8 7141 1985 2826 2844 2698 7615 6787 4182
3 4271 574 2850
3 8762 1663 3537
1 8189
1 3535
2 7573 6219
2 3659 3635
1 9880
1 1653
1 3945
2 8729 9076
3 2380 2530 4430
3 4107 4532 7875
1 1848
3 7296 5520 5363
1 5342
2 1153 2841
2 156 675
1 6929
2 8460 5452
2 7493 3902
6 180 6427 9136 638 6812 9140
3 4609 6753 5024
1 872
4 14 9766 4924 7778
3 1246 9476 1188
1 4735
4 262 4937 2854 5233
1 6430
2 4606 5923
4 6529 196 165 8889
3 5275 8066 7621
3 2211 95 5977
1 5589
1 8031
5 3397 9071 6466 581 4472
1 3990
2 976 4510
2 3392 3636
1 6004
2 6429 6778
1 1052
3 8671 387 7834
2 8596 49
4 9918 4231 6722 9520
1 9918
3 1713 8843 3651
2 3769 9116
1 8324
1 4885
1 897
1 2464
3 5158 2401 5284
1 8486
1 7898
4 1658 9898 8519 5579
2 2386 4642
4 9269 2153 548 2345
1 5139
2 9756 6882
2 141 5663
1 3792
1 9236
4 738 8985 2034 8061
1 4220
1 9129
1 698
1 6114
2 815 9442
1 9334
1 8941
1 747
4 3664 6867 4107 358
1 7864
1 7856
2 380 7110
2 1401 5215
2 7551 3274
1 5026
2 5159 6729
2 6151 4100
1 2541
1 8235
1 776
1 5698
2 6863 641
1 2369
1 3940
2 8355 7131
1 9474
1 9380
1 4244
1 1904
1 4961
1 7763
2 7545 8488
1 6865
1 2911
1 6543
1 1608
2 2844 3233
4 2463 9626 7701 8148
1 3539
1 3571
1 9354
2 2907 6287
1 7033
2 3379 1090
1 2890
1 8470
1 1197
1 1597
2 8521 2739
2 1608 9480
2 2137 918
1 1228
4 7323 7876 7757 7414
1 2694
2 3579 2438
1 3849
1 2762
2 1675 3691
1 7724
5 392 8433 8811 4580 5343
3 6593 1998 2680
1 9433
3 5620 8849 3539
1 4535
3 2336 8024 8139
1 2926
2 4857 7796
2 5035 3605
1 576
1 6368
1 7983
1 2779
2 6658 1231
2 3181 151
1 4250
4 8985 8573 5358 2112
1 5490
2 794 3054
1 5204
1 2388
2 8025 5046
3 9253 5830 7934
2 8586 2271
1 6683
1 3407
1 5819
1 6871
1 5346
1 1268
1 5557
1 6899
1 4297
1 2412
2 9232 9992
1 3654
1 3480
5 3291 533 596 5177 7104
1 216
4 4704 1934 64 7794
1 133
3 4994 9081 8013
3 72 7698 5555
1 2380
3 3066 5559 7150
5 9955 8634 6250 4604 4141
2 6053 9185
8 2003 216 7523 8662 9822 2906 815 7908
3 1184 5921 8540
2 766 1495
2 7499 1241
3 4127 3517 5323
3 4217 9274 4831
1 574
4 5836 3435 7518 1285
1 6287
1 6556
1 2048
1 3842
1 7639
1 6776
1 2865
2 4763 7030
1 6251
2 1288 8604
1 5772
1 8354
1 1960
2 2042 6246
1 4933
1 1747
5 7296 1704 6164 1145 5274
1 4483
3 5637 6079 1327
1 3991
1 4032
1 8553
1 6676
2 9015 420
1 5267
1 7015
4 5316 9382 3878 227
1 303
2 2683 4861
1 2804
2 1527 5019
3 4048 791 7348
1 2843
2 9530 7051
2 8505 6218
3 7444 613 2759
2 3993 9203
1 5342
1 4458
3 5581 7111 3084
2 2105 6694
1 176
1 3972
1 7800
4 9566 1699 9177 74
2 7856 7878
1 7820
5 1456 1577 6039 6334 4469
6 5076 3933 884 3027 6358 7991
1 2304
1 766
2 4096 6798
1 2395
2 2019 4039
1 8528
1 9270
3 6629 9945 4884
3 2611 2954 8383
2 6837 3580
3 6880 1310 9074
1 5193
2 7751 7505
1 6523
2 1093 3400
1 6106
1 4913
1 5987
1 8252
1 9350
1 9066
2 9270 2608
2 8858 9398
1 8708
3 2023 5505 3825
1 7390
1 3889
1 5372
5 7287 6844 753 7187 8474
1 2179
2 7801 6605
1 4830
3 3522 3594 9107
2 3375 7044
1 6458
4 7431 8387 7674 9141
2 5548 40
3 1233 953 4273
4 5377 2372 7556 8672
4 4379 1817 9346 9950
3 2182 3385 3970
1 879
3 7595 1474 6858
2 7667 7184
2 8926 8088
1 5180
2 6193 5224
1 8221
2 2003 3869
1 1413
2 8134 4521
5 8162 8216 4294 8936 6805
4 1621 5959 7185 305
1 7908
1 6109
1 6222
2 9111 8900
5 7797 696 3959 4714 5399
3 2036 7265 6674
2 592 5704
4 5090 6878 1734 4034
1 1995
2 9279 9735
1 7264
1 5488
1 3784
1 4631
1 2813
2 4613 9412
1 5021
4 1893 5243 7949 919
1 8352
1 7881
1 6269
1 2626
6 9926 7535 2102 4308 1932 7042
1 4208
1 9581
4 744 8647 7572 2623
1 4271
2 745 692
1 4617
3 7484 7413 3714
1 9643
5 6198 7453 7285 558 4354
1 6059
1 724
2 8997 2981
1 8694
2 1493 3652
1 6402
1 5694
5 3884 9277 4053 3897 6789
5 1789 1366 2385 8763 3192
2 6982 363
1 3417
1 4199
1 1602
1 4609
1 2343
5 6808 5597 1516 6200 468
1 5234
1 2315
1 1217
5 5473 2415 691 5725 2243
5 2810 5608 2702 9456 4058
7 4588 798 3993 6565 4421 6624 5940
2 4169 7208
1 7423
1 3808
4 8429 3235 3049 6257
2 7975 8456
3 7657 5870 4095
2 9202 9123
5 949 580 3523 2353 1349
3 2477 9334 8118
1 4616
1 5976
3 3737 8386 291
2 498 4260
2 5594 3244
1 7229
1 8652
1 3215
5 4233 3852 102 5459 3963
1 7518
2 6419 2232
1 4379
1 8298
2 4933 3786
1 2414
1 8110
1 5708
1 4426
2 4551 2901
2 8112 3024
1 6538
1 3852
1 6887
1 1583
1 4583
1 7954
1 3553
2 7439 6658
3 678 239 1861
2 8003 5900
1 8149
1 489
2 4809 2376
2 145 534
1 8134
2 1220 6249
2 4227 4519
2 2710 746
1 2573
1 8936
2 4789 1078
1 6787
2 1648 8344
1 5733
2 5699 1647
2 521 6016
3 4956 1388 3047
1 9401
1 2531
1 7404
2 3397 7048
1 4338
4 9435 2916 8783 6579
1 2724
1 7515
2 7591 2644
3 5538 8349 1821
1 3759
1 8303
2 9577 1011
3 2065 5378 9325
1 942
2 7655 4959
1 9807
3 5831 3620 4165
1 7401
3 4648 1649 2968
2 7723 5707
1 1946
5 949 2741 8725 2402 3542
2 9555 7209
2 6176 5217
2 4766 6267
1 8660
3 4796 1512 4732
1 2150
1 2181
1 8693
1 9077
2 895 7923
2 5708 6666
2 1408 6184
1 4691
2 3817 7654
1 6007
2 6764 998
1 5048
2 3884 8863
3 7376 6663 7049
3 6649 5080 7786
1 5792
4 1389 5185 972 4205
1 2724
2 8100 5438
1 3800
1 8313
2 7938 3753
2 4200 4032
3 3355 2017 5403
1 5769
1 8048
3 9161 5614 6922
2 5981 4077
2 4974 3106
2 1108 9369
5 1973 993 2629 4653 5159
2 1188 1586
1 4435
1 9745
1 9204
1 8765
1 2541
1 1636
2 7139 9818
3 3481 3569 5982
6 5475 2879 5513 3730 9882 6516
2 8926 6892
6 3866 9808 566 2616 795 3747
1 7067
4 1710 3139 5277 3132
2 5230 9833
1 6526
1 9343
3 8378 1684 7145
1 4410
5 2463 8765 5757 9948 6439
1 4502
1 2917
1 3322
1 4933
1 8848
2 481 7129
1 4510
2 2090 8506
2 3287 3091
2 6025 5058
1 4405
1 4029
4 5307 5396 866 3097
1 6535
1 4987
1 5826
1 2715
3 8634 5223 6210
4 9952 3099 7828 3237
1 349
1 5457
1 7812
1 9592
2 3082 6470
3 1052 6208 6049
4 2323 6077 5846 9162
2 8680 3277
2 4444 4013
1 171
1 3394
2 3973 3731
2 8129 8777
1 3820
2 3240 5406
2 4796 1038
1 1738
1 4184
1 3764
1 9349
3 7242 88 8441
1 6651
1 6797
1 4553
1 6963
2 9620 6615
1 5583
8 4099 9220 9682 3742 8284 7884 8724 8944
2 3003 7337
1 7269
6 5035 9920 9415 955 6299 525
2 2888 7142
4 3852 5802 1073 9526
1 9342
1 8446
1 9312
6 7493 3319 4073 3407 2811 8809
2 3865 340
1 5035
3 1474 6217 7467
2 6181 2373
2 6491 78
2 1775 383
2 2793 7754
1 8664
1 6641
1 5041
2 1612 6125
5 6556 790 6364 9134 577
2 2017 7938
2 1216 7328
1 682
4 4057 462 8002 7085
2 7461 9241
2 254 816
3 738 7561 8636
2 3978 6848
3 6272 4678 1678
1 1474
4 1910 3171 1050 6620
2 916 4845
1 4685
1 473
3 899 6940 4892
2 4885 6152
1 4880
1 2190
4 8033 3287 2247 8780
1 3105
1 4644
6 509 6323 4644 731 5397 5354
2 6474 6637
1 4694
1 8831
1 3872
2 4665 3762
2 1577 8242
2 3221 4196
8 6868 141 8299 2977 4048 4834 3363 7656
1 3613
3 8004 4969 2456
2 6325 2419
1 9549
1 395
3 2134 5295 9690
1 9790
2 3605 3545
3 2776 9704 8559
1 2024
1 6899
1 1763
1 2508
1 3111
2 7222 2258
5 508 7047 9577 4385 7509
1 249
5 7998 9887 2690 2523 6382
2 8340 1654
3 4641 2226 783
2 8488 7455
2 7314 2726
1 5193
1 9016
4 1335 517 3059 2181
2 4824 9541
2 5272 9022
2 536 3707
1 2625
7 5307 8270 4701 8941 4143 6957 1601
1 1612
4 3493 7323 3100 3117
1 9624
1 688
1 3031
3 4223 470 1841
3 583 4740 5813
1 9685
1 7297
2 6757 22
1 9941
1 3701
2 6678 6727
3 4129 5374 7480
1 4948
1 6059
1 825
4 1934 3086 7521 3001
1 50
2 5406 2343
2 9895 7062
3 6006 9782 170
1 2042
1 1829
2 9054 5530
2 1983 5532
3 931 2155 3401
2 5266 9135
2 6243 6527
1 3149
1 3282
4 4233 7859 7625 407
1 1945
1 9753
1 2801
1 3940
1 8128
1 1074
1 5835
6 862 2246 3867 6349 4425 9672
1 2144
1 8413
1 7142
1 6166
10 4658 1888 7905 9433 9012 1926 362 5883 90 1290
1 5235
1 3197
1 7051
4 1742 5463 5015 5645
4 3321 7511 1629 6630
2 6641 9432
1 5698
1 3533
2 4720 2631
6 9887 6122 2173 1125 928 4038
1 8240
1 6627
2 6705 6537
1 2549
2 8926 592
2 2720 4516
1 8120
2 6009 9585
1 1804
1 1788
3 8725 834 7907
1 4098
2 7920 3355
4 3283 359 6192 8328
3 5802 8442 3856
4 1713 3973 6121 6115
1 857
1 4797
5 430 5919 9740 8759 5646
2 7506 6953
1 3967
1 4358
2 7601 9453
4 235 3836 7412 2822
2 2504 3031
4 5705 382 6043 8453
1 7309
2 1944 5192
6 862 6992 2486 2994 2408 1902
1 99
2 679 714
2 7109 3402
5 6331 947 3708 2053 5564
1 9830
3 73 448 4657
2 7706 3597
1 5954
2 9366 9951
4 5057 4135 6738 957
1 5194
5 6198 1193 6908 6110 7689
3 3295 5641 2563
2 4716 3912
1 1534
1 7838
3 7462 2745 4702
2 3577 5337
1 3247
11 3442 9222 3884 8463 4998 4868 1914 4161 5669 2061 2728
3 6794 439 3286
1 8289
2 7171 8081
2 7959 2749
1 4330
2 6696 493
2 7894 7065
1 7756
3 9896 1910 6169
1 3297
5 777 4408 3624 1368 2672
3 5373 1679 8583
2 2078 5164
1 6181
1 7389
2 1815 8829
2 1665 3671
1 1975
3 2873 6716 6143
1 1990
1 7504
1 6565
1 3378
2 8999 8587
1 6586
1 837
2 7076 3879
3 7722 7234 8533
2 7493 1317
1 5854
1 2531
2 852 6945
1 6349
4 5780 6642 7700 6309
2 7249 7861
2 5553 9507
1 9551
5 210 6276 5842 3534 3839
3 774 6561 8826
3 3797 8400 4461
2 8371 1326
1 6846
1 3340
2 2626 8654
2 873 4280
1 5053
2 4278 3438
5 8762 223 6082 5548 8494
1 7217
1 5972
1 531
1 6380
1 9268
1 1201
1 1403
2 2655 432
1 5924
1 8999
1 1600
1 8986
1 3811
2 4632 7061
2 3480 7664
3 5436 4436 3688
2 4703 8981
1 1673
2 3251 5184
2 2560 6008
1 2657
3 2132 9915 1051
2 8192 6818
1 5479
2 8584 2039
2 368 9553
5 3835 7977 6438 1434 139
2 3080 2339
6 8134 4641 469 6926 7750 9153
1 6756
3 831 7368 1432
3 2807 5478 5775
1 8016
1 5346
2 5424 4358
1 194
1 8853
1 7453
2 4798 1903
4 883 9336 8355 9712
8 2355 8055 2945 8986 9321 2224 1818 9701
2 6204 8723
2 4541 2103
1 730
2 14 1064
3 9028 1960 1630
2 7631 9397
3 5424 6277 5873
4 20 7191 9260 4238
2 411 2142
1 7163
1 888
1 2624
3 7124 3005 6927
5 8975 8656 2719 1827 6610
2 6867 8275
3 2086 6371 3927
3 1139 9142 9044
4 509 8974 8892 1604
2 6219 5622
2 1282 9981
1 2360
2 1389 3394
1 9429
1 9876
1 7056
1 8274
1 2407
3 3114 4396 8225
1 4715
1 8118
1 7285
1 3844
1 4758
1 6028
4 5780 386 9312 114
2 4316 4206
2 978 5936
3 8322 983 3479
1 9144
4 4621 8434 3072 5884
1 6719
1 7540
2 2844 5567
1 2309
1 8569
1 9850
2 9649 5174
1 7066
1 815
1 9070
2 1747 888
4 7595 6768 5132 6201
1 7811
1 101
1 3151
1 5604
4 4901 7661 3799 3887
1 8129
2 758 8938
1 2970
1 9981
1 9317
2 4115 2643
3 9957 384 7155
3 5830 584 9666
1 7641
1 2387
1 1238
1 6515
3 505 1583 7476
3 702 2267 514
1 9726
1 2319
1 4350
1 7397
8 9468 7428 6162 1275 8518 6480 1762 299
1 880
4 7523 4401 5347 7101
3 4400 2791 3125
1 6725
2 5075 7197
1 7690
5 1986 1826 4012 2059 6328
3 7426 3253 8250
3 4457 7058 4961
2 4244 175
1 198
2 2170 4000
1 2593
1 2189
2 978 9104
1 6991
2 7388 1415
1 2221
2 5826 2514
3 2609 3310 4842
2 7871 5993
1 1804
4 3866 5998 9093 608
4 6678 7758 3330 6168
1 9838
1 2040
2 4169 3470
2 4590 3893
3 2034 8381 9622
3 1713 7338 228
3 9918 1988 2063
1 3544
1 1523
3 4940 8545 9459
3 1979 2010 5296
1 4974
6 2936 3983 5736 2497 5578 8526
1 4297
1 8413
1 7083
5 1848 4804 695 4444 5907
2 7641 7590
2 1110 1977
1 9347
2 9161 9537
2 4439 4029
3 9811 8160 7373
1 2810
1 6792
1 1688
1 7806
1 5336
4 9028 2878 2557 9777
2 1227 1885
3 1411 7585 655
1 7871
1 7868
2 284 3347
3 710 4407 2700
3 6176 3749 758
1 9401
1 8874
1 4273
1 1038
4 3228 2963 286 4473
1 1549
1 123
1 7887
2 9345 7273
3 1792 2688 4568
2 3758 7320
1 8292
1 9866
1 3568
1 4463
2 7707 6488
1 8554
1 7358
2 9371 3525
1 8537
1 1783
2 9161 8980
1 7271
6 8245 668 8369 7471 5731 2239
4 7513 2496 5097 3728
4 1275 3250 4979 325
1 2847
2 1359 5882
3 6023 4993 5175
2 9736 5672
1 7184
2 5072 2312
1 5849
1 4966
1 93
2 4762 6906
2 5932 800
1 1736
5 8070 1108 4827 199 2678
3 7468 2953 2777
4 6565 6260 4625 9602
6 7423 6662 7920 5117 6609 6114
2 6139 7394
6 2665 511 4002 3322 9747 1391
1 3122
1 9268
3 6429 7360 9405
2 6176 7699
2 6113 7721
5 5929 8188 2664 6668 5362
2 6261 5428
2 3570 4008
1 5581
2 1456 1153
2 6928 1729
4 7222 4739 3148 8072
1 8339
1 4190
2 1125 5618
3 9760 1653 2420
3 3912 6770 8646
1 7997
3 3810 5496 8854
2 5289 51
1 3045
5 1501 7725 6332 9097 4602
2 6028 4905
4 1456 5650 8597 5833
1 6213
2 5620 9820
5 6669 5043 1689 8465 8047
1 2753
1 780
1 3545
2 8626 1350
1 5978
5 2802 7334 1446 2147 3660
1 6632
2 1987 7620
1 4820
2 1930 9855
2 8178 7246
3 5034 1496 4324
1 3177
2 3493 8092
4 2579 2171 2461 869
2 1137 1351
1 7932
1 7483
3 2584 8475 8629
1 7982
4 846 1681 9815 6901
3 3135 6322 3894
1 9843
4 216 4044 3406 8924
4 4737 3377 8805 6453
2 9754 1170
3 2557 3026 5099
1 9942
2 1486 5016
1 7992
1 2827
5 4681 1218 614 5488 8422
1 761
2 1094 2722
1 7905
2 8934 5366
1 8138
1 6099
1 4468
1 8670
2 9387 9396
1 8518
2 7749 7274
1 244
3 8393 8398 5017
2 7242 6207
1 497
1 8833
1 6033
1 1106
4 3656 8339 2400 3219
2 9758 3085
2 789 5237
4 6312 3900 347 7854
1 5755
1 7270
1 5592
2 3137 8685
6 3866 7826 8138 60 1852 3333
1 2313
2 2654 4426
1 2589
1 7411
3 7036 2515 2984
2 5553 345
1 2119
1 7745
1 1397
9 4885 1494 6302 443 5482 7645 688 1086 2708
2 257 3226
1 8537
1 873
1 4524
1 6742
5 3701 1156 6222 9878 9078
1 9121
7 5336 9609 262 3562 6263 1465 9732
1 5868
2 3181 803
5 7758 3429 3555 9559 3858
4 6475 9489 7894 733
3 6271 9323 8334
1 4810
6 7826 1892 3828 9497 1136 5118
2 8208 7013
4 6854 6776 8881 7666
10 798 5705 9230 3876 2500 8470 7007 9774 402 7290
3 6990 3841 8726
2 6678 9124
3 8613 6425 8508
2 494 1261
4 3164 6739 4362 976
2 192 459
1 6484
3 5970 7731 9572
1 4499
2 6533 6065
1 8662
1 6812
2 2304 1659
1 425
3 8607 2076 3826
6 7944 4295 4999 3186 5827 2218
2 1991 6876
4 6001 4685 8872 9961
2 690 872
2 263 993
3 1527 6983 8917
1 2774
1 2770
1 4715
2 4310 4119
1 3589
2 1139 7445
3 4091 2574 4090
1 1522
1 415
2 9984 7726
3 2452 3942 7303
1 2211
1 6803
1 6024
1 6567
6 3981 2252 5257 3481 7220 8278
4 7143 9058 8318 3071
2 2007 6963
1 2560
2 4219 4989
6 4174 611 2849 142 2178 905
1 5408
1 6617
1 2793
1 5665
1 2898
1 9326
6 2114 9657 4096 621 7366 3062
1 5668
6 7203 2469 2393 6294 7393 981
1 7293
1 7821
1 1031
1 6205
1 9651
1 6648
2 2535 3339
4 1514 1956 7753 7968
1 7294
2 7655 8593
1 4078
2 1681 6872
1 5374
7 7400 3232 2296 4561 9669 7211 7602
2 5496 6921
1 6316
2 368 3022
2 4634 4082
1 4974
1 1040
1 6536
1 9822
1 9298
5 823 6971 8821 226 3958
1 2996
2 8456 9514
3 1695 3006 4093
2 695 2972
1 8964
1 4898
1 7381
2 1040 6705
2 8448 2961
2 4129 9166
3 4230 2471 9570
3 142 4298 1130
9 72 2463 3695 6678 71 3166 2863 3417 2439
2 640 3409
2 8742 9653
2 6236 6541
1 9635
1 9789
1 173
2 4969 9329
1 7136
2 505 5549
1 3817
3 2443 4351 4640
3 332 4227 9594
3 7754 6744 9999
4 8136 3490 3199 1297
4 2459 5079 1714 128
2 1997 4183
3 8429 7380 8351
4 3227 4923 710 6428
1 8459
1 6651
2 194 8291
1 3240
1 9248
1 1228
1 5779
1 7864
3 9979 7554 7847
1 3950
2 343 6796
1 164
4 1893 6748 3559 9837
2 8235 5525
6 7495 9695 9047 7685 4554 9960
2 9938 6567
1 4514
1 4136
2 8447 7768
3 2692 757 9085
2 9665 1968
2 296 5679
1 6662
2 978 1497
1 9460
2 3435 7199
2 427 8982
1 5042
2 5991 7021
2 6859 5206
2 2940 2364
1 2732
2 3473 2015
1 7383
1 7497
2 8308 4355
2 608 2609
3 1845 1786 5303
1 8148
2 6129 4494
3 5228 3718 6647
2 1229 6403
2 5740 2320
3 8025 3948 8086
2 8129 4990
2 2029 8203
1 8721
3 1937 18 5011
2 1719 7604
5 3134 1333 7547 1000 7429
1 7817
2 5318 8012
2 3477 988
2 7217 2590
1 3023
2 5052 7054
1 9559
1 1055
1 5354
1 8909
1 79
2 8112 5094
1 5692
1 8336
1 7864
1 1648
3 9891 3916 8561
2 8634 7858
1 3293
1 4798
1 4917
2 2692 7900
1 175
4 4882 4906 3950 4036
4 9566 4202 9392 6898
3 7975 4320 4792
2 7641 9804
2 3427 9428
1 8584
1 6757
1 9900
5 4439 7497 6104 8415 1334
1 4900
3 7338 9386 1213
2 225 9899
1 5292
8 9161 395 3908 7779 9444 6240 7297 5325
3 7551 9534 4612
2 852 9797
1 2327
1 2085
2 838 9659
1 9317
1 6076
3 946 7761 9344
1 2733
1 7210
2 89 4538
1 8831
1 8007
1 9609
4 1472 5533 8904 4125
2 740 8653
4 9801 2829 7543 2280
3 4497 2177 8758
1 7378
1 5940
2 6848 3791
2 3708 607
2 8573 2099
1 2394
2 4099 6150
5 883 7440 6682 8810 317
2 6774 293
1 9289
2 5343 7372
1 7249
1 838
1 696
1 4418
9 5012 637 3190 3321 2035 8987 8103 9593 5134
1 1738
1 4081
1 3332
1 3101
2 8322 2377
3 656 9170 5928
1 625
1 5280
1 2040
1 993
3 8524 6538 8683
1 914
5 9006 8615 7459 2585 2021
3 6199 3663 5527
1 7809
2 7988 8669
1 5733
1 3739
1 9111
1 7512
1 2380
1 5196
1 6014
4 1614 285 5791 6835
2 4233 268
2 3142 8911
1 5821
2 5515 7710
3 9268 3010 6419
2 112 7464
5 6863 2799 2464 7956 6464
1 9294
2 9682 6583
1 3467
1 1225
1 9082
5 9125 7295 4086 2648 312
1 9487
4 5599 4796 6817 230
1 5001
1 3767
8 9955 4598 8027 8973 5234 4085 3362 3582
3 6766 8490 6097
4 3227 2351 6698 308
3 6380 7456 9989
7 9849 3276 7716 2128 5209 1292 8492
1 1092
1 828
1 4084
1 6630
1 8377
2 1390 1542
4 976 6031 7739 5219
2 868 8832
3 9501 1123 4697
1 8286
2 6354 4805
4 346 8824 4379 5315
1 8090
2 5182 2397
1 5767
2 4525 8993
3 4796 5105 1263
1 8319
1 845
1 2667
2 9261 8065
2 75 2562
4 9556 3028 2732 7310
3 6632 3776 8934
2 8276 6495
1 9177
2 3418 6709
2 5882 4793
2 5520 5088
1 2211
2 2007 9767
2 7453 8068
1 1927
3 4722 6273 9171
2 3557 6695
3 6365 7018 6654
1 6188
1 7818
2 9368 2390
1 1229
1 8324
1 5638
1 8582
4 790 4005 3725 3889
1 2036
1 2119
4 1397 2696 8819 9155
1 3560
2 5040 7064
1 5845
8 2692 5535 1340 1798 9322 4970 6013 4432
1 1932
1 6025
1 2651
3 9613 7578 7196
1 2673
1 8409
2 8627 3426
3 5350 5988 4144
3 5441 5681 6339
1 2899
1 7433
1 2304
1 450
2 5025 2707
4 9938 3296 1615 414
3 8743 6375 3922
4 2109 6840 3147 9719
4 8348 9043 5107 7346
1 3938
1 2931
2 4407 3626
1 716
1 7324
1 521
1 8946
4 3270 6029 7851 4492
1 3070
1 1418
4 4101 2922 5834 4711
2 4940 9263
6 1651 6618 9983 5986 7153 5279
1 6500
1 6900
5 7735 3368 3979 4686 4434
1 5034
3 2302 2057 171
2 2518 7045
1 8999
1 4484
2 1916 8202
1 109
1 2362
1 273
1 6609
5 602 9875 6519 5945 6782
1 254
4 1282 5788 7580 4016
1 436
1 4657
1 4767
2 185 9711
5 8231 8131 7241 1774 2840
2 4487 5146
2 9443 3697
2 8634 428
1 5106
4 1130 5656 1251 5893
4 4233 2152 7961 1142
4 4632 539 7461 2197
4 5235 6314 762 6661
2 7626 4883
1 8252
1 936
3 7296 7503 6228
1 9231
4 7260 203 6591 7526
1 8596
1 5376
1 7447
1 1935
1 4770
3 4843 392 9088
1 8515
1 1979
1 4178
2 4558 7945
2 4574 1280
2 8208 7640
1 3741
1 8324
4 442 1600 9618 3829
2 7549 7658
1 5864
3 3555 7374 8925
3 1928 4954 892
2 1775 3611
1 232
1 5350
2 1608 6465
3 5307 8596 506
2 7792 9114
2 8554 1403
1 7532
5 7423 4541 1883 6033 4975
7 50 3664 3040 5278 4051 5290 4059
2 6445 1767
1 9710
2 337 9778
6 8134 1087 6365 5503 7898 466
2 6799 4938
4 9220 1778 4067 5129
2 1162 4750
1 4529
1 2113
2 1254 6554
1 3677
3 6349 7424 3348
3 5709 3962 7121
1 8188
1 9151
1 9212
7 6635 505 5896 4778 5811 6736 9272
2 8688 4279
1 7315
1 2502
3 9135 2512 2041
4 8762 2174 4223 1834
2 4011 7971
1 9113
4 6000 9449 561 559
4 907 5806 5604 5674
3 435 2030 543
1 8822
2 8282 3433
2 7578 6173
1 6940
2 1035 6888
1 2170
1 6188
1 6155
1 1507
4 6041 8244 6607 4490
1 2979
1 9874
2 2401 4403
2 8469 3759
6 6176 8135 8692 758 728 7988
1 2763
3 4719 3340 5854
2 3965 2947
1 2335
4 9977 3422 9637 326
2 3176 5311
4 5329 2441 7749 9328
4 17 838 2674 6467
1 3292
3 9159 2666 502
1 4918
1 2131
3 7944 8301 3820
1 2379
3 1621 331 7232
1 9978
3 4784 5778 6223
1 2087
1 3266
3 4483 5894 1637
1 357
1 4556
3 9767 9086 8643
2 710 5446
1 1928
3 1318 2417 9402
1 8681
1 4906
4 7745 8534 5938 4996
2 4958 9440
2 3087 1201
2 5258 2113
4 1672 2706 9885 1305
1 886
1 9553
1 6134
1 6572
1 2252
2 1662 8650
3 4500 6037 323
1 4613
3 6243 3241 541
1 7606
2 5546 8523
1 3330
1 9409
1 9569
1 6200
2 5336 6380
2 1187 1239
7 8498 5484 172 8384 2154 8473 6842
1 5041
3 2463 6167 7212
2 7708 3267
1 4374
3 310 540 9307
1 4843
2 186 8567
1 7133
1 7508
1 8498
4 5486 3591 5368 2025
1 6214
1 8000
2 9677 1667
1 5962
1 5263
7 399 9193 8782 2470 2098 344 9309
1 4993
1 5379
3 1256 2450 9046
1 8907
1 8120
1 8853
5 6529 1890 7493 7742 6347
3 8578 3069 2066
2 5503 7616
1 2892
4 7975 6515 8613 959
1 1956
2 2194 3585
3 3981 3424 3612
3 5792 6002 1266
4 391 2940 8461 2286
1 8186
1 49
1 4246
1 7294
1 5483
2 8850 6931
1 9645
2 7708 7192
2 6449 9273
1 3522
4 5733 431 9200 6095
1 2253
1 4369
1 4487
1 2430
2 3693 2565
5 5896 379 648 7127 8746
1 7763
2 5495 3805
3 8317 6459 147
2 1930 4903
1 6914
2 4300 9082
3 3967 8313 235
1 6272
1 1229
1 6355
2 7470 7839
1 967
1 606
2 4212 7301
3 9773 3771 4122
3 9839 859 4224
1 1809
2 5594 4865
1 3295
1 1221
1 6230
2 2445 2950
1 2440
3 1665 7887 2235
2 6384 2058
3 9872 3675 8562
1 2071
1 4752
2 417 5874
4 3040 328 8628 1069
1 4889
3 8313 9698 7460
2 637 3074
2 5573 3475
6 1938 8632 7575 1138 6991 804
2 2701 1041
1 3609
1 6502
2 1291 3947
1 9554
1 4896
2 389 6534
4 3292 7707 867 879
1 6945
3 4019 666 2307
1 3806
3 2368 822 7080
8 2802 1690 1859 2297 8671 2872 1530 7936
4 524 3217 5917 9578
3 7138 4763 2898
1 2617
2 701 3996
1 8769
3 6662 9786 7709
1 3560
2 4885 3861
5 1469 5000 4175 0 9275
1 7629
3 4582 1777 7084
1 2706
1 2995
1 6712
1 8039
1 7337
5 3830 8997 6856 3037 6397
1 9715
1 508
4 6678 6962 5761 3052
1 5986
2 2141 9164
1 2233
1 1850
2 8190 9835
2 6871 9244
1 669
2 7296 1625
1 8160
1 7371
2 4653 353
3 7067 5109 6461
1 5637
2 9616 6888
1 6180
2 7169 1837
2 7484 5144
2 1554 93
1 5710
3 8657 8903 4157
2 7103 3735
1 5639
1 1028
1 5777
2 7100 5975
2 5424 4126
2 2791 1257
1 3727
2 6867 3564
1 3104
1 3995
4 5035 9517 1808 7541
1 4971
2 1660 4851
1 5976
1 2752
2 430 9857
2 3585 8125
1 3263
1 7322
1 187
1 9969
3 6203 4522 415
3 5035 8818 2215
1 8960
2 7661 4808
2 8541 6749
2 2946 2768
1 4105
1 4433
2 6191 1315
1 5461
1 7733
2 5998 5706
2 9676 6307
1 2511
1 4760
1 7940
1 9063
3 6799 1022 5433
8 6867 5862 4129 5030 7814 4014 6660 7967
1 7270
2 8807 5572
2 9036 5398
2 5083 6313
3 1472 9664 784
2 739 8150
1 987
1 4901
6 9234 7449 9749 3737 400 7746
1 1057
5 5991 333 460 4774 2396
2 6623 2124
1 9328
1 8173
2 6276 8838
1 3707
1 2564
1 4809
2 566 2198
1 766
1 6793
5 9345 5084 282 880 2581
1 8218
2 740 6880
1 9482
4 5591 8001 6311 2577
2 1944 5812
1 7370
7 3491 5126 4606 270 7514 4450 3461
2 4231 6485
1 7583
1 8209
1 728
2 1368 9625
4 2453 3548 294 3748
3 3656 6580 4838
3 399 8247 5867
2 6714 9014
5 9971 4315 831 3684 1032
2 4400 7023
1 3123
1 2551
3 9319 5028 4948
1 9336
1 6904
4 997 5541 2589 7747
3 4091 6422 4781
1 3282
1 8547
1 6023
1 3672
1 6170
1 2563
2 5546 5684
3 4508 3437 7447
1 3547
5 9939 9362 3036 1058 929
1 3289
1 4565
1 8449
2 5139 9204
1 8576
3 8909 3425 6081
2 8033 7842
5 6192 3787 9569 275 1346
7 1098 2781 5734 314 4245 8576 7298
3 4143 4680 1017
2 9275 2279
5 1713 7944 9984 5008 6613
2 9076 3798
1 3936
3 6766 2660 5147
2 1024 1873
3 6955 5474 8248
1 6215
1 9798
2 6999 6793
2 2898 2510
2 9971 2528
2 5836 2488
1 3328
1 3335
1 5642
1 7937
2 1272 3015
4 1456 9565 1538 7487
1 6678
3 2224 550 9730
1 4014
1 4091
2 5310 8324
2 3817 6521
2 359 6402
3 9608 734 8102
1 7533
1 3974
3 6766 6058 7850
1 7220
3 4035 4149 5952
1 3435
6 5671 6832 750 889 7695 4659
1 7161
2 5783 2548
3 932 2138 9363
1 8859
2 5417 9842
1 7961
2 6380 5865
1 5968
4 7271 6799 875 5413
2 6639 9073
1 2866
1 6605
3 9097 6939 311
2 1249 2575
1 5441
4 2042 4316 5272 4329
1 1976
1 955
1 8329
1 4509
1 5556
1 8274
3 392 2572 5623
2 8478 2110
1 5306
2 8208 7392
1 8361
4 9415 4297 6113 1519
1 493
2 3969 3110
1 1336
2 7775 2195
5 564 4949 6206 2918 5423
1 5877
3 1033 6183 8021
2 9268 5643
3 8743 8572 1965
1 5101
2 8943 7088
2 7706 9374
2 167 7527
4 1456 926 1116 1357
2 2401 8378
1 3552
1 9966
4 6857 9635 7862 939
1 2701
5 1888 2869 245 9147 8602
3 6994 3172 4022
1 2226
2 3884 9268
2 9195 2487
6 6460 5712 6354 250 5298 8788
1 8432
1 4178
1 8435
4 9302 9498 1207 7964
2 8727 1005
1 3493
1 191
1 781
1 1911
2 8336 38
1 6999
4 1167 3864 531 6877
1 5381
4 8098 3991 6569 7336
5 2463 9821 7422 5839 332
1 728
1 4313
2 7784 4305
2 1111 7972
1 1045
3 4598 1814 7978
5 2429 399 2086 8675 5166
4 5128 7577 9118 1763
1 5860
2 2330 5139
1 7282
2 4561 3824
1 882
5 690 209 9605 3673 3358
1 9111
2 6209 1871
2 6457 316
2 508 9918
3 616 5180 5713
2 4521 4682
3 5830 1172 2527
1 6988
2 2267 5690
1 8609
2 3136 47
3 392 2316 8977
2 5039 5154
1 1632
1 3784
2 1995 6571
3 1889 1205 2442
2 813 1827
1 9467
1 8175
1 3013
1 7258
2 3991 7517
1 8352
5 9955 6863 9697 4871 2573
2 5854 6631
7 8231 5750 3316 1726 1146 7074 7364
1 6528
1 6729
2 3547 4918
1 8971
1 7340
3 9220 8645 2184
1 6312
1 4736
1 347
1 4857
1 8086
2 8313 6648
1 4154
2 6875 8044
2 4155 5918
1 4824
3 8952 1987 3320
7 4940 6297 7500 3467 3188 2244 6785
1 1197
2 7431 5943
7 7481 6128 3932 962 5939 8684 7653
2 2094 1001
2 1769 9395
1 5353
2 6303 7263
2 320 619
3 8814 9341 7012
1 6675
4 9608 5361 5121 3492
1 2736
2 4281 3796
2 4713 8458
1 8317
3 6310 8694 27
1 161
3 2799 4269 4594
6 662 2754 9783 769 181 9444
1 3698
2 8276 5429
2 8699 3686
3 60 7254 7679
4 3700 9224 8713 1880
1 5933
2 9821 1801
1 1452
1 9093
1 4217
1 1823
1 1501
1 4365
1 516
1 1762
3 7916 7642 6034
2 7871 1984
2 5309 7582
2 3512 5212
3 161 1220 2130
1 2692
1 9273
1 9627
2 4435 8440
1 3588
2 9689 1570
4 2410 3750 837 4511
1 2453
3 2596 4047 1161
1 2983
2 2341 7718
3 8681 5620 5847
1 7866
1 8577
4 9613 3566 1730 2746
1 3180
4 8321 5333 968 7347
5 6445 9066 366 474 4586
1 1246
3 9775 5196 3880
2 6460 1947
1 7127
1 3860
2 6899 7678
8 9111 6166 4882 706 1935 749 1618 8579
1 1980
1 2404
1 2842
6 3265 1840 8190 7873 8288 6525
2 5061 4378
1 1104
4 2086 2683 2917 935
2 608 3121
3 3865 527 3116
1 9093
1 1087
1 6072
4 6395 8418 6622 2249
1 1041
1 3977
1 6583
2 2992 1906
1 6985
1 4517
1 2209
5 5586 3659 9853 6544 4528
2 8700 9725
1 4341
2 5431 3182
2 141 2875
1 7182
1 604
1 8273
1 8339
1 9188
1 925
2 8463 6920
1 3440
2 1317 6188
1 200
1 8671
1 8134
5 9808 7137 7159 3729 5259
3 6119 9696 4931
2 6408 5268
2 1914 3497
3 4226 8766 2941
4 2586 9231 5390 6437
1 5444
1 9488
1 4178
1 4203
1 3265
1 9457
2 741 471
3 4526 8950 9658
1 1859
2 3319 9023
1 7733
1 2486
1 2792
1 4997
1 478
4 931 8127 8261 1921
1 7836
1 7725
1 641
2 2652 65
3 3593 8340 9279
1 3068
2 6143 4662
1 6610
1 8686
7 281 9285 6650 8156 129 2887 4666
3 4233 9188 9924
1 6508
3 8701 5408 7611
1 4488
1 2573
1 5061
1 9635
3 8201 1375 8338
1 2313
1 8899
4 9176 6366 2663 4744
1 7556
3 4949 2772 8755
2 3504 2825
2 7496 7066
1 5361
3 1068 1741 664
1 6060
1 8023
1 8680
1 7770
3 5499 6156 1295
1 7503
3 9319 8178 4785
1 1137
5 8289 1715 1867 7409 3851
3 1620 6015 9059
3 9216 6967 3023
1 9419
3 9740 4181 3617
2 8263 3920
3 1554 9542 1719
2 2990 6784
2 9461 8895
1 6762
1 3819
7 4616 6774 4210 8043 6252 7903 2937
1 5300
1 3943
3 8223 3956 3892
4 7801 5048 2044 2685
2 7495 5265
1 6838
1 5461
1 5495
2 8565 303
1 6623
1 7375
2 2039 6968
1 7296
2 2250 9930
1 9709
1 2039
1 1117
3 8083 1996 8163
6 6022 1230 739 8970 5772 8031
1 3864
5 2662 7840 2834 7729 601
5 3208 6703 674 8491 2314
2 7634 8158
4 5878 8794 9447 6080
1 7302
4 4482 3378 2051 1100
1 2664
6 3061 5172 3144 3919 4860 1688
2 5373 9883
1 7440
4 4435 3187 3202 5749
1 1222
3 2763 6355 9884
1 8548
2 5786 4765
5 6831 2586 274 9500 1979
1 7789
3 5878 6445 7399
1 6240
2 3122 1468
2 8452 348
1 8175
1 75
1 5736
1 5517
1 8343
1 9460
1 8108
2 9501 6363
5 1987 1501 1101 2703 4584
4 1606 8175 6966 24
4 4001 9420 712 8326
1 9399
1 6106
2 1874 8948
2 5246 2432
1 2184
1 7967
2 9287 8084
2 8412 2756
3 2549 7643 1611
4 6868 255 8287 4904
3 6303 6984 9717
2 662 3975
3 505 9716 5955
3 7203 7751 43
4 5724 7405 3721 7134
2 6425 2248
3 5828 7108 8817
1 4313
1 9767
2 2209 5270
1 5094
2 736 4729
4 1789 4357 1469 4267
1 1419
4 2962 3127 321 2481
4 8138 2637 5410 8969
1 2919
3 1969 9037 9061
2 6623 5740
4 9234 6936 6865 8994
2 4987 1597
1 6849
1 8748
1 4867
5 42 563 5160 9111 3966
2 809 9907
3 1764 8942 1849
2 9988 3271
1 7814
1 5891
1 1227
2 350 709
1 2006
1 6469
4 4053 4199 6 2348
1 5978
1 2801
1 7802
2 5061 5956
1 1765
1 199
3 1379 7723 1459
1 3476
1 5052
1 5334
1 4136
2 8637 1599
1 5831
2 153 8689
3 196 2736 7278
1 121
2 2539 3682
1 1804
3 8729 4870 1436
2 899 9757
3 9821 1148 3075
2 6201 2864
2 2766 8888
3 8765 4417 4017
4 4632 9552 3016 1828
4 9764 5774 2876 2452
1 7530
3 3678 4387 5497
4 706 5815 3940 7312
1 3254
1 4526
1 4969
3 6962 4168 8412
6 1973 6669 5387 3710 8624 6691
3 567 6258 2600
2 8004 2225
3 5476 7391 8965
1 8771
2 3300 2274
2 4271 829
3 9268 6329 1273
2 6203 3173
3 1826 4939 70
1 4027
2 5586 7951
1 974
3 2087 9150 4491
1 2568
1 9232
1 9108
1 6395
5 5079 7340 5516 8771 4263
3 9988 8893 551
1 7868
2 7920 8828
4 8824 8240 8550 1157
1 8837
4 8300 9753 5485 2136
1 7562
4 5307 3227 3008 7995
1 6442
2 292 5023
1 5415
4 2321 6004 995 2556
1 5344
6 8439 3477 7688 4607 3167 9524
1 3299
1 3872
1 7368
1 8833
1 4329
1 5207
1 6404
1 1713
2 443 5442
5 50 5743 2029 9041 5729
1 7896
1 8556
2 570 2350
2 4486 4917
1 4174
3 4362 782 6616
1 2915
2 6904 7136
5 8348 9378 2160 9191 6676
3 9111 7766 1402
3 9388 7240 1868
1 2554
2 2774 5797
1 626
1 4997
2 5097 6288
2 6108 2957
3 5052 5178 702
3 6669 8076 6643
3 665 8932 156
4 194 8732 6628 7319
1 3905
1 7174
1 6797
1 8128
2 1892 7362
1 9576
1 6709
1 4439
1 612
2 9637 2958
1 2254
3 8076 1676 492
1 6410
1 9436
1 6553
2 1267 8056
1 1992
1 5227
1 5532
4 4203 896 6098 7770
1 1425
3 3704 9115 7345
3 6139 1872 6693
1 3562
3 7431 763 4290
1 6138
2 6657 418
1 2995
3 4849 1364 8011
4 2869 7400 4508 7533
4 7497 8874 2865 8885
1 6449
3 670 4495 8117
3 2355 5560 10
2 9962 3496
1 7493
1 4359
2 1672 8063
2 5106 7223
1 5538
3 3866 9149 4829
1 1560
1 9615
1 5537
3 2781 1874 7724
1 4985
1 7431
2 6742 6542
1 1956
1 8694
1 884
4 285 1534 6083 7662
1 5406
1 9887
5 8657 4221 337 6023 8263
1 5770
1 5806
1 9998
1 2201
2 3812 352
5 8428 8738 2323 7597 6211
1 9304
4 1159 5143 6446 6600
1 1091
1 9822
1 9321
2 9799 2067
2 6832 1882
2 6429 5416
2 8164 2266
2 1376 4624
1 1738
5 890 3265 7431 6928 4283
3 8285 9823 2163
1 6665
1 5271
3 496 5281 3877
2 3565 2856
7 1385 2507 3070 7169 2121 4534 5803
1 8850
1 9656
4 7439 2534 7715 3978
1 3990
3 3353 8111 9112
1 7143
2 72 7555
5 4971 8428 7673 6478 5247
5 9788 9151 8039 3777 6985
1 4948
2 9821 6231
1 2634
3 6203 5318 4751
1 1240
1 4419
1 1095
5 6380 781 586 679 1318
1 9377
1 8055
8 4421 9957 5300 626 7097 6824 9723 7829
1 9088
5 8952 8616 1899 478 5060
4 669 8365 9160 4634
1 5160
1 3247
4 5866 3572 7953 7489
1 216
2 4151 9762
2 9023 3960
1 4301
3 5 4192 3238
2 8876 3301
3 8503 676 1805
1 3101
2 4940 7243
6 3493 1990 2014 1803 7167 4866
2 5695 8486
4 7906 6454 2673 3921
1 2023
3 739 1716 378
1 2863
3 1302 1961 937
2 6222 1103
5 1742 8503 5724 8749 3313
3 5954 5357 4487
3 7143 4651 3261
13 6261 1938 7864 2287 744 7940 1258 9290 4011 9384 4942 7003 9296
1 2774
1 7705
4 2977 4525 4356 8845
1 4966
2 3073 8308
3 4896 9146 9967
1 6491
2 5034 4578
1 5570
1 1562
1 8089
1 5117
1 281
2 3758 1033
1 7242
4 8823 9036 5072 343
2 9502 8377
3 4210 8407 2616
5 1811 9591 931 8201 1773
2 9210 6532
2 2346 7201
3 2096 2649 700
3 585 9673 682
1 4026
7 1040 9441 9839 310 7039 254 3367
1 2994
1 2300
2 281 3702
1 9297
1 564
2 9761 2614
1 9637
1 5404
3 3180 3845 4145
2 8168 5686
1 1523
1 1125
1 3123
2 1138 7174
3 4626 891 2157
1 6621
2 6349 1129
2 6462 2436
2 9544 7486
1 2656
2 6583 187
3 1792 9574 5611
2 7766 8501
1 8736
1 3485
3 9849 4816 7630
1 4027
2 7119 2812
1 3729
1 5729
1 5370
1 4281
2 5951 1293
1 2629
2 3221 6708
2 2871 3019
1 7105
1 9415
2 1113 1955
1 2636
1 1006
1 3471
1 9136
2 6432 2635
1 5172
2 9395 6697
1 4886
2 5919 2000
4 7694 4567 7270 7123
2 6523 9400
2 1727 7077
2 2254 8867
1 7795
3 4804 143 131
1 798
3 328 3775 5759
2 2234 8224
4 2698 1144 5895 1313
2 1685 3814
1 4225
1 3030
1 7732
2 5436 4507
2 4500 3600
1 4200
1 6858
1 9210
2 1411 943
2 1486 5638
1 668
1 4200
2 4184 8191
1 947
1 7370
1 4068
1 9872
1 2134
4 5538 567 9648 2983
4 2509 4762 7130 3281
2 9342 16
1 9631
1 7440
2 2821 2056
3 2871 9977 5113
1 3418
2 3242 8382
1 2295
2 250 5925
4 61 5922 7930 4501
2 7205 2303
1 8592
1 933
2 4252 5665
2 8656 7095
6 8365 2624 2137 7933 8205 1440
1 3473
1 8171
1 1485
1 2140
1 4834
2 1667 3613
1 4085
1 661
1 8273
6 2587 9535 7152 5070 3138 8197
1 5690
3 9319 572 7802
1 9161
1 6273
1 7670
4 7872 8658 2222 2483
4 4398 2161 3177 9966
1 805
1 3727
3 2109 2524 2550
5 5599 7448 2310 3519 4173
4 5130 2140 9106 2904
1 4422
1 4242
2 7334 5359
1 2302
8 2808 8586 8193 7719 1881 6777 1766 6829
1 5065
3 230 977 2127
2 8033 7571
7 1472 5077 9472 3395 3947 4458 4506
1 1995
1 9674
1 600
2 7645 5261
5 6593 4061 9652 8348 4247
1 2929
1 5443
1 3957
1 415
1 0
1 8159
3 5633 4926 5069
2 1137 8846
3 8030 1483 7009
2 1205 5297
5 4198 5372 1163 8705 620
4 7833 8390 3806 9668
3 479 2374 329
1 1288
1 8229
1 9280
5 390 8098 3844 4225 8358
5 1695 3453 862 1994 4857
4 3860 598 5125 9868
3 4374 5824 6758
2 6909 1970
8 1525 9466 5991 5289 1820 8558 9452 5844
6 8905 6272 9688 6946 4323 950
2 6551 4671
2 5441 7587
1 4575
1 4026
3 8821 2895 5492
1 4019
2 990 5960
2 276 2897
3 9322 4527 2914
2 9853 5140
3 2819 2004 5382
1 7425
1 4060
1 3745
3 3538 4341 657
1 9343
1 7147
4 4604 9297 6021 3815
1 5094
1 2878
1 6515
4 7537 9389 1208 501
2 1632 9828
1 5004
1 7220
3 7323 9152 5199
2 5989 8865
1 7294
4 1514 2088 9001 7946
1 917
1 334
2 8437 4707
2 8821 9091
1 9788
2 706 9976
3 4809 45 5744
2 516 2027
2 2890 367
3 2657 5119 4158
1 8004
1 7600
2 3724 3095
1 2785
2 8142 2605
1 3911
4 3701 1091 9048 8184
2 7865 3719
1 5705
1 8322
1 2349
1 886
3 1272 9098 7993
1 3870
3 5837 8569 23
1 7569
1 4499
5 8762 6025 6972 4509 1920
2 8892 370
1 4606
1 883
1 769
3 8872 322 8744
1 3948
1 2646
2 8823 3833
1 962
3 7595 4611 3234
6 6204 6429 7781 4078 3380 5186
2 4923 6159
2 2654 2261
1 3270
2 4271 5322
2 4329 56
1 462
1 9698
1 8404
4 9591 3419 9737 1449
2 6743 7026
1 2206
1 6953
1 9376
1 6502
2 3638 3711
1 5894
3 438 8757 8045
1 7591
1 2885
2 2809 965
1 8550
2 4667 6494
1 6658
3 9227 6563 7016
2 5535 351
2 9983 7490
1 4051
1 3068
1 8246
3 4598 2096 1244
5 9210 5768 5542 799 9408
2 1798 2997
1 2177
1 1913
2 5301 8416
1 1981
1 4267
3 6381 8109 5551
1 5333
3 2744 4583 5524
1 5311
1 5000
2 9488 9881
3 8711 1029 4683
3 798 85 8630
1 8824
1 1386
2 7252 7948
1 2955
2 4551 6476
3 4091 808 3384
1 9454
5 6529 3224 4102 6731 1860
1 8276
2 1916 8403
1 4405
1 5843
1 2806
6 4217 105 7221 7141 8429 2929
2 4524 6540
1 9433
3 3758 7586 2606
1 8430
1 6565
1 3177
1 7210
1 4949
1 8843
1 993
1 2657
2 776 3272
1 8299
3 2868 1115 3152
1 9712
4 5152 940 2976 8590
1 2917
5 4169 5047 6067 4266 3350
1 669
1 8359
1 9874
1 2434
3 5461 2391 4900
2 5738 5188
1 2726
2 9898 9538
1 3759
1 8027
2 3289 3103
1 2154
2 2026 7680
2 5754 860
1 4069
2 5039 4925
3 5679 3390 1047
2 2114 1126
2 7551 3666
1 1724
3 9780 495 6970
3 4338 8316 3214
1 626
1 6553
4 2813 6947 2011 6582
2 4956 1532
1 7965
3 9030 122 410
3 8190 1772 2182
1 829
6 5126 5995 3386 5415 4888 4285
3 6310 9825 2694
5 4117 442 8200 7283 6820
1 9313
5 2962 3266 3209 1185 5203
1 411
1 6410
1 2474
1 1533
2 9870 6675
1 609
1 1398
2 9581 3058
1 2097
1 9877
8 2509 66 5612 281 9338 3487 256 5853
1 6785
1 5243
1 8371
1 9976
1 778
1 7500
2 5400 3850
1 4764
2 188 5875
2 7484 9687
1 9809
1 7908
3 7124 8265 5639
1 6835
3 3033 6386 5912
3 8988 7687 67
1 315
2 3092 8389
2 8946 2537
1 649
1 1441
1 1267
1 639
4 4872 3886 8459 1079
1 9059
1 9513
1 5354
1 2252
1 415
2 4619 5773
1 1160
2 3554 1717
1 4722
5 6272 3573 2305 4505 5968
6 2511 3561 2824 9965 7311 6718
1 1958
2 9998 6094
1 2439
1 1217
3 6741 514 7849
1 125
1 5642
1 4308
3 4001 7820 8165
1 2179
2 7037 8145
3 2551 5863 9586
1 8329
1 7038
6 5743 5592 6469 9467 160 5036
1 5962
3 6649 9143 8484
2 8790 6771
3 8690 5170 5931
1 2568
1 2013
2 1301 7711
1 4554
1 6016
1 182
1 8783
4 8463 864 5493 3249
2 660 3794
2 5181 3088
5 1614 5461 5595 2939 1797
2 5258 975
4 42 6960 1253 6068
2 8344 1413
1 4874
2 5029 1065
3 3568 104 7091
1 5085
1 903
6 6445 1939 644 1962 5801 7623
1 4025
1 3121
1 9441
2 8112 8105
2 9957 4092
5 7462 6868 3055 4610 9615
1 6322
1 6667
1 5986
1 7842
2 4398 355
3 8690 1989 8543
1 1096
1 787
2 9554 4623
1 5337
1 8710
3 7591 1187 1191
1 4474
1 6666
1 7663
3 757 4062 6032
1 2209
1 442
1 6294
1 4914
2 8393 7544
1 1996
5 7500 1541 389 725 3403
2 7407 1059
2 8485 4972
1 7176
3 2179 5216 6286
3 3218 9223 8449
3 3264 7632 7237
3 9036 8931 1613
1 1991
1 7533
2 7249 5670
1 1617
2 9609 2166
1 346
1 2089
2 7224 6626
2 8518 915
3 5156 4391 6225
1 3991
1 8044
1 7573
1 4985
1 430
1 5399
2 9805 212
4 7916 6100 2833 3773
1 6904
4 5603 8848 7634 9588
3 2045 3997 8880
1 4158
2 3461 5518
7 9006 5152 3563 9799 6325 2206 9250
2 2692 8875
2 6592 1590
1 6045
2 8380 4626
1 5220
3 1288 7304 4015
2 8619 4688
1 4187
4 4854 7508 9831 3896
3 9305 2771 8639
2 6332 6546
1 4707
1 5947
2 2813 3631
1 5620
1 198
1 6540
1 9248
1 1625
1 555
1 7412
4 8463 650 6205 1377
1 2579
4 8229 9176 6373 5914
1 5045
3 6725 1182 393
6 6696 3251 4069 544 8091 3712
1 9795
1 868
3 2311 9764 2980
1 1765
2 4272 6797
1 2039
1 6296
1 3529
7 3866 9791 9434 8775 6336 4499 4255
1 3504
2 4738 4652
2 773 7777
2 5475 9259
2 1383 219
1 5506
2 642 5114
1 6599
2 2501 2214
2 2161 7351
1 2876
2 9756 6680
1 9378
1 3928
4 5343 606 188 7947
2 2333 385
1 6374
3 4876 6071 5615
3 1658 1284 1978
2 3429 8598
5 7851 9015 7697 4258 9901
3 9669 8090 2478
3 8306 9617 1093
2 3397 1896
1 8732
2 5006 7772
3 2042 7202 6531
4 3442 6181 2087 3657
3 8946 9958 3259
1 8083
1 7558
3 2311 6781 1520
2 7639 1007
3 1695 6573 9122
1 5962
1 8502
1 8765
4 391 1493 9575 8237
1 3269
2 3790 5420
2 496 8421
2 5072 7157
1 9401
2 4500 4984
2 4336 5666
1 1104
1 7461
3 5376 1891 1409
1 8067
1 4046
1 5884
4 1875 9045 4660 3431
2 4971 8374
2 2154 8599
1 4080
2 8816 6066
4 5612 3430 1753 2853
10 1859 2845 7376 8208 5786 5319 5715 2040 8471 9964
2 3866 9752
1 3479
1 6513
2 1370 4186
1 5899
2 7287 3767
4 4179 4893 146 9606
1 5516
4 971 4913 4536 6891
1 9513
1 8975
3 5052 2969 8648
2 1948 2597
1 4092
1 8221
3 7540 5418 8426
2 3325 8388
6 7024 8048 2234 7665 4066 4180
1 4267
1 5897
2 7391 1575
1 1411
1 9457
1 4763
4 5529 2448 1585 4673
4 9011 6447 9676 3965
1 5668
3 1269 4042 4724
1 1049
1 7515
1 4925
3 9172 1621 7354
1 798
4 738 5926 9089 3223
3 3903 3669 6295
2 2017 9158
1 5307
1 5000
4 4500 5232 9425 4745
1 3964
1 2788
3 532 5974 2180
2 3956 6489
3 825 1546 6477
2 4508 1863
4 5836 5897 7641 4529
1 7717
1 7531
2 7403 1194
1 8632
1 3818
3 6389 6862 5545
4 5887 9460 1131 3733
1 2655
11 4704 4422 5246 6683 4142 3208 2413 2319 9642 4618 5394
1 7346
1 6577
3 8637 6834 6747
3 4835 2612 119
6 6678 7069 2380 1002 53 3680
2 7142 7963
1 11
2 1322 3146
1 9498
1 1852
1 993
2 1690 2944
1 5836
1 8159
2 5922 3212
1 3751
2 4924 8114
4 6556 9072 7081 4239
1 6096
2 4887 573
1 1082
1 7450
1 1071
1 3229
2 5727 2409
1 9923
5 4699 1036 3356 4187 8243
2 895 9904
1 6843
1 6085
2 4916 5906
2 7391 1433
1 2963
2 8154 5240
1 285
4 2802 5345 2603 1262
5 9243 1158 2814 1660 463
1 4252
1 1476
1 6430
2 88 4363
1 2049
1 2416
2 3577 3312
1 9926
1 2467
3 1386 6555 4402
2 1488 677
1 4142
1 2178
2 3612 5519
1 9860
2 6325 1105
3 2209 3080 7613
1 8843
2 506 2352
1 8335
1 5052
1 9429
1 4223
4 4621 1055 3198 775
1 2559
2 41 6435
3 3083 4603 5947
3 509 6282 2187
2 4717 2465
1 8711
2 1203 2730
1 6681
1 4735
1 5293
1 3495
1 6768
1 3389
3 3555 8077 9411
1 6775
2 1281 9316
2 8688 4311
4 173 4802 9117 4139
1 6201
1 7296
2 9885 8716
2 8363 3195
2 2983 5703
1 1693
2 8339 3961
3 1764 405 3001
8 9435 4886 8234 5404 8300 1813 7218 5379
2 8085 8277
4 4374 9387 9199 6751
4 7659 7773 2867 8016
1 4519
1 6448
1 2204
4 2531 6917 3315 9545
5 5705 8439 8100 4836 8661
4 862 3256 1636 6754
2 4615 3716
2 6172 7425
3 3573 1656 9710
1 9311
2 9384 1140
3 6597 3060 2743
1 4985
1 426
1 5701
2 5535 6396
1 2522
3 3533 166 3917
2 7947 1499
1 3852
2 8985 2064
2 8970 9271
2 6960 4447
2 5384 5328
2 8627 4234
1 438
1 4733
3 6561 5902 4043
2 3762 2199
3 5417 5040 5306
3 1789 9903 639
1 9373
1 944
2 1658 4650
1 8114
1 3811
2 1875 840
1 3380
6 6919 3860 2159 8430 9854 6986
1 7226
1 488
1 1585
2 3554 4628
1 7670
1 7365
2 3156 1793
1 2140
3 4882 2399 9129
1 4304
1 6889
1 6382
2 3166 9934
1 9246
5 2531 3077 1791 7140 2149
2 5998 8551
1 80
1 1911
1 7939
2 3085 1800
1 6172
2 186 1053
5 9319 6850 5741 7375 8329
3 5408 5967 851
1 2805
3 6681 6849 8745
2 4867 6409
1 8075
2 8662 3769
4 7932 2145 8542 5711
1 962
3 4957 257 1171
2 9200 2588
1 5128
2 2254 6707
3 3788 2387 3511
1 9577
4 2196 1628 1306 4275
1 1827
2 4077 4830
3 6834 7581 5789
1 6831
1 3502
1 9318
2 8709 297
5 9626 4615 1513 3371 2861
4 1174 8476 3454 1437
2 5243 8793
4 661 5454 852 9861
3 3802 6116 2472
2 2475 4752
2 8607 2105
1 7543
3 6675 1545 2358
4 5515 4874 3618 1619
3 7143 3346 1646
2 5787 3629
1 8829
6 3605 5307 4337 5275 7361 8761
4 6475 4099 1068 5767
1 3014
1 404
6 1012 8310 1111 3683 5252 8167
1 4679
1 3123
1 3480
4 1789 5531 9813 6894
1 4633
1 5473
1 3820
1 7069
4 5331 2421 3770 9678
2 1042 1164
1 3592
1 9981
1 7578
1 3260
1 1294
2 2456 3898
2 5067 5260
3 80 6819 1894
1 9609
1 6632
2 2281 3992
1 3201
1 6875
1 8231
1 2859
2 3387 3185
1 4797
5 9282 3687 5598 4110 9
4 9896 9973 1919 4973
3 4550 9201 1309
1 3251
1 7645
5 7069 5352 5886 9294 6524
1 2484
1 4494
1 9844
1 4225
3 8602 994 6202
1 7459
2 347 1561
2 7404 1355
2 7307 2257
2 7036 5183
3 7250 2389 1420
1 8095
2 6773 7776
1 9391
5 9682 6808 8971 19 7050
1 5631
1 4682
1 3977
1 9183
1 3299
1 3130
1 4310
1 4335
7 5972 1173 9154 9925 4513 7501 886
3 1215 2210 3551
1 827
2 5167 8915
1 479
1 8182
2 9535 2723
2 6972 8752
2 5787 3404
2 3196 9592
2 1881 7033
1 5421
2 4084 5066
2 829 2024
1 2451
1 3335
4 9135 8830 8037 850
2 4265 5222
3 6204 8949 1020
1 6374
1 7586
1 8413
3 1386 26 820
2 1472 3412
1 9214
2 4204 6284
2 8372 9330
2 2150 5381
1 8291
1 4129
1 2168
1 7837
4 6462 6792 7765 7289
3 108 8858 8625
4 5246 9376 5835 3092
3 4655 4045 3416
1 1648
1 7002
2 5756 455
1 5696
2 5717 814
1 1764
1 6370
4 4691 7300 942 8180
2 6261 6935
2 2093 1550
1 7451
1 7599
2 2871 486
1 3420
1 8536
2 9060 2354
1 3018
1 9099
2 593 3854
1 4637
1 5768
2 5987 5617
2 6808 3338
1 7035
2 8301 5498
3 2065 3304 7488
2 7423 4617
3 5213 2542 4414
5 4213 1770 2886 178 7446
2 8344 2789
3 9952 5457 8069
1 7549
1 2333
3 7976 2601 9580
1 9691
5 9558 7528 8592 5384 5472
1 8389
3 3291 7955 9471
2 801 6965
2 6025 9911
1 1123
1 295
1 3481
1 4616
1 3094
2 6190 898
2 2644 9495
1 9335
1 5544
1 4614
2 266 8222
4 9443 9215 9693 3736
1 6296
5 2209 2859 9761 1418 7214
1 4925
3 7463 9715 848
2 9542 8620
1 4751
2 8475 1462
1 5347
2 7149 6641
3 8240 8622 684
2 6282 9795
1 2640
1 462
1 2051
1 3718
4 2178 9004 1143 1750
2 2126 1363
3 6938 3639 9750
1 9851
2 7523 6987
4 7748 4593 7217 6914
3 1139 6441 1264
2 1448 6444
1 6050
2 9426 2797
1 9538
1 3835
1 378
2 3793 1076
1 4977
1 391
1 4115
1 3926
1 3964
1 6919
3 3744 4177 3041
2 1173 2072
1 2389
2 4778 7965
1 8524
2 1651 4347
1 8782
1 4407
2 8469 1321
2 7693 472
3 4295 2371 3131
1 4150
2 3467 9571
1 4938
2 4240 3327
3 5683 4370 3311
3 2871 3994 5258
1 1348
5 6683 6904 6879 7107 152
2 3057 9529
1 77
1 7212
2 9306 215
1 5517
2 1775 9843
4 8656 8781 4260 9931
1 6101
1 7982
2 337 9034
1 5225
1 6696
1 7799
3 8690 4438 2866
1 5237
1 4073
1 8834
4 7493 8831 9113 1788
1 5447
1 1866
1 3467
1 6466
2 566 2367
4 566 9873 7477 1481
2 8304 7272
1 6144
1 2624
2 5998 8115
1 3053
1 8356
2 8912 5271
1 4400
4 2785 2341 9227 3375
3 368 5267 7980
1 3693
4 2109 6087 9561 376
1 504
2 7069 2117
1 5774
2 856 4216
1 3608
2 3750 7877
1 9416
1 7229
1 7801
2 213 9922
1 8605
2 637 2889
1 2087
2 2742 6078
1 1992
1 5048
1 2152
1 6099
3 1265 4335 6408
2 9305 2043
1 1101
3 5178 5596 9851
1 8999
1 4007
3 6129 1122 1149
1 3621
1 9066
2 478 5136
1 5772
4 9436 7293 179 842
3 5886 2435 4712
2 5637 2551
3 1944 1332 5228
2 7151 3989
2 6823 3474
4 6331 3533 8466 973
3 4052 6684 4172
5 2150 6864 4654 6024 5984
1 7691
1 3999
1 1999
2 182 6221
1 8719
4 2267 7024 9921 9013
2 9518 3700
2 883 7139
2 6155 2642
1 4971
1 9729
2 4386 7369
2 1068 7568
2 6607 847
1 8470
1 5637
2 7335 8259
2 7668 5409
4 1193 7166 9539 7823
3 2888 7257 4332
1 1675
2 8666 9661
5 7162 8871 9394 3345 7538
2 6014 9858
3 8355 8606 1128
2 5978 5262
1 9193
3 3453 4236 832
1 1807
1 388
2 6064 5901
1 9269
2 9837 6501
1 1042
1 152
1 2987
2 2879 280
1 9125
4 9631 1322 7892 5625
1 8215
2 3803 4489
2 3812 7387
1 9168
1 3788
2 8285 7275
1 3067
1 2168
1 4330
1 5169
1 7595
3 1888 9595 723
1 8200
3 4944 8116 906
1 4403
2 738 9132
1 4748
1 8348
1 6046
2 6592 9902
3 8983 5771 4667
1 2275
2 1243 6140
1 9590
1 1805
2 3867 1685
1 3946
5 3524 1104 4819 6338 2366
1 4681
3 5130 9493 7072
1 8670
1 7017
1 3116
1 9998
3 7036 4776 4282
1 6766
1 7996
3 4653 5405 6229
1 6331
6 2023 4514 1179 7567 4114 2131
1 5938
2 477 6513
1 9615
4 8999 7708 426 6809
2 7539 1425
1 7833
3 2346 7113 3881
1 7372
1 1132
1 5092
3 2300 9817 8166
1 4261
1 2715
2 7462 7593
1 6504
2 2596 9094
1 194
1 5889
1 4992
5 346 2023 4575 4041 6040
1 6013
2 2497 3465
4 7249 1581 7984 3282
1 4540
1 2696
1 9004
6 7790 7245 4268 7801 6508 4839
5 8699 6915 7744 8626 2712
1 7349
2 8329 6320
2 8806 253
1 5558
1 2082
1 9555
2 7163 1417
3 1997 5512 7822
1 9793
7 605 9581 9880 2907 5006 7407 36
1 7610
1 952
1 5542
3 8434 3515 3823
1 3818
1 7545
2 442 8894
2 9929 1942
5 7663 844 7377 7378 4050
4 6099 4585 5308 802
4 8680 5417 1265 4481
1 7094
1 4467
1 4572
2 7188 2634
1 2331
1 1233
1 5817
1 1220
1 8632
1 289
3 8905 5487 8813
2 6382 2545
1 8937
2 3844 4353
2 9887 8514
4 2042 9564 3788 6629
1 2622
1 6960
1 4616
1 8178
1 9209
5 7135 8899 4668 9413 7305
6 2818 5165 4676 9944 6232 3530
1 4880
9 9070 1560 5004 3547 1074 3727 5718 6759 5254
2 4809 4138
1 5373
1 7784
1 6971
1 5192
2 8973 5730
1 4648
1 6535
1 7293
1 9270
6 8076 2936 9935 6913 2475 8754
2 7338 7437
3 7737 4211 8976
2 4912 206
1 6430
1 5831
2 9642 8731
2 1314 4121
6 2484 9793 2784 2535 5054 590
1 7635
2 3281 549
1 299
1 5899
3 4469 9940 7385
1 2632
4 8030 5286 3365 57
5 4131 3649 52 222 6230
3 2294 7896 4963
1 9926
4 2174 7735 826 2466
1 2176
1 4071
2 9649 7825
1 1013
1 2219
1 2223
1 8678
2 4535 6170
4 9624 7160 715 159
1 5475
2 4049 5242
6 4428 4806 8074 8574 7308 8827
1 7966
2 5854 5522
2 1521 9348
1 9891
1 7637
1 8921
1 5921
2 4958 6679
2 5591 8511
1 3742
2 2076 7251
3 2164 3065 2018
2 6575 2761
2 1019 9505
1 1439
2 6655 936
1 2020
1 182
2 7999 7579
2 943 4476
4 7483 31 2326 9492
2 4505 9324
1 6867
1 5904
1 1614
1 5517
2 9113 6814
1 4665
2 382 1838
2 4312 5871
1 7155
4 1924 3516 5335 6124
2 7551 5256
3 4838 8392 7230
1 4445
1 5024
5 6831 2579 5716 900 8870
5 6623 9608 1657 3964 1277
2 7269 2654
4 7269 8093 4828 7922
1 7613
2 4721 2075
2 8577 4698
2 2023 8051
2 7800 4756
4 1663 9169 1118 9096
1 7320
2 3228 9910
1 7185
2 8122 4415
2 8800 4248
2 8624 3785
3 5839 6710 6644
2 5434 373
2 4667 9416
1 4501
2 8721 3405
1 7969
3 8136 4397 3101
2 2294 810
1 5743
4 5929 4681 7730 9214
2 2919 3941
2 2517 1283
2 7611 6672
3 3291 6912 3925
2 5772 7589
1 2899
4 7260 6499 3181 1887
2 267 1721
1 5694
1 9037
3 9788 8737 4592
2 4208 6550
1 3842
1 3649
1 3251
6 1554 8764 161 2172 7705 1006
1 8952
1 2139
1 2467
1 8973
1 9995
4 5476 2405 1360 9649
6 9435 4500 5034 6990 9303 3868
2 5047 8964
2 6777 6216
3 3512 4406 200
1 8890
2 4398 8298
1 4772
2 9172 9558
7 5972 1986 8663 5537 3795 5946 5924
1 3122
2 238 4951
1 1905
1 9332
1 470
1 7308
1 2692
3 392 5981 3903
4 4835 8594 5735 6132
2 3333 8273
1 9332
4 2568 1028 9590 1930
2 8028 3746
2 4643 163
1 6992
2 5362 5009
1 6166
3 5316 8710 7986
3 8701 6700 1712
2 794 6974
2 0 195
5 3844 4319 4921 2445 8825
1 9177
1 4120
1 4888
5 9906 1227 1359 9016 372
5 1727 3457 8838 1127 3509
2 4856 6910
1 5210
3 4999 4074 6612
6 6475 2164 9971 4230 3021 7236
4 2003 7595 108 7019
1 4873
1 886
1 3074
1 4060
4 1909 2052 221 4498
2 1559 1026
3 1501 3354 5189
4 4482 7745 705 7805
1 2404
1 2586
1 8766
3 7518 8018 7799
1 4392
1 7093
1 1357
1 1428
1 4143
5 821 669 1554 5538 7667
2 2559 9057
3 8423 7359 4547
6 8699 6405 2457 3842 5263 2095
1 350
2 6069 9702
2 5393 8451
1 6989
1 6004
1 6298
1 3345
1 3023
10 5152 2727 7612 8485 1336 4057 4262 7087 5935 3553
1 1523
5 8517 8693 4737 1981 5710
2 7685 5683
4 4804 3012 5930 4757
1 2072
2 7540 3706
4 5535 9554 6498 6401
1 6928
1 8078
4 5004 1573 8315 5691
2 2670 4254
1 3772
7 9590 8991 1175 1592 9178 4204 2720
3 9111 7906 1109
4 6538 3488 5137 8674
2 4115 8264
2 1246 9768
1 4179
2 449 4863
2 7819 4483
4 5336 8296 7 2151
6 949 2231 2948 6653 3930 9946
1 2873
2 5513 7927
4 3710 7475 2125 3885
1 2992
1 9113
1 4147
1 9754
3 3703 4400 7035
1 9528
1 8967
1 5006
1 5449
2 6999 2016
2 1012 7644
4 1092 9665 5829 9660
2 2584 6671
3 2273 9579 5033
5 5929 2502 1918 6507 5402
2 8035 1044
2 3835 1733
2 3208 1221
5 2584 3229 6226 79 2978
1 7166
2 2820 7227
5 8361 4364 6639 7499 8673
2 5278 754
1 9223
3 4826 6861 1405
2 6496 2711
5 3134 427 2362 3628 7266
1 7899
1 4772
1 2852
3 2174 5022 6995
1 2043
5 9609 7371 4810 3610 6368
2 8198 3180
1 7782
1 4731
1 5985
2 3798 5680
4 7599 1289 974 2561
3 1112 6596 8196
2 2302 2915
2 2586 2424
2 4076 7792
3 2410 5861 2378
1 1209
1 8953
3 9095 7960 8405
2 9376 553
1 7222
2 7156 9819
2 80 6259
1 2152
2 6175 8571
1 3838
5 2209 3538 9713 7803 6518
1 537
3 5213 8075 3009
1 8976
2 5484 9372
5 4944 3514 5065 9056 6884
1 7357
1 4987
1 6849
1 5572
3 2742 3449 5338
1 1184
1 4453
2 6334 6948
1 6206
1 8764
1 7405
1 4440
6 1794 6487 2710 3931 2750 6290
2 9874 1319
1 7236
1 9493
6 7463 3802 4374 7888 6271 7193
1 9788
2 186 5960
1 1027
4 1576 7557 2383 6975
3 2321 6245 934
2 2087 4207
1 4681
1 2559
2 4771 717
1 2361
2 365 5120
1 9133
1 2630
1 7886
3 1281 7676 7261
3 5671 2126 7403
3 7493 9331 2778
4 6732 197 7379 9727
3 9808 3268 1124
4 3533 2228 9991 8411
1 5154
1 9889
1 3516
1 1095
1 4537
1 3564
2 2035 1354
1 6469
1 2109
1 4161
3 710 5001 238
1 9891
1 7950
3 3092 5236 635
2 6076 8367
2 250 4328
1 6504
1 656
2 6525 5728
2 2035 7316
1 572
2 2101 7343
1 3123
3 949 6598 3715
2 5018 8740
6 6669 9028 4440 1063 4388 4799
2 5570 2855
1 5766
1 7529
3 4598 6180 6903
1 9948
3 9343 236 8756
1 1403
3 1889 9733 1043
2 9441 603
3 8594 1913 8464
1 9331
2 5538 1224
1 3959
4 2107 3938 4677 1993
1 4099
3 9426 8841 3872
2 5022 9549
4 2504 9613 8585 6769
1 315
3 4379 8375 5292
1 5951
6 1486 6490 7269 1769 2503 8855
1 4296
1 6641
1 4615
3 7481 2823 3803
3 7701 2779 7161
2 2450 2985
4 9410 1677 6160 6813
1 2289
2 1058 610
1 5986
2 3795 2501
1 993
1 7610
1 1012
1 5598
1 5558
1 6362
2 9606 697
1 89
1 9858
1 3222
3 4737 8891 7496
1 2660
1 6411
1 5868
1 4225
2 934 4404
2 2212 7144
1 1691
2 7708 7060
3 341 7981 6099
1 5408
2 3467 2753
1 6586
1 3698
1 4506
1 4267
3 3634 1385 7668
2 1600 8087
2 8807 8337
1 8158
3 7416 6027 118
7 1811 1746 145 1544 1031 5448 4220
2 5221 4474
5 7226 5131 5169 7693 9933
2 5232 101
3 4871 100 8820
1 6452
1 7739
1 9075
1 2877
6 5981 9742 1866 8504 922 8169
2 4889 2858
2 2753 6670
1 5585
4 6172 3222 2540 3210
1 729
2 4507 49
2 1886 4261
2 5809 3943
2 5944 3655
3 4524 3225 5660
1 4647
1 2288
1 342
1 5726
3 7400 9409 404
2 4624 2747
3 872 3314 6112
3 2844 5653 5299
1 411
2 7326 4974
2 2224 9265
5 2971 1430 9308 7309 3050
1 1886
2 4896 7712
3 1108 2987 2426
1 29
2 5152 1288
1 1886
2 7250 1370
3 7471 5106 4596
1 5316
1 5353
4 2584 9313 7036 2325
2 5084 4572
1 4310
4 5771 7982 647 3772
1 367
1 4675
3 4064 4717 1847
7 8070 1238 3284 946 8807 290 3258
2 8515 4241
1 3649
4 4422 4609 2656 1080
1 3061
1 3236
2 4817 530
1 9515
5 8417 2974 2870 3627 5179
1 2991
1 6960
4 5888 8026 6073 894
1 8254
2 4741 1222
1 2517
2 5919 5689
1 9143
1 6591
2 6769 7860
1 2781
4 1621 5440 8431 8655
1 6917
2 6568 2237
1 3557
2 4809 3396
3 9600 473 2595
4 6272 1862 8322 1528
3 509 7553 8347
3 2954 3306 768
3 9789 7299 5479
2 1695 2714
3 3965 1324 9587
1 3267
1 1219
2 815 5742
5 2727 7249 9463 1620 914
1 9908
2 7561 5031
1 1462
1 3695
2 2132 6103
2 3663 2111
3 9243 3817 2566
2 344 2440
4 7475 3197 8472 7082
4 8479 1969 7383 3754
5 7249 3790 3291 5709 7114
3 6157 5805 9360
1 7573
1 8288
1 7471
2 8695 4449
1 9331
1 1393
2 1139 4858
1 9575
2 996 4375
3 8743 1937 4023
1 8378
4 5307 3485 1400 5796
1 8035
2 8556 694
3 986 8908 4773
2 1324 4927
5 8035 7513 661 2752 1776
2 6439 3757
2 9984 4669
1 7258
2 7162 8528
2 8956 713
1 7329
3 4588 4613 3057
1 8073
1 4020
1 5998
2 560 9110
2 9895 7902
1 566
7 8070 8395 39 2476 8221 6193 7228
1 3575
6 1404 1775 9317 2275 987 9105
3 1584 9217 5659
3 9111 6959 8253
2 2251 4229
1 5189
3 5726 9247 2570
1 2017
3 5371 2119 6479
2 1100 1842
3 3283 9352 1664
1 3514
5 1568 1610 1353 1515 1061
1 4731
2 249 2038
2 41 6435
1 5404
2 4966 6586
1 8148
1 8047
2 4583 7869
1 8085
3 2190 3756 3607
1 696
1 4790
2 4161 524
1 7773
2 4268 8914
1 5454
2 568 2903
6 6025 4730 766 3606 69 4787
2 2241 6251
5 9253 8119 5587 1627 2084
3 8952 218 2165
3 2892 5856 4455
1 7854
1 1651
6 855 8945 4419 967 4454 5571
2 1003 6161
3 5603 1278 8281
2 8832 3318
1 3545
2 3649 2001
1 7111
1 3756
2 1101 9525
1 9781
2 9498 3832
1 2843
4 42 1558 8010 8722
1 4048
1 1366
5 702 8709 1785 7609 154
3 5202 4466 1013
2 7595 9812
1 9248
1 155
2 9092 3452
1 7182
2 3295 7925
2 4610 4240
1 8653
3 7324 8099 5879
2 3524 9689
2 5039 3587
2 8554 7546
1 4794
1 3136
2 7831 980
2 5705 9221
2 2781 8356
4 4174 1098 4564 3503
4 7507 521 6016 1398
2 4195 3439
4 3703 2482 6407 3813
2 9836 2593
2 2480 760
2 7927 2499
1 2450
1 245
1 2698
1 1356
4 1848 2403 5570 6523
1 9920
2 9564 8124
1 3495
5 4500 9345 2410 4197 5857
2 1812 454
1 7378
1 3955
2 3283 3201
1 7893
3 9084 193 557
4 2879 7911 515 7517
1 1475
4 9850 8814 726 8057
1 6139
1 9677
3 1789 6838 4546
1 6145
1 3678
1 9953
1 5226
2 1549 5391
3 4070 1421 3972
2 2225 6827
3 6025 5304 80
1 2877
1 3497
2 3453 8806
5 5376 4632 9010 5090 510
3 5016 8251 8847
1 6233
2 6580 6788
1 6320
1 3830
3 1855 2430 7628
1 5847
2 1536 1209
2 6004 37
3 2404 2434 3901
1 7001
1 4874
1 8244
1 2879
2 1376 4237
1 7565
3 4998 2520 5414
1 9990
1 6684
1 5465
3 7054 9953 6376
2 9781 7339
2 5307 5763
1 4675
2 9811 7396
1 8470
1 5058
1 5480
1 2205
1 3276
7 2429 3871 3255 4798 5156 1551 8927
2 2079 6997
1 4308
1 5482
1 9231
2 7103 3456
1 7694
3 7751 7078 4549
2 2682 3667
2 7245 631
2 3340 1169
2 7449 9194
1 2857
5 5077 3111 4859 1470 8292
1 3402
2 8824 9776
1 3759
2 71 4559
1 6256
1 9387
1 5862
2 3386 7219
2 1614 4520
3 9243 4117 9603
2 2662 7357
2 1238 5141
1 5333
1 4073
2 508 3905
4 141 4101 5838 6244
1 8089
1 9912
2 2729 4822
3 1419 2101 9018
1 8334
1 7883
1 5928
1 4774
1 3697
3 508 9269 397
2 8648 1412
3 8585 4314 6769
1 2744
1 7475
1 9274
1 2978
1 5443
1 9714
3 435 5687 944
1 3661
6 9466 3677 4766 1482 2671 452
4 7766 9840 9886 8161
3 4885 1732 6359
2 9404 7444
1 3292
7 9070 1486 3134 9798 1976 6190 7322
3 5724 622 3567
1 1623
6 50 5371 4088 6175 324 3502
1 9564
6 7819 9598 2484 7534 1383 7815
1 3114
3 6944 2737 261
1 634
2 5987 5241
1 3171
1 350
1 1663
1 5705
3 5531 8928 6517
1 6289
1 9389
3 4529 7853 309
2 6641 3976
4 1152 8078 3109 9186
1 1659
2 7382 2012
1 556
1 2922
1 2944
2 4322 5997
1 5915
1 7929
1 2309
2 2511 1582
1 9350
1 3596
1 8645
1 5937
1 1545
1 4910
1 3564
6 1243 6614 1836 9502 2322 3463
1 4921
1 6994
6 7833 2888 4497 7755 2444 651
1 2663
1 4514
6 9011 8566 9228 9760 2816 7827
2 7338 2414
4 7575 8151 8122 6836
3 5897 7307 5911
1 6753
2 8049 7502
2 9957 8844
1 925
1 4236
3 566 1276 9888
3 2082 6595 5723
2 5764 902
5 1769 640 6767 1151 7855
3 4766 2446 5528
1 7702
1 3804
3 2254 8005 6036
2 6587 4902
1 6556
1 4543
2 7378 130
1 862
2 3325 6916
1 2055
1 9942
5 6198 2311 5475 8538 1648
1 7896
3 6774 3969 1705
1 9749
1 5401
1 4843
1 2363
1 6473
1 9028
3 8229 2818 9980
2 3056 5753
2 6310 1815
3 9448 3891 9238
1 5983
6 8299 3476 123 4784 6473 3895
1 2061
5 6695 9811 9522 1117 6804
1 7097
1 7196
1 5932
2 3875 4352
2 7866 8603
3 2604 5150 4191
1 3057
3 8075 7388 3000
1 2540
2 7918 9379
1 5284
1 9740
2 5658 3162
5 9564 5903 4166 9377 843
5 2269 4767 3153 4033 4380
3 9404 813 9020
2 4992 996
1 1235
1 3297
8 2251 5039 5636 4310 3810 1188 3910 1083
1 5077
3 8632 7397 4718
1 8361
7 4588 2036 5783 2873 3247 1330 4566
1 3661
4 592 3468 116 2838
1 434
2 9202 6248
1 8186
1 2557
2 6441 180
2 2869 8372
2 1560 1572
6 3634 9306 8591 8447 4761 7852
2 9441 3906
1 5313
1 8075
3 3255 9125 3067
1 9539
3 690 6712 2992
3 8693 9634 1176
1 5668
2 3336 3499
2 5728 7704
7 216 1203 6692 6187 8260 9972 1524
2 4445 5255
1 8026
3 2253 3811 9546
2 5723 2292
2 899 5969
1 6439
1 7233
2 6871 3414
3 9343 6060 1270
1 7715
1 9944
2 315 6147
1 2531
2 1276 5321
1 2681
4 5756 5510 2908 5747
1 2635
1 3488
3 5692 7291 4540
1 9040
1 6971
1 3152
2 9275 6933
2 1097 901
2 6250 2538
1 517
4 1063 8143 5162 3273
1 9089
3 4508 917 5049
4 71 1052 176 3536
4 5603 6378 1735 5251
1 6122
2 9001 4304
3 6172 786 224
1 2364
1 1673
1 7558
1 6155
2 8905 7552
2 2710 369
2 6382 7195
5 6044 1792 1271 3170 5676
2 4980 685
1 4768
1 1897
2 6145 9355
1 593
2 3079 1049
4 6623 5018 4614 5434
2 8361 5339
1 3085
2 487 9320
5 2792 125 9488 1584 9368
2 1019 9646
1 2484
3 2049 7183 8592
3 3811 1451 512
3 196 2991 3184
2 905 5330
1 1134
2 8518 2668
4 7833 9604 3807 6638
3 7014 2217 266
2 2728 5708
2 6107 9473
1 4350
1 2539
1 9682
1 8565
5 8107 6553 9019 3473 6196
1 1597
5 1718 1282 5517 4992 6895
1 9136
1 3018
2 6766 2729
3 8447 3615 4736
1 9724
2 6603 1234
1 9136
1 8699
3 5858 7025 4185
1 8728
1 4097
1 6705
2 5072 7957
4 391 4482 9801 1771
3 1651 6301 9229
1 5344
1 5381
1 583
1 4406
1 7945
4 9433 3778 5002 960
1 7837
2 2035 7767
1 1743
1 9694
1 2763
1 25
1 7160
1 8159
1 5658
1 504
2 5954 5699
1 7509
1 6408
2 9311 8873
2 3397 1381
1 8371
1 1896
2 4129 797
1 2277
1 3527
3 7441 5627 6154
4 706 1406 4348 5430
1 4337
5 1928 5556 9905 6326 4914
1 6767
1 4653
1 3256
2 1807 375
1 7873
3 2086 8921 5064
1 8726
1 4048
7 391 856 3221 5973 9829 7188 8568
3 2936 4899 2276
1 5767
3 5603 1693 7804
4 9957 5694 4235 1844
1 3077
2 4725 6956
3 1472 4470 7988
1 3281
1 159
1 2452
1 7514
1 757
4 7428 3344 2260 3888
6 4099 8319 3297 8112 8521 6344
2 6766 5860
2 5090 6988
1 2236
5 9306 8947 3934 9516 3018
2 9468 7094
1 2363
2 9682 6588
2 8965 356
3 6030 4758 3034
2 9798 8640
2 6871 2
2 3457 1066
1 2283
4 5185 5529 5210 3971
3 1606 2065 8353
1 7503
1 6371
4 9938 5550 5181 2832
1 4654
4 8299 9852 4907 2757
1 1724
2 5591 8548
4 7781 4848 4360 6253
1 615
4 5398 5020 4930 3581
2 3222 597
1 5757
1 1893
3 4198 1669 2282
4 6831 7252 5427 6443
1 1925
1 342
1 127
1 2862
3 4611 2073 8009
2 9373 6735
3 2799 5471 4786
1 7703
3 5676 9846 9550
4 4580 6764 5628 4515
2 5663 4118
1 8979
2 9474 8549
2 3065 5751
3 3918 6993 6463
1 9816
2 268 8670
1 7782
5 6181 5887 4958 3051 7200
2 3932 671
1 495
1 4721
3 2869 3831 5514
2 8314 9803
2 328 3722
3 4321 7168 3621
2 7904 7099
2 210 2289
2 6198 2998
2 3372 6351
1 2624
8 72 8708 7540 9485 8209 1027 5435 8137
1 691
4 1150 720 9731 6761
1 9366
4 6001 6145 1851 9278
1 3179
1 7630
1 345
2 4482 9739
2 1480 1348
4 2742 6398 4274 8268
3 8146 6954 8397
2 1451 9003
3 6618 121 990
1 7661
1 123
3 6042 1081 4894
3 5451 3999 7813
1 465
3 3208 6533 1756
1 4427
1 6136
1 3768
3 5128 8933 8707
1 2332
1 3878
1 3795
3 6640 9909 8563
3 6413 1799 7000
1 6193
2 2770 504
2 7372 2851
6 2251 2742 4574 6496 1855 2089
1 1684
2 7833 3383
1 8644
2 8372 8651
5 4574 1246 9255 9242 2812
2 9948 2544
2 4273 3211
2 3134 748
1 2387
2 6327 9484
3 2219 9038 6280
1 7565
1 2826
1 6043
1 2137
2 3514 4946
2 1541 3231
1 7615
2 5835 5765
5 2404 6949 4437 8682 4171
1 235
1 4804
2 6307 1
2 1404 7763
2 5612 3289
1 8586
1 9551
1 6606
1 4561
4 1983 7483 8842 9807
2 2028 8799
1 1751
1 6639
1 8846
3 5986 5960 1643
4 6331 4721 252 3870
2 6808 6335
1 7775
2 673 5462
1 3656
4 4362 8937 2328 7264
2 1913 5464
1 3471
2 1370 6236
2 1112 8715
3 6774 5868 2701
1 5578
1 4041
1 4199
1 469
1 9604
1 659
3 8979 4055 2790
3 8148 4741 8235
2 556 4700
2 6503 5367
1 9365
1 7487
3 1663 9245 5746
2 4210 1566
1 3061
1 50
2 3871 4693
3 9021 2868 1160
1 5549
2 6419 4723
4 1266 3230 3552 806
2 5161 3489
1 9880
6 4233 6551 509 6457 5631 1720
1 7651
2 4529 2620
1 7141
1 359
1 8490
4 14 945 5076 7059
5 4616 587 7970 7158 3642
1 6623
1 7799
1 5128
1 3788
2 4548 7022
1 6855
1 798
2 87 5432
2 846 7800
1 469
1 772
1 1817
2 8632 8706
1 6447
5 7493 138 6500 3156 9237
2 6015 3586
2 2002 9810
2 3628 4120
1 1102
2 4886 8468
2 5727 2494
1 4889
2 9506 9232
1 4281
1 2372
1 2990
1 9128
7 2164 5128 1900 3042 334 1396 5138
2 9248 1453
1 788
1 6073
2 1116 6601
3 6022 9556 6011
1 7715
3 2511 3745 9281
1 4009
1 277
1 4619
1 9321
1 9892
1 7347
1 2767
1 382
2 7286 9314
4 8806 5013 2189 7756
1 2458
3 7495 1911 752
4 4398 6514 8220 4571
1 3588
2 3232 2653
3 8299 3645 445
1 9990
1 5121
3 2253 4854 7055
1 1341
3 4435 9148 1479
1 2403
2 7823 3765
2 145 1395
2 2798 8951
2 50 629
1 9219
1 4261
3 5106 2480 2930
1 8870
2 2922 6978
3 667 4600 4478
3 8098 1698 9722
2 9891 924
1 3704
2 9842 5293
1 6838
1 6481
1 894
1 4432
1 1500
3 3215 5356 1067
4 8321 5739 1072 1857
3 9474 2250 8342
2 5858 6293
1 6824
4 3493 8909 767 9685
2 1944 3732
4 1554 7899 4475 5032
3 2640 3364 9108
3 235 7816 5880
2 9496 654
1 6203
1 4108
1 42
1 4789
1 5204
2 8388 9211
1 9392
4 2549 9683 8228 5714
3 8073 1407 1329
1 5135
1 8285
2 6258 4367
1 9500
1 7571
4 5445 9547 729 150
2 3672 4832
1 7338
1 2569
2 5373 5369
3 798 7381 5588
2 9568 5153
1 5599
2 1766 1915
2 9380 2356
2 3208 4932
1 4245
3 3229 4306 4801
2 7659 8016
4 6172 210 3679 8419
1 4257
1 3057
1 426
1 6347
2 8148 9691
3 6999 6141 8215
2 4677 3025
4 7440 8946 7651 2294
1 2391
4 5030 3576 9845 5007
1 4526
1 6585
2 6619 522
1 1558
1 1714
2 5456 6909
1 8119
1 3720
3 2130 2633 7116
2 7168 964
6 9070 9896 6860 2934 4631 652
1 399
2 8921 5500
1 155
1 846
1 108
2 5156 4619
1 1432
2 4856 2776
2 6000 8996
1 9913
1 2241
2 1129 6536
1 7020
2 505 429
1 7025
1 9688
3 5836 2926 7390
1 6961
2 7250 4533
3 3422 4947 6794
1 5208
1 4548
1 6317
1 3276
9 5213 779 8136 9451 9063 6673 8483 7280 8984
1 200
4 3701 4019 4995 4790
1 1521
1 4076
6 9766 6681 932 3175 5814 2395
1 96
2 6539 269
1 8309
1 2706
1 864
1 5100
2 1859 8396
3 5523 8062 1933
1 4519
1 3838
2 6635 8015
1 3218
1 5116
1 8397
2 9840 3882
2 4825 7895
1 4277
1 7775
3 4336 6144 7076
3 5954 5266 1267
1 6161
2 8824 970
2 330 3949
1 6774
5 3703 204 3087 6837 4627
1 7431
3 4 9069 4065
2 1710 99
3 9558 7165 9051
1 9821
1 2789
1 4859
3 8346 4569 7213
3 5226 3575 5635
1 3798
1 7540
1 7508
2 5483 3415
2 1606 2999
1 941
2 730 7333
1 1229
6 1789 4028 7271 364 2960 5688
5 1456 2655 5586 825 5104
1 8413
1 4854
1 5538
1 4587
2 9218 5667
2 2882 9919
4 3063 9775 6756 5053
1 5816
5 2692 7083 1671 6449 6481
2 228 9877
3 5077 1864 9548
4 7495 8155 9430 3953
6 5551 2100 9458 1823 3848 5949
2 1014 7806
1 9253
1 1144
1 1054
10 2429 7484 3073 1369 438 7250 5557 264 8239 2731
2 2779 5621
4 1994 7450 5671 8919
1 1110
1 3270
1 3359
1 6192
2 8483 9986
2 8384 241
4 8361 2613 2048 3783
2 7886 6853
2 7449 6486
3 2153 6316 6745
2 3440 9794
1 5559
1 196
1 8438
1 6760
2 2507 1279
1 1644
2 330 7148
1 1675
4 976 4769 7395 818
1 7883
1 4323
2 4048 845
3 3945 4195 1410
2 4617 8283
3 1419 5466 1700
2 1781 8241
5 8743 3543 5821 2221 9050
2 2792 2158
1 7313
2 5899 6590
2 108 185
1 9723
1 503
3 2114 1498 6074
1 7411
1 5960
1 8881
1 7640
3 883 3122 9954
4 2477 8983 4706 1941
6 1944 8729 4956 9979 7812 5445
1 6266
1 6834
1 5178
1 9858
3 2457 5790 1510
1 6022
1 2994
1 2119
1 6935
3 332 1070 2684
1 7307
1 5681
1 7647
1 6289
1 4827
1 4203
1 596
1 6867
6 1139 949 6261 5057 3535 4281
1 3853
2 7416 7588
4 4001 5826 6602 3986
2 5641 7474
2 8999 9758
1 478
2 8843 5231
2 196 9568
3 5854 5840 2190
2 3420 1603
2 9406 1085
1 767
1 6565
1 8796
1 4033
1 3155
1 3428
1 4088
1 7076
3 5145 7057 9358
3 3928 6456 9187
1 1749
1 9331
1 2282
2 1659 2697
1 5461
1 2422
2 992 6448
1 1601
2 899 480
1 6856
1 5729
1 20
2 2313 8776
1 9985
5 1411 9540 9555 1247 1612
1 8424
2 2256 7389
1 8874
1 9006
1 9427
1 2956
1 4554
3 7943 8515 7253
4 7755 7703 9988 5309
2 8987 456
1 4057
1 4835
2 3656 1959
4 1448 2899 9684 9824
1 7282
2 7929 5544
2 679 190
2 341 6621
1 5774
1 5290
2 4936 8935
1 7710
4 4691 6209 6237 827
2 3031 5063
3 1229 6041 6269
9 4901 6318 8659 5858 7990 15 1907 1552 9239
2 7453 9439
2 4272 625
1 7338
2 5857 136
3 4249 6866 1587
2 6944 3494
5 7087 342 4094 9039 4821
2 4897 7874
4 9193 5872 751 4577
2 740 7086
1 2164
1 2121
2 2051 5859
2 7458 5322
1 1713
1 8991
2 7657 2839
1 8423
4 3579 6733 8769 6340
1 8079
1 6028
2 6189 8427
1 7945
2 6525 4006
2 3659 623
6 757 3325 2559 3 5167 5979
1 2651
1 9715
3 2022 5151 4318
1 4521
1 7663
1 9365
1 9389
2 6961 3782
2 2638 5412
1 8998
2 9749 9562
1 3017
1 3963
3 2906 807 2526
1 6231
2 9485 2329
2 6102 1488
1 688
2 1845 2880
2 7375 8535
1 7166
2 4634 6266
1 8266
3 5930 4460 8801
1 6530
3 1563 6010 583
1 2245
1 17
2 475 2862
1 6526
6 4615 1650 2564 2819 8739 1010
1 584
1 585
1 9412
1 5930
1 2479
1 9640
1 5825
1 3563
2 3514 7427
2 7685 249
4 4340 2332 9718 6262
1 5855
2 7267 576
1 5702
3 9759 135 3205
1 2119
1 694
2 7293 5678
1 3816
1 2187
1 1042
2 5266 3317
1 4824
4 9872 6204 8198 7282
1 689
2 8943 5149
1 7817
4 8552 908 4782 5370
1 2264
1 4869
4 2586 2852 7100 3501
4 846 1807 2045 1674
1 7861
1 6931
1 194
1 4637
1 9792
1 8701
3 2236 2290 1422
3 8282 8609 7344
1 8929
1 824
1 4553
1 5024
9 2253 3017 1243 2281 3804 5 4189 736 3992
1 7975
1 8044
3 9981 8922 2498
1 210
2 6505 476
1 5898
1 8384
3 4913 4565 3059
1 8819
2 3811 3915
2 8434 7284
1 4381
1 1756
1 9415
6 4129 1110 9209 1578 982 3603
1 5794
3 73 5447 8907
1 4048
2 7871 2202
4 8594 6594 4965 6414
1 8303
1 5760
1 6946
1 5650
1 8530
4 5534 6000 7417 7867
2 3286 7564
1 2946
1 627
3 391 9337 7824
1 2193
2 203 1953
1 431
3 1544 913 5291
1 2463
1 1345
1 9753
2 7424 4696
3 5839 2860 8307
1 32
3 2404 3392 7525
2 1493 208
1 5783
3 5724 6791 1178
2 6919 5521
1 9291
4 4885 1576 7302 7420
2 4340 9806
4 997 9404 4336 6634
2 7309 7576
1 5502
1 494
4 1544 8341 8446 9504
1 4480
2 4298 1869
2 4749 985
6 8742 7203 1997 3387 9468 785
1 8632
4 3596 3142 6790 3672
3 4322 1755 4293
2 4843 8808
3 2450 3398 6411
1 1298
1 1486
2 7506 8840
1 9070
1 4905
1 5787
2 2088 1250
1 8616
3 5243 9326 3847
3 2078 8860 2213
8 481 4257 2346 7226 8767 4978 4291 7128
1 3468
3 6233 8192 9390
1 9869
1 8373
2 7031 7248
1 106
8 6529 738 1738 8802 4856 564 3014 1589
1 580
1 9873
2 9227 132
3 7944 780 3096
5 890 8073 6649 1692 759
3 4174 9196 9582
1 7149
1 5345
2 6586 3734
3 7457 4123 2071
1 9409
2 8008 2956
3 8229 2900 2406
1 8130
3 1233 8457 835
1 4126
2 5652 6007
1 3476
1 1659
1 9756
1 1698
4 7641 4451 4327 8106
1 870
4 1282 6377 1012 75
1 9983
4 1695 1167 1457 1974
1 1885
1 7079
1 1173
4 6041 6505 5310 2398
3 5785 7410 1846
1 8404
1 8831
2 105 8179
1 5878
2 2953 9633
1 4958
1 4339
1 6617
1 5148
1 4737
1 6250
1 1992
1 8729
1 8666
2 2519 3216
2 9362 1598
2 9687 4154
1 2100
1 7578
2 7482 214
2 4654 1547
3 5695 6420 9370
3 9780 6979 9738
1 5785
2 9235 124
2 8632 5305
1 2902
2 2791 451
3 5592 3780 7132
1 1408
1 9655
1 8664
7 8607 8030 7296 2843 8992 9662 4372
3 3568 1192 1450
3 6696 1039 3278
1 5418
1 3770
2 592 7713
4 3543 5377 1217 624
3 1024 3954 1259
1 4604
1 9135
1 9566
1 3697
2 5184 4879
1 9849
2 7926 557
1 4742
1 5100
2 1878 9327
2 5012 5999
5 6657 8187 2169 1508 732
1 9190
1 6237
2 9637 7891
4 4421 5563 897 5609
1 7238
3 436 7565 9180
2 7384 1181
2 4524 5421
1 6256
4 9631 6981 491 2627
1 533
2 9387 1954
2 173 2704
2 9887 3423
1 4413
1 7835
3 6167 2955 1731
1 3792
2 8555 5852
1 1608
1 7830
12 5792 5599 7837 1268 5888 3123 7507 3816 1673 211 5491 4862
1 5983
5 7087 7365 5059 7520 1641
1 5031
1 5921
1 3580
1 6757
1 5484
2 2934 9157
1 749
2 3029 4605
1 6599
1 3873
2 4618 2494
4 8152 4880 523 7181
1 9521
1 3493
2 9811 8497
2 6817 3598
1 2304
1 1447
3 7198 11 1662
2 1168 7607
1 4069
4 4157 6944 5056 9079
4 3554 8238 6093 8232
2 1841 1694
1 56
1 2179
1 3554
1 3795
2 4339 9318
2 6447 7771
2 9780 4361
3 9468 719 9639
2 6031 1228
3 5456 3133 3189
1 8526
1 5940
2 5849 3215
2 5987 5050
1 6230
1 4310
2 6928 112
1 4936
1 451
1 9119
1 6659
2 9313 5087
2 6001 1526
7 4443 4809 1710 662 3977 4480 6158
1 4027
2 1944 3257
1 5248
1 203
1 4701
2 1314 9473
2 976 7186
2 7384 3421
2 4849 3145
1 4923
3 3512 7430 6655
1 71
2 681 1455
1 1112
4 6553 9461 5679 1617
3 3755 4915 7454
3 7506 507 9736
1 588
1 9095
1 3002
1 341
2 248 6923
2 3493 2533
1 3702
1 8049
1 8783
4 5669 1338 5629 765
2 9447 2618
2 9873 9090
2 5887 148
1 2224
5 5145 494 8833 7170 3447
1 7986
2 9214 5460
2 9012 2037
1 1838
1 800
2 6768 927
2 5172 6841
1 6901
3 2638 3873 8142
1 3747
2 5368 3985
2 3416 9293
1 3080
2 2152 513
2 2584 3264
2 8941 7292
4 9433 6303 6045 6117
1 8563
2 976 5051
1 9682
3 7400 6952 9195
2 7015 1506
3 795 5696 1616
2 7836 885
2 1376 8686
2 3386 8532
6 4048 1389 1781 5523 5041 1471
1 7903
3 4233 1736 1897
2 6503 7542
1 5559
1 9941
2 753 1666
5 7102 2006 9009 6296 2193
1 8073
1 8246
2 4616 1569
4 5642 1812 7979 5005
3 8493 5851 3690
1 3433
4 5316 5787 2517 9706
2 2744 9062
2 1361 3595
1 8485
1 8110
1 8824
1 9303
1 4074
1 8398
6 1525 7998 6715 7797 1328 604
1 5252
1 8452
2 506 6822
1 7840
5 2692 6547 4727 7889 8499
2 220 1761
1 6529
1 2776
1 9606
7 3086 3114 3678 7866 1269 1255 8696
2 2780 1760
1 8398
2 2205 2188
1 757
1 2755
1 6569
1 4330
2 9303 4910
1 2291
3 4970 882 2370
1 175
1 7736
1 463
1 2801
7 5459 4872 5444 4504 5843 1533 4286
5 8014 1335 3590 2318 7175
4 1521 7306 3781 3766
2 6791 3302
1 5052
3 5170 2268 5576
4 3708 8019 2576 703
5 5235 5375 9373 8182 693
1 1247
2 3852 2114
1 8365
2 5663 3822
2 3349 6197
2 8505 1553
3 2568 1121 6899
1 636
1 235
1 5668
1 9595
3 2852 2705 5764
1 2918
4 798 1150 4837 1344
2 6025 1132
2 9322 8972
1 2562
1 9205
3 6904 3448 4875
1 2164
1 6025
2 6222 6054
2 2904 4690
1 9714
1 903
1 2658
3 9488 1691 5465
4 7423 9261 9240 1722
3 9331 3252 5961
4 105 2511 7125 6539
5 8148 2259 8303 3020 7073
1 5133
1 7737
1 5145
1 993
5 362 3090 9897 8266 6779
3 4357 9699 4056
5 7748 9159 3254 2473 6383
1 8514
1 9373
1 6755
5 7835 55 9996 4384 4815
2 9142 6852
4 6831 5692 5350 6157
1 8211
3 4322 8509 5965
5 4940 3061 6213 137 9291
1 4611
1 7360
1 3936
2 8997 4664
1 9087
2 5084 5320
1 4711
1 6954
8 7612 7807 809 2309 9304 3207 8785 7652
4 1672 7442 7435 3440
2 1303 3444
2 3875 3602
2 9755 7011
2 4321 5351
3 8956 2592 636
3 6395 887 1706
1 3381
1 1300
3 5544 117 599
3 2194 6130 4054
5 2504 8168 7647 6220 3998
1 4817
3 7920 5329 4467
1 3799
2 790 4442
1 7341
2 3287 4040
3 2684 3779 8060
1 1975
1 7844
1 1465
3 9973 3637 1206
1 8205
2 848 3159
1 390
1 8782
2 506 858
1 7802
1 116
4 5364 2807 952 9053
1 5411
1 9861
4 567 8856 999 8450
3 947 4222 8364
1 3127
4 8212 4928 3522 9932
1 3980
1 9059
3 9984 1174 4477
1 7577
4 9275 8335 6801 9315
2 5448 3162
1 2557
3 6962 7566 6285
2 8128 5996
3 5887 6578 912
1 8124
3 1031 8581 3623
1 254
2 3737 9551
1 2300
3 6025 6780 3140
1 2276
2 4806 1030
4 6768 9101 4570 7994
2 1560 5889
3 6226 8857 8046
1 9001
2 2962 6918
3 4797 8564 2933
1 1423
1 7166
2 5540 6096
1 4570
1 4328
1 3782
3 161 5758 3011
1 6100
4 3923 6608 1870 4459
1 5103
1 75
3 8975 8130 8028
1 4505
3 3326 8773 742
1 377
1 6303
3 7730 5123 9017
2 1193 7670
1 6753
2 3828 8884
1 7293
1 9736
5 4051 5436 6088 2965 8940
2 7393 7112
2 1055 1042
2 1101 9531
2 3094 5697
2 5757 2108
1 3485
1 1967
1 1900
1 1360
1 6662
3 9808 7657 7040
2 9827 8803
1 4800
6 2302 2971 4345 1916 2884 6737
1 8693
1 676
1 4180
5 4174 8252 9210 3658 6333
3 6565 3335 9726
4 7423 2302 6766 3928
3 3055 5913 7135
1 9991
1 1328
1 8825
1 5107
5 6050 2639 7650 8149 6472
1 3601
4 3270 7015 4994 127
2 4809 5554
1 2781
1 2805
2 5729 9189
3 1092 8110 9949
1 5060
1 3113
1 8632
2 6203 1215
1 4207
2 640 6324
1 945
2 3865 2967
3 1031 6646 5648
2 8694 1823
1 4432
3 6676 4747 5752
3 9176 5702 2935
1 352
3 7790 2207 1114
1 30
1 1557
3 6203 8025 1008
3 6445 689 5509
4 8983 4398 9145 8304
1 2613
2 2934 9499
1 7001
2 6176 616
2 9167 8224
5 9811 8342 8549 234 3622
2 962 1112
1 3558
1 504
1 9742
1 9960
1 3646
1 1789
2 239 5332
1 2565
1 8403
2 8361 8866
1 3126
2 883 4881
6 8212 9302 873 6315 5644 3089
1 4610
1 2807
1 3390
1 7359
2 7212 7594
4 260 2447 9510 2133
1 7010
2 3445 8557
2 4613 1972
5 5465 6687 7881 482 9654
2 9470 3245
2 5741 8570
6 862 213 5754 4898 3428 1723
2 8067 6042
1 2687
1 8979
2 7352 403
2 1386 8493
1 4269
3 1474 225 9970
1 2863
1 9494
1 9984
1 2929
4 245 6421 3206 6633
1 4693
2 3297 7762
1 8303
1 5278
3 2401 812 7150
1 2154
1 3577
2 1554 9126
1 8114
1 9797
1 5868
1 7879
1 4053
1 2539
2 944 7524
1 7070
4 1899 3379 2394 3744
1 9418
1 9751
1 1935
1 4810
3 6155 9721 6934
1 2838
1 4443
2 6357 7041
2 7162 8153
2 8798 1308
1 4125
3 5700 7020 716
1 2462
2 6069 1668
1 6773
1 8162
2 8572 2298
1 8692
2 7658 4103
1 8338
4 9382 4270 9674 8420
1 5827
2 4307 5112
3 7500 6484 5218
3 8798 7256 3946
6 8503 2762 4912 2717 3064 9705
1 3168
3 7430 6999 8666
2 4609 4779
1 1126
1 7105
2 8861 2365
1 679
7 7287 7918 346 82 8128 2256 8034
2 5393 1120
6 1789 4797 9080 1593 2773 3755
1 3321
2 8770 8578
2 5372 5124
1 4702
1 7063
1 4624
2 1050 2804
2 6072 2449
3 6603 7810 2675
2 1612 5905
3 4115 3935 6845
1 5227
1 7532
1 6997
4 7260 6392 2347 3837
1 9012
1 1809
1 1328
2 4192 2670
1 6442
1 7786
1 6525
1 1034
4 7443 7506 2636 7206
2 6044 6281
2 6937 4024
1 4843
1 4716
2 7194 9286
1 9605
1 2602
2 8035 9748
1 3284
3 185 7780 2013
1 2464
1 4499
1 7998
2 8221 8444
3 5490 9596 3275
3 6630 9252 7681
2 34 9856
3 7376 5546 5401
6 4606 7551 6890 560 6510 4823
1 3266
1 2421
1 3434
3 7659 4944 5589
1 1128
3 6475 7225 5942
4 3471 1035 2519 5260
1 6588
1 5021
1 9662
2 1773 4046
2 779 1426
1 4427
1 2792
3 570 4132 7335
2 5341 1249
7 3634 2454 6854 3308 2625 956 2479
2 1457 5577
1 2633
1 1187
1 1710
5 2413 7182 2847 9099 6131
2 487 1096
1 9042
2 8155 1393
3 5454 5675 4708
1 9872
5 5082 9092 1046 6057 5909
1 2626
1 9145
3 2219 8887 3441
1 2557
2 6678 7313
2 798 3843
3 71 12 9995
2 2462 5168
1 8213
1 2334
1 6128
3 7422 4369 7329
3 2484 3480 189
2 2531 4672
2 6181 1448
1 4706
1 9498
2 1168 9068
3 245 2681 5980
2 4665 1922
1 5650
1 4814
1 7530
1 7165
2 9070 9619
2 363 1300
1 5312
3 7530 1211 4743
1 4387
1 3336
1 6193
3 4681 6587 1878
1 2103
1 2362
1 4169
1 6048
2 9551 6178
2 244 9741
2 6649 5301
4 2088 5142 9816 7931
1 6880
1 9774
1 661
1 2034
8 4048 6919 8306 4876 9213 2506 8227 2513
1 8565
1 8812
2 8552 4137
2 2067 1655
2 6405 9054
3 6204 1737 8623
3 7897 5580 2062
1 4105
3 8591 1982 6998
1 2604
1 7015
2 3359 8256
2 4737 9850
4 5638 1023 1337 3191
3 5515 1237 9938
2 5210 6279
2 9312 2715
1 1022
1 4322
2 7486 1668
1 489
1 4108
1 9556
1 9234
1 1533
1 2245
2 96 5720
3 6778 986 5037
1 4991
2 4321 6346
2 7573 615
3 2696 8022 9299
3 7019 5244 8852
1 5770
2 5768 9985
1 8892
1 4957
1 2670
1 9535
2 8538 440
2 5998 8734
2 3319 8236
1 5621
2 9434 4394
1 7613
1 128
2 2720 7154
1 5395
1 8363
1 4606
1 7649
1 1039
1 3822
3 9178 4488 9414
1 6281
1 9060
1 8369
3 4203 5698 8126
1 9675
2 7715 9478
1 2482
1 9857
2 3491 3984
1 2514
1 4502
2 9598 3260
5 5316 8101 789 1458 8861
1 7033
2 3269 9532
2 6624 1137
3 5860 4163 8963
4 201 7522 841 4555
3 2728 3056 9335
4 2273 9026 6577 3592
1 5822
3 8767 4581 9890
3 2467 8896 1429
2 8073 4518
3 7017 3279 6056
1 6006
1 2254
3 6559 5828 3528
1 1719
3 3557 8637 743
4 2007 5100 5776 4920
1 7510
1 2045
1 1789
2 586 2208
1 1995
3 3297 61 5193
2 4616 9679
2 8688 5594
1 7990
1 4451
1 5038
1 2523
4 2429 9144 9060 6370
4 1798 7880 9956 7966
1 4151
1 5554
1 3135
1 1562
2 5232 3078
1 2458
6 9955 5987 7596 6238 7411 1435
5 2755 907 7784 4709 2344
2 2540 4106
1 6565
2 3389 8918
2 7315 7259
1 8712
2 7026 6557
1 2259
3 4811 2361 9523
3 8030 8309 5383
6 6529 5966 229 2651 2786 1588
1 374
3 8245 699 4826
1 1428
1 8353
1 4799
2 2977 6522
1 8974
2 8423 3939
6 3993 5637 7614 9426 9936 546
3 489 1999 6406
1 8487
5 8114 7969 9128 9474 4445
1 7888
1 6875
4 2421 3443 2580 149
3 4550 289 81
2 9677 8345
1 7233
1 3989
1 7568
1 4528
6 5476 5823 8667 3098 5561 5989
3 3703 4689 5964
3 5973 3280 686
1 8812
1 6381
1 3196
2 2296 9427
1 6227
1 8285
2 9969 4218
1 6538
1 2518
1 3996
1 841
1 5251
2 2727 7909
2 4735 7176
2 1092 4423
2 6050 5194
3 8026 8652 1380
1 1320
2 5413 8541
2 7075 4552
2 1094 6907
1 8596
1 8338
1 883
1 1306
5 6076 4889 1995 3293 9083
5 9695 7929 2245 4368 1929
2 7127 7034
2 8319 198
2 5620 6214
1 6808
1 4539
1 9607
3 5283 3076 9744
3 7167 8747 7683
2 908 9952
2 976 6730
2 6857 9364
1 2329
1 527
2 3016 3357
1 1391
2 71 4471
1 723
1 6200
2 3408 9002
3 321 2554 6389
2 3066 877
5 8905 2336 9636 5204 6126
3 7093 9190 9008
5 3287 7592 1822 6352 5074
1 4985
4 2725 3193 4346 1492
2 8691 6394
1 4604
2 1735 1299
3 7260 3540 8462
1 6315
1 3991
1 5734
2 5738 588
3 5110 6760 2693
1 8026
7 4117 4184 7286 9941 9929 9103 5953
1 8082
2 2137 7617
1 9758
6 209 4789 8539 7627 7342 259
2 9993 8510
1 2066
1 162
4 2791 1373 7831 4150
5 8607 4242 6900 9923 408
1 9311
2 3588 6357
1 4807
2 1560 4803
1 6586
1 7202
1 6800
1 6706
1 8276
3 757 7457 1540
1 5793
2 962 7791
4 8388 3460 3154 3472
1 7386
1 7003
4 2346 2952 1371 8006
2 3250 8617
2 2703 3373
1 4303
2 1486 991
1 2277
6 5494 3577 3578 4429 3410 2643
2 8687 1015
2 4051 7917
1 7149
1 7115
2 9896 6704
2 5669 284
2 6928 1908
4 1275 3835 6723 7325
1 1899
1 2785
2 9887 7268
1 5719
1 7076
1 9368
1 7708
1 6821
2 7307 2306
1 9808
0
6 9697 8317 2820 4955 4738 1089
6 72 1404 5364 2093 477 2713
1 7320
3 9887 9225 4140
3 3080 8097 4557
3 2905 2661 649
2 7294 8170
1 3767
1 7515
2 2733 422
3 4001 8399 7646
1 9448
1 3799
1 4222
4 9859 3033 4020 6994
2 7965 7935
3 8741 3466 2988
5 777 3701 4885 5515 9788
2 9781 833
6 5998 2291 8289 6474 4386 8079
2 6594 2583
1 2744
2 4737 9479
1 4634
2 1845 5934
2 366 1548
1 6623
2 6430 730
2 6162 5453
1 6031
1 1531
3 2828 9830 5288
1 9508
3 7462 5386 5346
1 8159
3 6900 9993 9354
1 137
1 2629
3 6239 2106 6399
3 6134 2132 5082
2 971 5093
2 8743 4731
1 8107
4 4342 8929 6883 4383
1 13
3 4971 6298 9031
8 5376 7821 605 9371 3299 4647 2913 9511
3 9717 2116 8797
1 8706
1 1387
5 8807 5855 5795 3178 2896
1 4888
4 2783 8522 3531 7962
2 7615 9437
1 3690
3 9973 9892 140
1 3241
2 9644 7421
1 9317
1 1908
5 1376 5957 6432 59 7216
1 4717