10000
1 5052
1 3144
1 5752
1 850
1 3164
2 7690 5365
2 2478 8449
1 2965
1 4492
1 6549
1 8624
2 2599 8536
1 6204
1 1793
2 5973 8150
1 8521
2 6128 7413
2 3999 988
6 922 2364 1256 2829 3328 5411
2 157 3794
3 3515 7585 2331
2 1003 6323
2 2740 3052
1 9611
1 7663
1 3122
2 4793 4388
3 7269 8120 2252
1 909
1 3692
1 2261
1 3462
1 5367
1 4775
1 5185
1 2508
3 8836 7647 4474
7 1179 9548 6853 610 6072 4022 7588
1 8509
1 4700
1 9634
1 4433
1 5932
1 7103
1 3625
2 113 9389
4 8474 110 7920 632
3 2302 2607 5421
1 172
1 9305
1 2150
1 2302
1 5746
1 8704
1 5929
1 1594
1 5332
3 6140 5845 4063
2 7448 952
3 6286 5146 8771
1 7444
1 1902
2 6225 2433
3 8619 1984 4250
6 2388 4824 8629 2960 994 1905
1 7319
1 7217
1 7218
1 646
1 643
2 5111 7963
1 1888
7 8387 5117 9293 7593 5971 5498 3628
4 9633 4988 8471 2626
3 7856 2815 7908
1 6279
1 1323
2 1014 7396
3 7792 7117 6944
1 7761
1 8521
1 1322
1 7235
1 308
1 2519
1 6223
1 5573
3 5312 1231 2462
1 9865
2 2178 8627
2 8987 9665
4 7181 5200 4201 7221
2 4116 9350
2 5198 6142
1 1404
2 2929 3528
1 1633
1 1915
2 8819 2621
1 6569
3 945 7906 4903
2 8790 5274
3 136 689 8346
1 6661
1 6606
3 2083 5451 6308
2 1875 3790
3 6786 7956 578
1 9481
1 6809
1 46
1 9152
1 8368
7 6439 9444 6074 45 2419 1115 3675
1 4264
2 9732 6883
1 2388
1 4759
1 7806
1 9908
1 688
7 4318 9942 703 1082 3625 3295 2277
1 8524
4 923 5403 4269 1146
5 4448 6595 5370 2114 6314
1 7749
3 2136 7558 324
1 3492
1 7362
1 9796
3 9172 907 4453
3 9935 7511 2059
3 8008 9531 787
1 5216
1 7069
1 7545
5 7375 6897 2965 102 3925
2 2822 9371
7 9305 8635 4875 3714 3859 2882 9720
3 3883 1805 3350
1 2574
1 6092
1 3472
5 8513 8990 158 6659 4303
2 5850 1040
1 4605
1 7668
4 9681 2155 2685 5174
1 8788
1 1689
1 4904
1 5950
1 9232
1 7931
2 7477 9907
1 2917
3 8932 5424 7132
3 1177 4586 19
5 143 7675 9519 3502 8684
2 2439 9602
1 1561
3 2492 3773 8246
6 5352 5022 4798 4522 7663 1320
2 2228 7999
3 8347 2710 7509
1 6777
3 2972 8369 2335
1 7276
2 2498 8090
3 2495 6985 2602
5 4959 932 7708 3342 6617
2 8442 341
5 7890 2437 9840 48 8636
2 9690 8302
1 1679
1 7055
2 5575 9264
2 4097 6289
2 9266 8488
1 4717
1 2425
1 9914
1 8155
2 4120 851
1 9120
1 3994
2 8731 3143
2 9712 205
7 1093 7269 1155 7626 8524 948 2090
1 2348
2 1284 6868
1 1532
2 7119 2726
3 3858 9222 6195
2 8380 5445
1 8146
6 1046 4539 8305 9417 2374 4544
1 521
1 4292
1 9787
3 5656 8937 9507
1 6577
3 955 9301 9617
1 9767
1 8642
1 187
3 2168 4902 411
6 1907 8714 4809 2825 217 5137
2 3140 2442
5 9798 263 8577 2160 496
2 2896 3685
1 3484
4 2244 9755 8981 5253
1 8838
2 9382 8439
1 9351
2 7017 9150
2 207 1262
1 6442
1 2191
1 2772
1 6368
5 1179 1235 7444 1662 7458
1 3653
1 4579
2 4264 7008
2 8134 8916
1 9609
3 1279 8055 349
3 688 7718 1239
5 7890 8139 7069 5019 1960
1 6756
6 5085 2393 5528 8265 5229 5254
2 1963 1361
2 2324 3246
1 9694
2 1928 4119
1 2362
1 8609
1 319
2 8481 3784
1 6122
1 712
1 5929
1 8530
2 4044 8482
4 2149 2530 508 6179
4 2644 8084 4354 4882
3 3077 499 531
1 7237
1 7526
2 6315 2190
1 8901
1 3381
3 2758 5540 6295
3 7554 2416 9213
2 2095 4961
3 9994 3173 2705
1 5012
1 3879
4 2063 8572 857 5632
1 2576
4 1337 5949 5855 6236
6 209 1336 3307 3164 8514 806
1 2090
1 4860
1 7271
3 1708 5965 8073
1 6436
6 2870 9815 4005 6109 6223 8294
2 7970 9357
2 4325 6716
4 5551 9816 7841 7494
2 4248 1238
4 5972 3568 1644 3991
1 3176
1 1737
3 9673 6256 3447
1 8095
2 9298 6148
1 2015
3 3589 1614 4756
2 6352 2794
2 1152 2164
5 2716 6124 9627 1659 3022
1 2851
1 7738
1 6401
1 1131
1 6805
3 9233 5942 6363
3 1113 2344 3903
1 8417
1 8240
2 498 7208
5 2324 7408 4162 4409 2340
3 4685 7521 6771
1 5302
3 3594 6462 436
1 2874
2 2646 7298
4 2836 5416 9234 9749
4 8116 5461 2541 4404
1 8345
1 1287
5 3078 6097 9557 560 3766
1 1655
2 9397 9979
4 509 1717 5706 83
1 5968
1 1351
5 2742 6426 5067 2355 7503
4 5974 2629 5024 478
1 2968
1 2006
4 7294 2830 9013 459
1 7104
1 2057
4 8492 4736 7113 6947
2 9194 239
1 4391
1 4264
1 9087
1 2757
1 126
1 9123
1 4688
1 3896
1 9908
1 9307
1 3842
1 4520
3 5356 3652 536
1 7039
1 7210
2 8553 3569
2 2180 7576
1 6112
4 7743 5145 3443 4339
1 7686
1 4565
1 171
1 7672
1 4438
1 8877
6 5380 4746 6639 9171 3810 4955
3 6078 9849 7924
1 714
2 9811 8735
1 228
3 7482 4878 1732
2 9674 6485
1 5898
3 5765 9482 1416
2 4987 6908
3 7360 4889 5048
2 1226 6585
4 6044 2330 5678 9381
2 3764 5939
1 6474
1 1107
1 8426
7 3875 4018 8442 870 4962 5966 5680
1 1973
2 586 9556
1 6887
3 1667 2981 9135
1 3507
4 7375 7895 6352 9714
2 9293 5068
2 3394 4727
1 1200
1 414
1 9504
5 4897 1585 3723 1271 3437
1 5238
4 9728 6414 1812 5785
1 6009
1 4897
1 4220
2 1851 2100
1 3329
3 1098 4222 1054
2 3679 6881
1 1065
2 4180 8968
1 4412
2 1444 4675
1 9138
4 2274 6078 9768 1426
1 6888
1 2027
1 5530
3 4050 4149 5419
1 4778
1 8386
1 2287
1 6036
1 6064
1 4967
1 4126
2 9711 7025
3 7521 3980 5066
1 2314
3 9942 4143 2619
2 6955 9841
1 8927
2 5418 3320
5 1895 4613 1703 3803 3396
1 9353
4 1808 1643 9394 1712
2 206 3592
1 4604
1 4906
5 1111 372 5773 3549 5154
2 4116 8125
4 9633 1109 5208 1171
2 8189 1747
3 9495 8071 1713
5 3063 8049 3126 2153 5096
4 4728 9535 8692 5827
1 2360
2 983 3730
1 9392
1 5915
2 3671 8736
3 8732 9493 6253
2 4841 6783
2 5851 4864
1 542
1 6206
1 6235
1 4024
2 4547 805
1 1644
1 8111
2 298 9237
1 8833
2 8739 5364
4 7302 4047 4761 9081
1 8051
1 9603
1 3437
1 4753
1 2363
2 6668 7042
1 5436
1 3655
5 2061 7086 7307 4643 1456
2 5929 4819
3 7991 4917 5469
1 4152
2 4666 3532
1 1744
5 650 4973 8973 8935 7530
1 7371
3 1724 7244 7228
2 633 5700
1 1454
2 315 7273
1 1746
2 7135 2744
1 1118
5 594 8374 3874 625 2471
1 1309
3 6074 2503 8196
2 7758 1829
1 9379
1 4359
1 6771
1 6237
1 8625
1 1496
1 6889
2 1031 4159
1 9881
2 5716 866
1 1851
1 312
1 4110
1 9061
1 6300
1 3256
1 7665
2 6827 9314
2 3438 4444
3 5162 8303 4494
1 2866
1 2999
1 8051
2 596 2641
1 7880
3 8706 2406 8025
2 1164 3539
2 9400 4541
1 5805
2 209 1382
1 6100
3 8312 2181 294
2 248 9000
1 3010
1 5977
3 6508 3953 1647
2 4643 6829
1 8336
4 3435 6560 5653 2050
1 3264
1 1497
1 246
3 4871 308 915
2 7145 6864
2 3103 7529
6 1089 7176 3495 9269 2220 676
1 7578
1 5779
1 5329
6 4929 2467 3392 2944 3367 2051
1 6332
3 9926 9642 5184
1 5629
1 9096
5 6853 6650 7197 4850 197
3 4547 2615 2461
5 9984 7958 7031 5304 7765
1 8693
1 9639
4 9266 2326 4152 6891
1 5788
1 7983
4 6069 1321 6735 3735
1 7907
1 248
1 8363
2 6258 2628
1 3834
1 6890
1 332
1 5712
3 8737 3241 5840
1 6504
2 8981 9456
2 7168 7750
5 6660 1185 9423 429 8153
4 801 2087 7694 2672
2 5812 7684
1 6858
1 2717
3 5361 7064 1412
2 3414 5034
2 4743 2203
2 7681 6022
1 8901
2 8794 1023
2 3248 4428
2 3354 6507
1 2956
2 7723 969
2 3960 5462
1 6442
1 2694
1 305
2 7388 8476
6 4677 5968 6273 4386 9070 8817
5 8048 4055 7084 736 7360
1 7684
1 2644
2 780 9895
2 1405 1537
3 7375 4380 1548
3 7934 2700 7573
5 5572 7125 5123 2756 3959
1 8365
4 1402 1676 738 1838
1 7636
1 1686
2 1668 955
3 8646 2876 9753
1 2444
2 107 4346
1 2262
1 4382
1 1819
3 9442 7000 3169
1 9385
7 714 6448 6443 607 6163 4356 6763
1 719
4 3555 4994 1527 364
2 6067 2533
1 1023
6 7587 815 4774 4234 3039 5908
1 6067
6 3250 9640 3771 3473 7859 1596
1 2811
3 9353 5159 4277
5 6848 463 2993 7939 7347
1 4138
5 1045 490 5474 9366 7641
1 7639
2 967 6495
1 3594
6 2425 6405 8121 2903 3457 7933
1 693
1 2870
1 7180
1 923
2 9697 7638
1 4656
1 584
1 1846
3 6717 3213 8446
4 37 4773 5925 4449
1 5540
2 3361 727
1 8399
4 1551 8163 2617 4286
4 3255 7653 1010 1953
1 2329
1 3269
3 703 3932 9827
1 3158
1 1063
3 9144 2307 3785
4 9799 9497 6266 2947
4 9897 5489 6224 4142
2 8409 7704
1 463
1 1866
1 8784
2 3969 5829
1 3343
3 8337 9212 7424
5 8819 9410 1855 6152 5865
1 46
4 5380 4200 457 6423
2 2821 8261
1 4237
1 1402
1 7393
1 8839
1 8830
1 8206
1 8382
2 4623 7420
3 7587 69 5874
1 7322
1 6069
4 1093 6424 4744 68
2 3429 4253
2 5716 6929
1 8694
6 6386 1124 3199 454 2273 5591
3 4857 3263 9097
1 2927
3 4888 682 1218
3 3405 9647 4530
3 1574 1938 8740
1 2360
3 4282 5082 942
2 4407 3536
1 9293
1 3930
1 5951
1 7820
1 2947
1 8279
1 8928
1 4703
2 5640 9953
1 6901
1 2174
2 2993 1022
2 2184 7046
1 6810
1 7332
2 9033 5739
3 1151 2211 6144
1 512
2 1750 2754
1 2134
1 3153
2 1113 7882
1 3315
2 653 8213
1 4956
2 3317 4881
2 1976 8589
2 825 7164
1 755
6 6930 2539 6158 1250 229 120
1 102
1 4145
2 1850 1381
1 1109
3 1077 8415 601
1 2396
1 9806
2 3898 1019
2 8494 2067
1 8748
2 8751 8657
1 3764
2 6032 5035
2 6972 6106
3 121 2922 618
1 7023
1 8136
2 9343 5935
1 923
3 8474 782 5458
2 1906 8108
3 3166 3499 9705
3 9248 3417 6699
3 9661 5183 242
2 8979 6792
6 3493 6477 584 4311 347 8249
7 5224 3995 745 4992 9267 7599 3025
1 3053
1 2734
1 3829
4 3229 585 6844 9228
2 6104 1008
1 5629
1 8402
1 4959
4 3852 7655 1573 4662
2 9175 9838
2 7895 5793
3 612 8770 5525
1 6221
2 2743 8912
3 3300 4510 9522
1 8396
1 6877
5 9274 6761 6013 9677 4189
2 2267 1597
1 8778
3 563 3253 9819
2 3701 3404
2 572 4459
4 5700 6631 8279 5305
4 1101 6446 5233 4836
1 9659
1 1587
1 6364
6 9365 6395 3929 1729 7380 4212
1 715
1 9965
1 5974
1 9389
2 7010 3008
1 7482
3 2144 8130 7441
2 1793 1299
3 2742 8128 5881
3 1263 3680 6899
2 1791 687
1 9405
1 9495
1 8681
1 6727
1 7288
1 7863
1 4304
2 834 5553
1 9735
1 4753
1 5009
4 6717 7312 7474 8363
1 9521
1 1549
4 6402 5613 5415 9012
1 6101
1 9076
3 8497 7349 4978
1 2924
1 7886
2 982 2774
1 5322
3 7500 1629 7433
1 4017
5 8868 5688 8811 566 3137
4 7733 6488 9077 1251
3 708 4324 4733
1 6306
2 4446 7011
2 6076 3600
4 8613 6968 3808 5892
1 132
1 2213
2 6031 1854
2 4677 8250
1 3484
1 4808
3 8171 4100 9685
4 1885 2345 3899 9900
2 2901 4023
1 7235
3 6839 6935 3708
2 6887 6886
1 5750
2 6489 8643
4 6689 9379 5919 543
2 6524 9825
2 5224 5410
2 6559 3674
2 433 1892
1 263
2 7098 6786
1 4383
3 3984 4748 1645
4 4253 8791 2212 1564
2 2798 9903
1 6134
1 2316
3 6825 2610 7909
2 589 2200
6 6919 9643 7947 8377 2394 8065
1 6207
1 7850
1 6772
2 1450 8016
1 6186
1 3232
1 9706
1 963
6 2927 1667 686 4667 1452 7366
2 9031 9612
5 6045 3301 2174 7578 1380
2 9097 4926
5 8819 3270 2144 1402 8759
1 6087
2 2993 6403
1 6170
1 1176
2 2798 763
4 3130 5153 4477 4615
1 8080
2 3493 7752
1 2138
2 3719 8510
1 1227
1 2337
1 8381
1 6551
1 6061
3 5924 2411 5430
1 7681
2 7950 1472
1 8393
1 4390
2 7409 3
1 183
1 8474
1 1706
4 5814 7650 2402 2509
1 3771
1 7365
1 260
1 2349
3 1649 940 7051
2 1159 2022
3 5354 4473 4776
3 7160 3015 3207
2 2274 4845
1 6369
1 9871
1 476
2 3534 3552
2 9352 8797
1 2183
3 362 9905 2803
2 2213 2322
1 8038
1 8416
1 7436
1 9093
1 8361
4 2271 2178 2588 6138
1 6095
1 8421
5 6504 4916 4127 2632 2206
1 9888
1 8055
1 2527
1 1510
1 5922
3 5020 986 7222
2 2822 4518
2 3228 2872
1 8263
2 947 9600
1 7465
1 5257
1 9138
1 1609
1 1606
3 2095 5396 6099
2 1794 7326
2 4942 2562
1 2794
1 1328
2 6961 8277
3 2000 4317 5139
1 2035
1 2064
1 3528
1 7467
1 130
1 7275
3 9270 1181 28
2 3349 5798
2 9690 2948
1 1037
2 8642 3020
1 3818
1 509
2 4282 3196
1 959
2 4751 7311
1 6004
1 8786
1 9860
1 18
9 5924 123 3952 1885 8701 3017 707 604 6514
4 2975 2871 8939 8917
2 6051 1291
1 6215
1 4127
2 1878 6619
1 7733
1 7496
1 9820
4 170 6365 9631 5571
1 4146
2 1671 2343
1 5709
1 5023
1 9049
4 7816 1341 1942 8923
1 4599
1 859
1 6547
3 657 1724 7621
1 5589
6 8130 2329 6075 2727 5600 3827
3 2494 5626 100
2 7347 6092
2 4948 890
1 188
1 4498
1 7381
1 6049
1 58
1 1028
2 8312 4076
3 575 202 9988
1 8883
1 3788
1 7553
3 5020 917 8789
1 2628
1 9566
4 5135 7044 5623 9040
2 6214 824
2 9844 5622
2 6364 5285
1 3949
3 4830 598 6997
1 5708
2 556 6287
1 7594
1 3005
2 9971 6501
2 5424 1331
3 5018 8940 6035
5 5100 1427 3104 2854 2891
1 4242
2 5828 2831
1 1268
4 5520 1898 8317 8956
1 1908
2 5337 6039
4 4050 2017 9566 776
2 2083 422
1 5470
2 5835 8427
1 886
7 5117 3731 9695 9585 4421 6143 6682
1 17
2 8055 2912
1 2682
1 3393
1 5000
2 4637 4618
1 64
5 9681 9661 3561 1627 2165
1 8369
8 3493 3588 5314 8506 3257 1532 3591 3139
5 6475 8632 5926 9664 2318
1 4206
1 9497
3 1241 3216 9760
1 8916
2 2784 21
1 6939
2 7680 3530
1 6409
2 1938 7997
1 720
2 6664 5794
1 615
1 9330
1 7797
1 6203
2 7416 77
2 7040 7817
1 8005
1 7098
2 2513 6187
2 696 3193
1 2037
1 6630
1 670
2 552 588
2 9954 8165
1 6929
2 8512 3146
4 8941 5556 1700 5856
3 5594 7772 953
1 7134
2 6902 6611
4 1295 5656 6606 474
2 9278 5427
2 2511 1631
1 9554
1 2896
2 6219 8551
3 7906 3192 912
1 1351
4 8499 3703 7154 9290
1 144
1 2239
3 9772 8276 7538
3 8175 5103 9452
2 3220 7662
6 8855 596 3318 3879 3817 2690
6 196 6797 5214 7863 8868 6134
1 3349
1 5559
1 5337
2 9025 3011
2 5551 2057
3 5085 8709 7740
1 4686
1 382
2 7655 8253
1 4711
3 4393 8225 8188
2 8884 7227
2 4581 9608
3 8147 2497 6998
2 6460 8373
3 1545 2661 3476
2 7171 620
1 3576
4 5867 4185 2729 384
1 6285
2 9934 4484
2 6328 5476
1 1627
2 1352 9087
2 6939 8452
1 4744
1 6526
2 7033 6345
3 4236 2631 9754
1 6592
3 3852 693 8209
1 7494
3 7125 6534 6977
1 5745
5 7294 1528 6006 7922 1278
4 121 5109 7263 6155
4 5803 6600 6532 5717
1 4762
3 4550 1862 7807
2 9459 3205
2 3817 8077
1 9013
3 7626 512 1959
1 3858
1 9455
5 5961 4849 8306 6389 2707
6 188 646 1864 1279 9844 2180
3 6436 6855 6554
1 7892
2 5987 8288
1 6368
2 9485 382
3 9082 5354 4469
1 3922
4 6190 9993 4086 740
1 4735
1 2820
1 4109
2 2061 2008
1 3578
2 8162 360
2 4875 8862
4 416 8828 692 1827
8 6475 9719 2495 7246 4397 8233 2694 7734
3 8027 414 7918
2 8706 9160
5 5987 2613 680 7989 291
1 1763
1 113
1 2446
1 4567
4 5216 6889 9105 462
1 6873
4 4322 2578 6513 9044
2 7001 8450
2 1133 2481
1 2526
5 650 1839 6246 5279 9100
1 9875
1 7595
2 3449 9019
1 4355
3 8027 5160 5094
1 2354
4 7081 288 9578 6372
5 2836 1928 9635 2650 6909
3 8139 1122 1496
2 2600 5281
3 2365 7391 7430
4 4345 9982 8500 9836
2 3300 8384
3 7247 3306 2873
3 9769 5256 3142
2 5020 2874
2 6598 3847
3 2791 1875 5955
1 5840
1 1200
1 5125
1 123
1 1527
2 2869 1716
1 5339
1 4496
3 7724 675 8042
2 5871 283
4 3995 5158 5880 4363
1 5654
2 188 2841
2 2521 4840
3 8701 4407 2451
1 7698
3 9769 4218 860
1 7566
1 8046
2 9797 3935
2 8469 4568
3 7223 493 8473
1 9045
1 5044
1 9951
1 5149
2 3706 3667
1 5852
2 416 8448
3 8048 9128 8903
1 3331
1 9035
2 9459 4299
2 3528 833
7 6873 9534 6972 4175 7262 2348 157
2 2737 6656
4 222 37 5380 6032
1 4277
1 909
2 7044 7925
4 2037 7927 9688 3117
1 3236
1 542
4 5414 2480 4999 4914
1 8877
1 6409
2 2658 2062
1 8249
1 2839
1 3714
1 6540
2 4849 1975
2 2816 2762
1 8336
3 3270 7717 9093
1 5112
1 4412
6 1657 9767 1144 5097 8552 371
1 6093
2 1857 9880
2 4806 7030
1 1487
1 4175
1 2020
2 9168 4717
1 2351
1 3628
4 9109 1965 3494 3088
1 7459
2 4136 9197
1 3712
1 2390
4 8269 6087 9072 7915
2 4500 6927
1 9249
2 653 3112
2 8431 7103
1 6342
1 3143
2 5815 2468
2 2511 5442
3 2713 8733 5073
3 5771 8454 6941
3 4796 356 4788
5 6362 6862 840 1592 4648
1 5975
5 9585 5589 9488 7528 6589
3 9708 7258 4029
1 87
2 1350 1495
1 1877
5 2223 7690 6779 9321 1915
1 222
1 2356
1 3327
1 273
1 229
1 2129
3 7593 5406 1001
1 7349
1 8166
1 8069
1 5085
2 1762 2133
1 7685
1 7732
2 5312 6113
2 688 3567
1 781
1 4174
1 6545
1 8861
1 5812
2 18 1835
1 9837
2 7962 5701
1 7890
1 3992
1 4318
2 217 3360
2 1486 754
1 6492
2 2124 7502
1 5745
1 8218
2 7354 978
1 4735
1 2788
1 374
1 1435
1 1476
3 1676 7979 6923
1 1756
1 2921
1 7053
1 1081
8 1093 9384 228 4787 5062 5324 2747 3976
4 9885 8905 9387 4574
1 7665
2 9863 3349
1 6277
2 9254 190
2 8542 2025
1 5032
2 5163 304
1 2352
1 8250
2 4646 6384
1 925
1 4824
2 6071 7881
2 9183 3423
7 5961 7489 9433 1031 7285 4752 1605
5 6097 8521 1652 5997 5072
1 8970
2 8441 8447
1 752
1 4433
1 3098
1 2919
2 9844 4612
1 1400
2 5815 4672
3 9293 9678 3028
1 3328
4 3858 4289 8987 5388
2 5810 464
1 1635
2 5746 6719
2 6290 1374
1 5268
2 2115 2397
1 7704
3 4842 9648 3669
1 9534
1 1610
1 7347
1 162
3 529 8316 3665
2 9965 81
2 4097 76
1 5727
1 2715
2 4345 5580
3 1810 9634 4093
4 7832 900 6662 7038
2 1518 6918
2 8849 9704
2 973 3057
1 2172
1 8775
4 9096 9385 3800 9980
1 3479
2 263 3171
2 6838 262
1 8544
2 3968 6879
1 2685
2 938 6029
2 5523 4508
1 2274
3 9351 4210 3634
1 3554
1 2956
3 4145 3484 8575
1 5260
3 1908 8705 1679
4 4228 1232 2387 4359
4 9652 310 1038 7721
3 4924 1070 9409
2 8287 6932
3 3483 9579 6254
1 9723
4 9480 3412 9581 3407
2 3731 6701
1 5961
1 8734
1 7499
1 233
1 9673
1 7019
1 2282
3 4577 2867 9745
1 5869
2 2399 3085
2 6092 9537
1 3603
1 8076
1 4471
3 7390 2763 6408
2 4897 7581
1 1312
2 8948 9591
1 9225
1 6648
1 5475
2 5530 8772
1 827
3 691 5988 4639
1 496
1 8925
1 5223
2 5628 7905
1 2404
5 9932 4924 7443 3462 9026
3 7958 9416 5660
2 6224 6958
1 4408
1 4485
3 2785 3312 8038
2 4402 5535
6 3461 6088 4705 7540 3834 4514
1 2976
2 6961 9696
1 8226
2 5898 2240
1 4508
5 8313 7322 1304 7651 5970
1 7863
3 829 572 636
1 5615
2 8176 94
4 4405 5831 567 4872
2 6960 3579
2 1508 3844
4 6159 5920 9498 9180
1 1815
1 9779
3 5039 4750 6353
1 547
1 7491
3 1751 5122 8321
2 5238 9941
4 353 3024 5648 7473
1 7899
2 8943 5252
2 6996 3203
5 1493 9750 5218 2304 3335
2 4587 6760
2 5880 4789
1 6634
1 6109
2 1750 2721
1 389
1 975
2 6488 9348
4 3541 7247 8240 8584
1 4780
1 9438
1 4072
1 7854
1 5495
3 2848 8959 1272
2 3103 3750
1 6788
1 2216
1 5036
1 6313
1 7797
1 9051
1 3220
4 9763 2038 387 9883
1 3852
4 6812 3912 5893 8292
1 9339
1 9436
2 4149 4593
8 6607 6955 820 2846 4936 3938 4795 3753
2 3899 2242
1 825
1 2039
3 8706 2396 458
3 9373 8787 4144
2 448 2886
5 9882 5402 2019 8310 9846
7 4242 9984 1608 3881 5651 8043 8799
4 4677 3507 3355 5791
4 7318 4735 7776 8123
2 8218 2169
1 3879
1 5386
1 3551
4 8049 9272 9287 5993
1 7560
1 6999
1 7277
4 5836 5417 8915 6952
1 1576
1 2756
1 847
2 5756 9663
1 8254
1 2733
3 2361 1273 1613
1 5206
3 5505 9702 6834
2 8753 9975
1 9554
1 3068
5 2821 3158 3375 6996 5382
1 2643
1 4045
1 2842
4 5765 4069 1263 7122
6 3232 3023 4236 8873 1204 1547
2 2250 4801
1 3858
1 6389
1 1825
1 9700
4 3002 7400 1420 9675
1 6625
2 1232 5537
3 1133 2501 472
3 6437 5523 507
2 3271 4909
2 5625 2519
1 6102
2 4554 9005
2 3449 9457
2 5818 3605
2 4108 9073
3 5961 4393 6974
3 3402 7409 2990
1 8901
4 7614 9514 1407 6120
1 5579
2 9860 884
1 2578
1 8826
2 5069 9803
3 3158 3362 8411
1 1878
1 2161
1 1708
3 8210 1329 3564
1 5995
1 1748
1 2132
3 9871 3420 7857
2 1666 9573
1 9952
1 7802
2 6502 4576
6 586 5061 6018 1147 3826 5619
1 1081
1 6476
1 8629
3 1811 7368 8238
3 997 1669 191
1 1758
1 9639
2 4252 2910
3 2531 4899 8082
1 567
1 5666
1 4109
2 2434 8774
1 9705
1 2362
4 9263 3329 5087 6926
1 7434
5 3603 2011 1062 3577 1810
2 5656 5599
1 1487
1 568
2 2427 769
2 9388 7364
4 2388 614 8847 9034
1 3283
4 5847 3780 4071 6518
1 8590
2 8702 8097
1 3594
2 4570 4536
2 3270 3055
3 5312 2761 8223
1 9382
4 4640 6791 2217 160
1 2793
1 9799
1 810
2 7780 4441
1 9598
2 3555 4274
1 4747
1 5818
1 5400
1 3830
1 6995
2 724 2099
3 655 5771 6351
1 2994
4 3712 5672 5578 1470
1 2319
1 7587
2 4287 7855
1 9308
3 4884 3829 6618
1 3389
2 4975 2814
2 6237 7097
2 374 6305
1 3683
2 3640 742
1 2216
2 1609 4338
2 4491 9707
1 6132
1 1227
1 3647
4 7269 55 7849 9059
3 4183 4952 2758
1 591
1 734
1 3589
1 3764
5 5393 7525 5721 4724 9411
3 4582 5561 5604
1 6296
1 4547
2 9851 6265
1 1295
4 2870 2901 8013 895
1 7373
6 1458 2957 8588 8837 9862 1956
7 6837 4934 5979 1789 894 4090 1589
2 9062 1318
1 2648
1 9690
1 1476
4 281 9796 4835 2191
2 3046 3451
2 6853 8336
1 9433
1 6377
1 3339
1 6832
1 4855
1 9274
1 7875
2 8080 2992
1 8779
2 3717 9226
2 995 1069
2 7901 2401
1 778
1 9891
1 1033
3 6890 8224 6084
3 2551 4935 96
1 8316
3 6114 1310 4295
1 1843
1 7052
1 4724
4 2437 4857 5886 8041
2 6158 9390
1 4021
3 5354 7162 8756
1 410
5 274 2215 4017 434 7066
3 809 8359 7295
2 5116 6100
1 502
3 8997 5544 9101
3 5386 859 6655
1 4808
1 4285
3 1296 4070 1694
6 2841 8602 8007 5383 8658 4414
2 7318 4594
4 4242 5797 306 5800
1 8652
6 8577 1671 1200 9291 2312 7977
3 3703 1997 4741
2 284 1923
1 3765
1 7699
1 222
1 6797
2 9438 4406
2 2494 3121
3 3587 1523 1718
2 825 366
4 9467 2430 575 2527
1 1532
2 6741 4028
3 1657 934 5191
2 9392 3449
1 2963
1 5537
1 2481
2 572 1274
1 7111
1 9501
2 1349 174
3 9521 5467 5641
1 4761
1 2646
2 9959 6869
1 3454
3 6930 2162 2381
3 9513 8144 574
1 7638
6 5575 4529 6526 7724 5114 3353
2 9144 149
2 2125 8304
1 3438
1 3640
2 8269 6172
1 1652
3 7054 3048 5950
3 2958 6276 2231
1 1734
6 3069 8134 3867 9611 8673 2560
2 9602 2932
1 1027
1 8225
2 8254 9923
2 408 9699
2 4364 7760
1 4017
4 2029 4486 3432 853
1 6378
4 5131 2806 267 1517
2 6308 8545
3 3492 6132 1949
2 9567 8718
1 410
1 418
1 7247
2 4824 2366
1 1148
1 308
1 1666
1 9380
1 6678
1 8142
1 7970
1 3305
5 942 456 8878 6325 2583
1 7071
2 7811 2208
1 9021
2 4305 2749
3 744 9613 7597
3 3527 6702 6125
3 6053 1735 5830
1 350
1 8299
2 7457 1697
1 1731
1 7654
4 8404 276 3573 7336
1 8067
1 3126
3 3103 6211 9847
1 8898
1 2138
1 7201
2 6280 453
3 8158 4150 6535
5 9567 4562 2718 8792 460
1 417
2 1770 1520
1 3782
8 3114 6531 1911 677 4111 2143 3873 1425
4 4710 2455 7104 1414
1 6320
1 3877
1 6559
1 3493
2 8024 1275
1 2009
4 6563 3214 1533 1881
1 7014
2 3419 3940
1 8188
3 9133 1246 5003
4 3449 8621 1114 7747
1 1960
3 6781 7782 4627
1 4527
3 7863 7970 4635
1 3339
1 3712
2 9728 1748
2 7722 4839
1 9865
3 4108 2864 9406
1 2135
2 3474 9805
1 3966
1 7267
1 3952
2 2028 6264
1 4650
4 2017 7730 7636 2783
1 8895
1 1789
1 9144
1 3654
1 9751
2 3836 2457
4 7482 2198 8498 9899
3 1609 8631 1783
4 8786 7058 5344 6324
3 3708 4366 755
1 5324
3 8027 13 752
2 5948 897
2 2504 1978
1 3999
1 1998
3 7347 2073 5222
3 7905 4231 7896
3 6807 4480 9119
1 4492
2 2361 5272
1 2428
2 5972 2316
1 139
1 7545
3 2149 9147 4620
3 6916 410 9469
1 2423
3 1545 1327 6912
6 3635 7998 1531 4769 5796 8523
1 376
1 4650
1 3996
3 5266 4632 1409
1 9870
1 6618
4 6917 6524 7949 8754
2 2944 581
1 7122
3 4218 9335 4696
1 4830
1 4942
3 3064 7790 4426
4 9793 8068 4096 1491
1 2461
1 1109
1 4221
1 466
1 5658
1 9700
1 6404
1 6050
1 9947
1 1256
3 2036 4784 8412
3 4972 4575 3182
1 572
1 1124
6 9379 6249 2063 2972 3296 7005
2 2270 3450
2 2906 4604
2 3466 1636
1 5748
6 6080 9339 2167 6882 7904 6846
4 6852 2674 8122 608
1 9442
1 4721
1 9251
5 3758 691 9959 5592 6736
3 5929 380 477
1 4680
1 7858
1 789
2 631 2414
1 9448
7 6536 2528 5505 5366 1202 8943 6480
2 3307 7355
1 4921
2 4539 8385
2 8331 6382
1 1085
1 7883
4 1093 5372 5318 4490
3 7763 3415 9828
2 8049 626
2 2005 6950
2 6628 9170
3 9337 3751 9194
2 2254 7964
1 3526
2 4915 3031
3 5614 5170 4309
1 4438
2 1142 106
1 3568
3 6134 2704 1233
3 3002 928 1515
1 7029
2 6815 8893
1 1758
2 2342 7789
1 5972
1 5759
3 923 4623 794
1 5060
1 5586
2 2249 71
1 8068
1 4888
1 5293
3 805 5662 8455
1 4773
1 8044
3 2999 408 2679
8 8751 8594 9971 2896 3033 4358 3955 6734
1 6304
4 979 9176 3297 6938
2 9004 9214
3 4973 6628 7049
1 4124
2 6307 61
3 8497 4768 2409
1 7498
2 64 6431
2 9719 709
5 2209 9438 3862 2697 207
5 6071 8166 1349 2790 980
1 6632
2 6521 5731
4 1750 2660 4244 2266
3 4922 1920 6588
1 7904
1 6303
2 1234 97
1 8492
1 4010
4 9888 4183 5568 3820
1 4280
1 1912
2 4062 3467
1 3990
2 1659 6102
2 7557 4720
2 6032 2372
1 8518
1 9284
5 1132 3478 2445 6808 236
1 8760
2 4923 3325
1 3543
1 3859
1 8522
1 4845
1 7780
1 7036
1 4773
5 655 1007 6527 4997 7839
1 4361
2 2652 7580
1 5960
2 938 8571
1 5293
1 3305
3 2952 5777 7343
2 5271 3170
4 8492 9856 3359 2453
2 8005 2358
1 1710
1 8149
1 8390
1 2255
1 615
2 7878 5639
1 5395
2 1608 6267
2 9068 2514
1 3290
1 1089
3 230 1764 6077
1 6206
5 9771 4262 7674 9168 9660
5 2037 9175 233 3422 2890
2 6825 3131
2 1210 7073
1 4653
3 4146 4276 8414
1 2957
3 7209 6052 4838
1 9321
3 6122 6936 2283
1 2446
2 5929 363
1 8469
1 1194
4 3250 2267 685 7974
1 4944
1 1795
1 3259
1 6123
1 6441
1 7199
4 4874 7423 9715 3503
2 63 9146
2 2792 8870
1 9797
2 5006 5485
2 3431 3982
1 2896
3 7663 8742 6043
1 7448
1 5733
1 6384
1 5715
1 5403
2 4906 4361
1 1658
2 4863 1797
1 8592
3 7871 7151 902
2 3329 9399
1 6439
1 5691
2 3616 9861
5 6790 4557 1867 9199 3745
4 5877 2388 5193 314
2 2459 5043
2 1105 3774
5 5674 1757 4337 2558 8645
1 7704
4 1545 5596 2580 8487
1 6919
1 7000
3 2526 9219 2159
5 4255 4573 2204 7195 280
1 8090
5 982 1781 4479 5439 4489
1 7950
1 1457
6 9888 6767 6465 5903 4214 1206
1 5110
1 860
1 5769
1 5858
1 1285
2 6140 7153
2 7808 391
2 9871 1779
3 8760 1706 5547
2 6075 8379
4 9511 3321 8609 5542
2 8579 8644
1 5868
1 2595
4 8887 2324 4968 903
3 8706 1836 7618
6 5867 1183 1963 8088 1020 8470
1 1444
2 4994 1453
3 9521 6505 8877
1 4587
1 3056
2 3566 2987
1 7798
1 4038
1 3056
1 8513
2 2525 5448
2 5851 4103
1 505
2 516 8682
1 6352
1 8832
1 5060
4 9258 5490 3222 6863
1 7786
2 1051 317
1 7083
1 131
1 8600
9 8048 448 6023 9892 7223 9308 2104 1105 5517
1 1189
2 1840 260
2 4744 904
1 7930
2 3742 7299
2 697 5330
2 5850 6966
1 4024
1 4537
2 6587 2861
1 3059
2 1798 3069
3 7826 4462 5199
2 9361 9163
2 6793 3453
1 8387
2 7209 6817
1 4456
2 5568 6139
1 4133
1 7753
4 5579 983 105 4502
1 6212
2 6391 2671
1 7804
1 543
1 5979
3 9723 3271 3338
4 188 2093 2834 264
1 6669
1 9386
3 2090 4683 4663
1 2870
5 4246 5053 4636 896 256
1 9253
1 4328
2 7863 7329
2 1573 2778
1 380
1 5486
7 3875 9708 8133 6559 9623 6478 9747
1 7823
3 2061 4682 6473
2 4729 6320
1 6384
2 9681 3743
3 7425 3691 5015
3 7569 7516 5270
1 8044
1 2143
1 7050
1 4808
1 124
5 4554 4712 8796 1314 3572
1 4391
2 4200 6691
1 5626
1 9876
3 6725 7139 3919
1 9638
1 3674
1 8018
2 2180 1265
3 7425 8747 1690
1 8858
2 8887 8062
1 5403
3 5006 1240 3313
1 8882
3 9660 8885 5492
2 3894 1521
1 1246
3 8497 678 2265
2 9557 1774
4 4686 126 8330 7536
1 9392
8 6604 7884 2398 4213 9224 5307 1742 838
2 8512 7574
2 9155 5882
1 8162
1 4109
2 1750 2111
3 829 751 3520
1 6410
1 7773
1 2404
2 8902 4964
4 9239 9049 246 1807
2 8822 50
3 9138 5420 7527
2 3931 6456
1 419
1 5904
2 147 8000
1 2276
1 5645
1 6402
1 2014
1 209
6 7537 1516 8129 8372 6627 2634
2 1685 6592
1 8558
1 283
1 995
1 6266
4 1845 6906 8116 6540
2 8723 206
1 1461
1 8544
2 7758 4633
2 6206 1332
1 6185
3 827 669 5378
1 7165
1 5076
1 2197
3 877 7534 89
2 4830 4708
3 1093 336 2124
1 498
1 2439
4 6198 5454 869 6707
2 6312 671
1 3370
3 4805 6850 4704
1 2422
1 3859
2 5976 9092
1 251
2 1614 219
1 3515
1 7273
1 3021
2 9678 3693
1 9658
2 2517 2177
1 1788
7 8289 9997 3471 5260 3331 4888 6580
1 815
3 4094 7955 2624
5 2642 3010 5992 7965 7367
1 549
1 2015
1 8856
1 880
2 9003 2435
3 1726 6036 8157
4 2326 1907 5860 9153
2 4791 9185
3 675 5436 5070
1 810
3 8300 788 871
2 8315 8550
2 1644 7179
3 7670 1588 1438
1 1561
1 8515
4 8946 6240 3515 4255
1 512
3 6114 9032 5367
1 7107
1 1234
1 3327
2 3078 4166
1 9679
1 8744
2 9216 163
1 5941
4 8343 4866 9525 6964
1 1696
1 8508
1 8774
1 9582
2 8428 7617
3 9758 8688 7842
1 4706
1 7150
3 2291 1041 3433
1 1398
1 3787
1 1451
1 2363
4 8221 212 3058 3609
1 4170
1 6784
4 8499 7152 7143 8438
2 4855 8721
4 4445 2975 8469 1888
2 8794 1488
1 5406
2 27 6233
2 8222 8417
3 7813 7468 1870
2 8684 1952
2 6497 8806
2 7607 4442
1 7029
1 9095
1 6963
2 5925 30
4 3621 5210 579 9107
2 9551 9068
1 6595
1 2134
1 1911
5 1976 734 4546 9939 9641
1 5546
2 7467 7379
3 5841 1841 8833
2 4043 877
2 2934 9184
1 650
5 4766 389 5266 1343 863
1 3149
2 9200 2156
1 121
1 3952
1 4855
3 3546 6643 7144
2 4492 5890
3 9766 3542 1364
1 1971
1 3183
3 8375 8898 8391
1 3292
4 9183 9179 9360 396
1 9409
2 9110 8326
3 6594 3672 2377
2 6874 2239
1 7364
3 6536 9239 3235
2 3722 7063
2 8299 6565
1 3805
1 5244
1 9240
1 9090
1 4931
2 7670 3508
5 7593 51 47 8094 6910
3 3559 8408 2681
3 1420 4287 6982
1 7772
1 8201
1 621
1 8436
1 7963
1 6236
1 7525
3 1657 5399 5767
1 3728
3 4915 403 3292
1 5406
3 1804 5967 813
1 8638
1 998
5 8133 4413 5471 3560 1577
4 4108 4763 4369 5918
1 9850
1 871
1 7160
8 2035 2821 2772 295 3044 2811 234 9130
1 6169
6 526 6219 8760 2576 2209 5657
2 6894 9413
1 2865
6 944 7688 3613 7615 616 7746
2 357 6025
1 20
3 7359 5824 7507
1 4740
3 5243 8501 5506
2 166 5605
1 6540
3 3526 8785 841
2 6839 2599
3 6059 4334 8066
1 295
1 7986
4 9254 1882 4126 8823
2 934 8064
1 291
1 794
1 5866
2 5638 2767
4 1177 9950 9694 189
2 9374 858
1 8277
6 3758 9238 6827 9066 1208 8489
6 2975 6290 6934 9475 5753 1288
1 3479
2 7898 1130
1 311
2 9627 1236
3 9340 6933 2974
1 1948
1 6004
5 3180 9388 656 5770 421
7 4228 1476 2546 6070 1802 9364 3781
5 4651 9852 237 6705 1542
3 4098 444 2243
1 18
7 9971 4738 9373 7792 1135 5611 5104
1 1715
1 5389
1 7645
1 4780
4 9659 3836 8976 7335
2 7665 6216
1 1925
4 4200 5746 2855 9937
1 196
2 8705 8818
2 2550 3400
1 2290
1 7065
1 4706
1 5230
1 1685
1 4747
2 3994 9460
1 8601
3 3172 3255 7780
1 6322
2 1350 7567
11 2006 8289 8312 64 8592 1551 6396 4061 116 9035 2683
1 5413
2 4682 1214
3 4492 7966 6637
1 3452
3 232 8783 6213
1 816
4 7591 7317 7783 5669
3 1454 694 4905
2 1314 6493
5 2138 3643 6418 8994 9886
3 2965 7345 1367
1 9882
1 1628
1 854
2 7197 4112
7 2627 1386 7969 2147 4202 4187 3956
3 8221 7332 2715
1 492
1 3536
1 8522
2 1903 9587
1 9011
1 845
5 5877 3886 6360 4780 3107
2 4018 8332
1 1855
1 3034
3 255 7157 6787
1 6105
1 2522
2 113 4611
3 7625 7265 5813
3 7325 5057 7093
2 8442 2187
2 6906 1809
1 5929
8 3438 9879 7340 7877 4360 600 180 4263
1 6047
4 3758 1549 4597 5234
4 5802 1803 7756 2696
1 6492
3 1668 3969 8479
2 6107 6709
1 5082
1 62
2 6383 1540
2 2207 6788
1 9319
2 172 1639
1 8079
6 8032 159 8104 7824 9106 2182
1 3717
7 2779 3646 6470 9060 7735 5944 8012
4 208 5643 3178 9376
1 7571
5 8048 4353 7459 9728 577
1 1928
3 5579 1972 1116
3 8322 9341 2680
3 7532 7634 3738
2 7027 5316
2 4256 5308
1 1157
1 3005
1 1947
1 7016
2 1751 6399
2 3240 5787
2 1787 5099
3 5649 8894 7943
4 3905 3679 7389 2007
1 9519
3 522 5608 1826
1 87
1 4595
2 3420 8371
2 8546 8599
2 6394 7801
2 516 8869
1 1222
2 3437 9748
2 9588 5998
1 463
1 2520
2 4796 5650
2 8850 2764
2 8812 5473
2 5552 6147
4 8256 6162 5778 4208
4 6790 5349 6 9644
1 8966
1 1186
3 1122 1675 7461
1 2865
4 6902 9062 6432 5809
1 8048
2 5663 3466
2 6525 3032
2 2927 4113
3 8222 6141 3678
3 4755 4707 9036
1 5099
1 2840
3 8095 161 9346
1 3259
4 4050 5826 945 1665
3 1110 9700 169
1 6189
2 1060 5570
4 2851 5633 168 5016
1 2905
2 4827 7173
1 1496
5 6066 2627 8867 7806 6083
1 465
3 9758 1795 8435
1 3898
1 2907
1 8941
3 9291 2587 35
1 854
3 8325 8178 9173
3 5354 1033 1223
1 6728
2 3068 1018
1 1957
2 6367 3226
1 4645
2 6304 2197
1 7040
4 1499 8723 4976 84
2 3474 2472
2 7119 1156
3 6249 2418 8788
1 4780
1 9984
3 7035 8375 2048
4 3673 9278 2014 1123
2 1668 883
2 1857 8659
1 4131
1 246
3 4942 6090 1536
1 8940
1 587
1 6289
1 9428
2 4360 8342
2 8258 6571
1 5413
1 688
1 7044
1 302
1 7567
1 4697
1 6454
2 3412 8341
1 2361
1 4577
1 8095
2 8000 4847
3 3927 2376 4245
2 6657 1633
1 3568
3 3279 4182 4020
1 4528
2 6686 7914
1 3552
2 6088 9780
1 2009
1 8930
1 1698
1 3842
1 898
3 5415 5872 8848
1 6528
2 4365 5026
2 4180 4478
1 7162
1 4442
1 3509
2 5032 4342
1 4677
1 9796
1 5370
4 9526 7797 8491 140
2 3021 7429
3 2326 5954 261
1 4089
2 1120 1511
1 7779
1 2011
2 9719 4440
3 9588 3189 9783
1 1724
1 7506
3 9224 3041 8815
1 9778
2 2508 4638
1 877
6 4430 3166 5638 4160 8434 2823
2 6558 7556
1 7793
2 9982 2880
2 6775 3614
2 4992 6068
2 2637 2034
3 3658 7237 3204
1 5357
1 9548
2 2338 11
4 7706 8745 3040 1134
1 8088
2 169 6483
1 8819
2 8821 3247
6 9879 6775 9215 4371 4896 6371
1 3603
1 47
1 7755
3 9897 4294 3413
1 814
2 4056 3425
1 9213
1 1113
2 6308 7866
4 522 2733 5588 7874
1 3926
1 614
1 6206
1 404
2 6995 9120
1 98
1 3555
1 2842
1 2201
2 6939 3208
2 73 4901
2 2502 2404
2 533 960
1 312
1 2686
3 1075 5255 9479
2 880 6238
2 3845 7204
1 2161
1 6015
1 7976
3 4992 2595 3538
1 3795
3 3894 7519 5511
1 5986
1 490
2 4751 2202
3 3986 3537 1483
5 3199 4448 5475 247 565
1 6595
7 7036 300 7635 1682 5601 2967 3093
1 3200
3 8516 5083 1611
1 9909
1 1132
3 7210 6082 6050
4 3587 1940 3575 3087
2 4833 9017
2 3132 4695
1 5767
1 5196
3 6626 7101 5169
2 5585 1189
2 3896 3510
4 1911 2868 9111 6301
1 1062
1 7393
1 5839
3 6906 4129 3909
1 8388
2 3888 3891
2 6859 7609
1 4225
5 7340 9297 4108 5472 6922
3 6657 3839 3983
1 2085
1 543
1 7575
1 1846
3 4289 4021 5355
1 9668
1 4682
1 4311
1 1895
1 2447
1 2303
4 3438 6181 9252 990
1 2388
1 4448
3 147 6842 1340
3 7054 3845 2630
1 6514
1 7477
2 4980 4656
2 1045 8674
2 5566 7148
2 6838 8344
1 3978
4 1110 8703 559 3026
3 5691 8219 4624
1 2428
3 1907 4791 7165
1 7693
4 7661 9446 5232 7646
1 569
1 3924
1 4312
1 6279
1 1877
2 257 7264
1 7131
2 1092 3108
3 4001 3732 8967
1 9714
1 164
1 4729
1 3069
4 6969 7348 1224 6232
1 6313
2 2405 1325
3 2822 284 4907
2 5924 546
1 1746
1 7467
1 2927
1 1425
3 7224 8934 5446
1 7937
1 3492
1 4002
1 192
1 944
1 6983
1 1065
1 6165
2 5948 8315
1 9807
3 2615 1475 5617
2 4972 717
3 3896 5209 3314
1 4579
4 5756 4993 1178 5422
1 6446
2 9513 3486
5 5797 8866 7288 22 4504
1 8846
6 6140 311 4922 8540 753 7416
3 5126 7484 729
1 461
5 3340 8962 8535 8920 5676
1 9823
1 1279
1 6990
2 1728 9670
1 9349
1 5516
1 3069
2 9735 6263
1 677
4 4989 3481 8349 8782
3 570 3080 1471
4 8619 2962 3701 323
3 1595 254 4382
1 2809
1 8762
2 1559 7596
1 1195
3 1372 2849 7600
1 2474
1 5921
3 3926 5937 8451
2 2347 9437
2 3685 6370
1 9180
3 4228 5155 9490
1 5709
4 2324 4755 3132 220
2 6405 3291
1 776
1 8625
1 5246
6 5082 7281 6298 8244 7316 2955
1 2099
5 2441 6225 3598 6652 7826
1 9071
2 8049 7435
3 3068 8164 3267
1 1781
8 6261 8048 6848 7500 1003 9890 7830 7225
3 7773 1392 2928
3 7927 3159 6226
2 6868 8392
3 3379 5231 1270
1 5594
1 1908
5 6953 5494 1142 4579 6921
6 4945 8331 5530 1985 4561 5437
3 5972 7457 1562
2 282 899
1 9144
2 4720 9007
2 6023 3045
4 5155 811 834 2853
1 5889
1 6832
3 8902 7188 7124
1 6799
1 870
1 7577
1 9766
3 1708 3379 4921
1 5961
2 3148 8457
2 7409 2759
1 3555
3 2324 592 8425
2 6360 3445
1 5411
2 1583 4797
1 74
5 9935 8549 1195 9873 4506
2 4327 9134
3 8819 9338 9632
1 2830
2 4403 1103
5 2324 1482 8822 634 9901
11 3493 3063 7665 887 8520 2716 6498 3619 6484 137 4452
1 2589
1 7443
4 207 8566 8047 5602
1 7242
4 4866 7036 5546 4610
1 6169
3 18 5009 6576
4 315 2819 6572 2971
1 977
4 7331 2860 5049 9431
3 8867 4537 9510
2 2090 3277
1 6405
8 8819 6717 9952 5197 5964 301 1132 6123
3 6541 9033 8143
1 5746
2 7489 1191
2 8319 2491
3 1155 1653 9772
4 4728 7851 2623 1485
2 9526 7245
1 9681
2 4248 7301
1 1450
1 8938
2 3002 1435
2 2763 9158
1 9031
4 9632 2498 8953 285
1 9413
1 2798
1 975
2 2373 3543
3 5583 7056 8731
1 9772
1 8683
1 4643
3 2832 9947 3221
1 2071
1 9763
2 9997 3168
1 1773
3 8106 2482 2328
2 9004 487
3 1365 5504 6471
1 2660
2 2952 1148
9 8661 4492 269 1606 8263 3266 2094 602 6568
2 924 3835
2 888 8485
1 1138
3 1140 299 3496
1 5980
1 576
1 4487
2 8299 4320
1 6540
1 2592
1 3894
1 138
1 9509
2 9515 6160
1 9014
1 1456
2 7246 4368
1 9934
1 7066
2 1963 3511
1 975
1 8497
2 5360 9095
2 6505 3237
2 5100 4873
6 1896 210 6564 3556 1035 1989
1 7457
1 4772
1 9011
3 8511 6599 6745
3 1606 795 6444
1 9045
2 600 7454
1 2976
2 8027 2499
4 4061 7211 1842 4087
3 4807 3943 2506
2 4497 8899
1 4242
3 1535 5391 3463
1 8313
1 989
1 4412
1 8886
1 4248
2 4211 7714
2 9779 155
1 5806
3 3624 1302 5923
1 6367
2 8183 1276
4 703 7584 5257 9584
1 9353
2 9658 774
1 6587
1 3004
6 8110 3769 825 2487 2720 652
1 2785
3 5325 95 6182
2 7132 3113
1 5079
1 1699
1 8911
5 9553 7831 2272 7034 3578
1 7798
4 7068 8069 8347 7613
2 4923 9325
1 6257
1 9789
3 8837 5631 5844
1 5941
2 7959 9393
1 5121
2 516 1819
1 5312
1 9359
4 622 3654 7033 663
1 911
1 3714
1 4117
1 7549
3 7707 2869 1945
1 9690
2 4117 3458
2 2777 8124
6 7001 1346 5428 5781 555 5363
4 1608 8494 8019 1968
6 7890 6981 9674 1696 5799 5792
5 4988 5338 3749 7382 6673
2 64 3402
1 4589
2 2757 6503
2 4539 1673
1 3476
5 136 2399 3393 8458 7
1 8549
1 2646
5 5771 313 8607 4025 5897
1 7712
1 3502
1 2830
3 1840 8746 166
1 6995
1 2357
3 2249 2352 924
5 9840 4729 8092 1395 2904
1 9275
1 9233
1 6262
3 3576 4097 3811
2 366 8333
1 9684
3 7570 3472 4130
1 3671
1 6136
1 4240
3 2043 7254 5687
2 9896 5401
1 6177
1 1506
1 6966
2 1624 8608
4 594 3768 670 831
2 4228 1575
1 5687
1 3764
1 9755
2 7813 9732
7 5572 1895 8944 5984 488 6108 9289
1 9371
1 8252
5 8524 1493 1878 2848 5029
2 8726 7988
2 3779 2926
4 3997 971 6146 2452
1 3992
1 7317
1 749
2 6650 8831
3 2202 3285 500
3 1050 3865 5289
1 3873
1 6340
1 7050
3 862 6474 7777
1 8669
2 923 8175
3 8661 8074 5593
1 8489
1 913
5 7543 2194 2575 5513 5496
4 284 3900 6452 6785
1 1487
1 1416
2 715 6731
1 2694
1 6657
6 1306 3130 4082 3650 8190 3167
1 6754
2 3577 6376
1 1872
3 2486 3649 6112
2 1896 9037
2 8889 2415
1 6585
1 6405
2 7211 8802
1 5338
1 589
1 2600
1 2585
3 4193 4645 6510
1 7702
3 2324 4765 6340
1 2797
4 6894 7198 1615 5873
1 5994
3 1695 4870 9008
1 6812
1 8653
1 8115
1 22
6 9263 9054 4806 3994 716 4723
2 3147 5668
1 1558
5 4989 7986 2042 2046 3970
1 1331
1 2244
2 7668 2072
1 6412
1 6794
2 3307 5996
4 2822 419 9521 8299
2 5486 1824
1 7579
1 4945
1 6502
6 4168 2782 1481 2513 7642 5095
4 2073 1698 2752 2712
1 5802
1 6211
1 3490
3 7044 6658 6613
2 5987 6009
3 6840 3095 8668
1 6197
3 6999 9021 248
9 5356 305 5960 6994 2225 8779 8396 4767 5337
1 8005
1 2756
3 8474 8914 9763
3 6930 9743 7697
1 7616
1 6258
1 1367
2 4632 6316
1 2652
1 1210
5 7950 4766 8977 4984 6684
1 5260
3 7040 7112 3978
1 4778
1 2646
1 5283
1 3075
3 9689 3963 9687
1 5520
3 9292 1301 4135
1 8615
2 5710 5167
2 7700 7293
1 6761
4 7712 1740 511 1436
1 975
1 8394
1 5363
1 2412
1 2707
1 3823
2 4944 9294
1 9491
1 1218
1 2930
5 7354 9929 9659 1750 5299
1 6776
1 5964
1 1183
1 5210
2 8992 5118
2 6873 6111
1 1665
3 9436 9932 25
1 3173
3 3788 4297 5323
1 9016
4 419 9331 1739 3823
1 7623
3 8139 7203 6749
3 7261 9804 3333
3 3028 8440 835
1 1964
6 2772 8858 5744 9420 6644 2654
2 3250 7292
1 8802
1 8423
1 8257
1 780
1 9716
1 997
4 8855 7045 3151 208
1 7551
1 1139
2 186 1221
3 7432 1 4487
1 6585
2 1026 4828
4 4069 3054 8405 8046
4 3768 2808 6943 6114
3 6032 2275 6956
2 6009 5879
1 3140
3 9360 8320 6780
2 4545 679
3 9598 6494 8804
1 6009
2 4833 4140
1 6859
6 1482 1514 7812 9439 619 8729
1 2786
1 5134
2 9248 9615
1 9632
1 3254
4 263 4261 4 8360
2 7671 5025
6 2589 6292 710 9818 4280 8081
2 3028 5675
1 2863
3 582 8441 8507
1 1946
1 1336
4 6482 2385 9258 5038
2 257 3123
1 5284
2 4047 9261
3 6755 275 6836
1 5112
1 2442
1 6817
4 4783 2360 3283 7657
5 9266 3606 3482 4559 9159
1 1837
3 5423 7691 2284
1 4456
1 5675
1 7209
1 4085
4 8117 3746 3904 3428
2 2582 5603
1 4174
1 5492
2 1037 6857
1 1019
1 7477
1 4497
1 916
1 4002
1 6965
4 650 2644 8221 7533
2 4170 2647
1 7482
1 7275
2 1419 4343
1 2596
2 1086 8928
1 6314
1 862
1 2625
2 5130 5522
1 8065
2 8099 5107
1 5366
4 609 4664 5862 7414
1 1758
1 5750
1 1001
2 5623 3444
1 6622
1 9798
4 3568 1044 8865 1443
1 2860
2 2055 8212
1 7804
1 5332
1 9120
1 2515
1 3851
5 7145 3603 8111 6528 888
4 4810 719 7180 9355
1 6835
2 3961 9148
4 5361 1487 4164 822
2 6856 7284
2 6550 3533
1 2293
3 4018 1184 9268
3 2894 9042 5911
1 7212
2 7904 5527
2 6494 2456
3 538 6898 9149
2 5802 3252
1 3761
2 5024 8284
2 6680 5953
2 234 6744
2 2604 8376
6 8313 4181 7448 6115 553 5595
1 4577
6 6080 1976 591 3133 5149 5181
1 5380
1 3242
1 736
2 4951 3163
2 2385 615
2 3893 482
2 997 3580
1 5492
3 6080 1979 2493
2 4490 4580
1 5198
1 3718
1 651
2 5551 506
1 4129
1 2870
1 2782
1 4529
2 5775 617
6 829 9551 1197 8630 1558 8050
3 2089 1498 3887
2 4382 6500
1 9784
2 6489 6200
1 4072
1 7368
1 2834
1 6433
2 8993 2553
1 3759
1 8082
2 3761 5644
3 3180 1552 5030
3 6181 7850 9594
1 3010
1 7924
3 8921 5659 6737
1 7437
4 5709 4385 7022 9058
2 9684 1958
3 2773 7889 7548
2 2314 2286
1 7036
2 7260 6548
2 121 9795
1 1840
1 1898
1 4364
1 5352
5 4972 8832 5548 1137 730
2 827 8925
1 9410
1 3805
1 3555
3 3999 1723 1944
1 1138
4 263 1858 3062 4101
2 8914 9277
1 4058
1 8863
1 3537
1 1392
1 2129
1 2735
1 681
1 3796
3 3576 9554 684
1 1045
2 6072 5766
1 407
2 2031 3631
1 4350
1 6961
1 8096
1 1930
1 4901
4 6365 2224 6091 1237
5 18 7272 1307 7952 6986
4 1543 6161 2001 381
2 4521 4647
3 2199 6575 1173
1 3495
1 3129
1 7782
2 1420 8907
1 6797
1 5516
1 2089
3 6361 1768 1619
4 5200 8528 2745 6153
1 7743
4 170 6781 9067 5110
2 5220 629
1 7022
5 5356 7706 5598 3602 8881
2 6221 7852
3 6296 4782 8813
2 4798 7279
3 1282 910 1047
1 139
1 3372
1 8498
1 1688
2 9068 554
1 1459
1 9374
3 9014 5195 8187
1 9341
2 1947 9965
1 1262
5 4807 4008 612 5666 7769
1 1514
1 5847
1 3488
1 6439
1 6189
1 516
1 9548
1 6360
2 9550 2185
3 9764 9031 7526
2 9771 3351
1 7303
1 6881
5 1482 9142 7386 3922 6545
1 4082
1 9293
2 3493 3849
2 2806 2788
1 8288
4 5615 5319 9164 253
1 9373
1 9378
1 4860
1 4315
1 4452
1 5491
2 7811 5142
3 5520 6453 1582
1 6684
3 3701 4184 4030
1 516
2 2965 991
2 9068 370
1 8032
1 408
2 3607 4692
3 7127 8428 5464
2 4799 5459
1 2376
2 5807 6984
4 2960 1506 3702 8531
1 4228
1 737
3 5948 654 6965
1 6693
1 1356
1 4332
3 4293 6686 4436
2 4416 6435
2 9419 5115
2 1356 2545
1 2609
4 9224 9332 548 7827
1 1865
1 8586
1 711
2 7444 4982
2 9931 1760
4 1522 8569 8596 2464
1 3682
1 1963
1 1294
1 5390
2 2611 5842
2 3714 7940
2 6882 3987
1 3188
5 6559 6607 4156 3930 647
1 3896
2 9181 1988
1 1706
1 2239
1 6182
2 8404 505
1 7820
3 374 2469 442
5 2425 2682 485 8257 1691
1 6955
1 7790
1 7178
1 5045
1 338
1 3217
1 2812
1 5447
1 277
1 5138
5 1672 1763 7276 1127 1502
1 1841
1 1615
2 5288 2392
1 2076
2 4965 1684
1 6922
3 3535 9270 3744
1 600
1 2954
1 4269
1 4520
5 5961 1394 9305 9004 5221
3 1387 5098 31
1 2910
2 4799 4179
1 9430
2 2485 1843
1 1921
3 7901 6339 5906
1 7319
1 7748
1 2199
3 2983 9156 142
2 591 5265
7 8145 3999 2520 6061 1775 3914 4306
1 5961
3 1062 9568 2964
2 4225 6832
2 1928 8397
3 6638 2353 1335
1 5002
1 2755
2 3181 8410
4 4069 4799 7392 1354
3 1347 211 791
4 7560 3726 5991 7910
1 2739
2 3912 7912
2 5279 3364
1 6524
5 7322 9962 3072 7825 3806
1 7180
7 4183 5261 127 1710 2724 7268 9731
12 2822 9935 9172 714 997 9769 7755 8972 6315 837 3378 1755
1 1210
3 512 5060 3332
1 2874
1 6603
1 5633
2 710 4377
1 8208
2 6938 7442
3 158 6184 2970
1 1983
1 5954
1 5497
1 6566
4 1459 4068 367 6511
1 2301
2 5651 2569
1 2659
1 2890
1 9856
1 6791
1 4311
3 2219 20 2192
1 6560
1 8075
1 4318
1 5081
1 2144
1 3791
1 7843
1 9485
1 7652
1 7882
4 8106 2337 6649 1871
2 9735 1730
3 95 1176 905
1 5429
1 1005
1 9116
1 452
1 3234
3 6288 867 5119
2 4561 3456
2 658 2407
2 2643 3311
1 2637
1 493
1 4685
4 8222 1429 5552 5859
1 2282
2 2855 1931
1 6663
1 8241
3 6790 2280 7236
2 8446 7862
3 4998 9706 9558
1 414
3 7191 9756 4650
2 7979 1464
3 867 5828 2556
2 7979 7475
2 7554 1345
8 8702 586 3977 5179 3304 1567 2810 2622
1 2896
1 4089
5 8312 9361 4117 4455 9513
6 9708 2303 8617 3727 6730 4284
1 2319
1 995
1 4738
1 7279
1 1518
2 6770 7183
6 6482 5698 2043 8605 4219 8606
3 1250 5616 7004
4 274 3220 1876 2552
1 335
1 5181
1 5065
1 2115
3 1737 7374 8036
1 4772
1 2652
5 5904 3821 3317 2980 1064
2 1545 3030
2 2934 1106
1 1406
1 3257
3 5538 7941 7710
1 7676
2 3818 8964
1 3701
1 6599
1 7661
4 7950 1666 2652 7911
4 997 4552 5736 7517
3 5322 1598 281
1 5478
2 997 7524
1 411
1 5880
7 9871 298 599 7037 7498 1556 8690
1 9308
7 7074 7021 7434 7962 8255 5649 4302
5 8941 8409 3658 8328 7210
2 2779 8985
1 3713
1 785
1 8461
2 3345 9129
6 3228 4078 1545 1369 2606 9542
2 4018 5297
1 1503
3 3181 7971 4726
4 9293 9759 9251 3397
1 6033
1 2244
1 5001
1 6142
1 6660
2 2329 7438
3 2593 8274 5102
1 6861
2 6854 2004
1 9257
1 9202
1 2822
2 4729 9738
4 7535 2262 6584 8720
2 7436 9967
2 6044 9563
5 9138 5357 4383 8593 2919
3 121 9744 44
1 9150
1 4539
3 72 3683 1209
2 5155 8698
2 4045 3951
1 3321
1 9663
1 8289
1 1344
4 6482 6171 1811 4319
1 4952
1 7384
2 8689 7985
1 9036
3 5719 1587 1692
2 7261 7381
1 9678
3 2398 6001 7823
1 8113
2 4622 8534
2 2441 4293
3 9330 1593 4933
1 6498
1 3032
3 3028 7270 8484
1 6078
3 332 7421 4465
2 8028 223
2 2947 1785
4 5069 6174 9110 447
1 5978
1 8007
3 3597 7467 2596
1 4045
1 4269
1 5820
1 9042
1 3824
1 8662
1 1321
2 8896 9775
2 1169 9378
1 6210
2 1316 9419
1 8044
3 5945 425 2984
2 2290 7194
2 9233 2526
2 804 2122
2 113 4396
1 6312
1 9169
2 2488 5143
2 2459 383
1 754
1 9791
2 4990 3421
2 3628 1586
1 6829
5 210 7923 8922 2768 8624
2 4753 5802
1 9400
1 9401
2 9054 4715
4 9946 5162 5502 9216
1 2108
2 6703 29
1 2195
2 4534 5251
1 8204
1 8513
1 5279
2 6266 6824
1 8151
1 3722
7 2757 9791 737 5463 3584 6397 3391
2 3402 5444
2 1039 1658
3 6939 4390 5590
2 5243 4493
4 5821 5727 1169 9711
1 6817
2 797 1791
1 7753
1 6769
1 7407
4 4706 1576 1769 1213
3 6618 3599 4794
4 138 1192 2949 3426
1 9314
2 7269 4051
5 9096 5389 1626 7731 2440
3 9869 3262 6831
2 4959 839
2 4285 4749
2 5221 8685
5 7234 8778 5947 3700 2294
1 374
2 7143 4891
2 8601 9898
2 3485 8280
1 3559
4 6873 3927 4301 2313
1 7120
1 422
5 987 7786 1357 8755 5786
1 2708
1 5116
1 9837
1 529
2 5061 8603
1 6194
1 2448
1 4114
1 7371
1 4754
2 7689 2066
1 2107
1 3456
2 2005 3920
1 3188
2 5283 6700
1 4737
1 2959
2 1436 6178
4 1869 9011 9236 8464
1 5762
1 1450
2 5137 9976
1 4452
1 5986
3 4866 4034 8963
5 6296 2427 2351 1850 6963
2 3999 3280
1 8226
4 6296 9471 3243 3282
1 7044
1 8538
6 4047 2996 5071 358 700 1599
5 6088 8022 8430 7553 1660
1 305
1 9892
2 2993 3148
2 2927 8732
1 8258
4 591 4719 5804 855
2 3863 7361
2 161 6629
1 2008
1 9033
1 5972
1 5454
1 9072
4 4024 3004 7586 7156
3 1553 4313 4190
1 2361
2 5839 1749
3 4538 7020 4435
1 240
1 621
2 4729 5002
3 3905 9868 2241
4 9879 957 3124 5488
1 3858
1 106
3 9068 9820 3521
2 6526 7853
1 9552
1 19
5 6117 9115 2638 6420 9447
4 7317 6942 6005 3316
1 7037
1 4067
1 9193
1 1334
2 6717 8931
2 4479 5563
1 408
2 7856 8697
6 6872 2296 9778 9220 3303 4676
1 3490
1 8084
1 786
1 5970
1 345
1 2980
1 4194
1 6686
1 9875
2 7599 9582
4 7307 7781 8357 7192
3 1045 1087 9367
3 9640 914 3583
1 8331
2 1918 7937
2 3576 9123
1 3984
2 3126 3109
3 7452 6437 3663
2 6074 7253
1 1527
1 944
1 4292
4 1581 7040 6280 718
4 5133 1571 7310 3998
2 8778 5817
4 7074 7362 8160 7633
1 5713
2 1394 534
1 2871
3 2370 1787 5707
2 9225 5387
2 7170 5263
1 2670
1 6286
3 8173 9628 6258
3 5012 2561 330
3 9648 4550 4031
1 1407
2 2686 2633
1 8779
2 1141 8749
1 4409
1 3378
1 9474
5 4944 9845 3227 9712 5995
7 7890 6991 1077 724 5621 7658 1445
2 3947 4771
2 6249 8712
1 9353
1 4849
2 9238 6793
7 6638 1308 1489 193 4497 3789 1090
4 138 8248 1932 2188
1 7098
4 5164 4671 9324 9402
3 1907 7319 4753
5 5334 4168 3772 5076 7212
2 6443 7436
1 3011
1 5185
2 1698 4653
1 8658
1 7420
1 5312
4 9305 9835 4420 9162
1 8516
2 1750 3012
1 463
6 2102 6839 362 4015 6569 6866
1 5155
3 8026 5952 1753
1 7228
6 1045 9435 259 7422 1462 5063
3 6101 4285 5185
1 1458
1 4557
3 9433 139 8639
2 6006 7289
1 6775
2 2412 8370
1 3271
2 9144 2666
1 6563
2 4228 6819
1 2666
1 9236
3 9840 3256 9279
5 2132 5835 5501 2639 2881
1 7096
7 4929 9318 2735 8361 2659 327 3430
2 8884 8100
4 8120 6486 696 2505
4 794 4411 1451 6814
2 3022 7709
2 5424 6322
2 9554 9483
1 291
1 3188
4 8331 2459 3787 8696
1 9275
1 6632
1 4784
2 2664 5768
4 6839 9181 5661 8184
3 7160 6122 9812
4 1446 6892 3487 6694
1 8533
2 3474 5194
1 5254
2 5572 8841
1 4510
1 9045
1 2120
2 3745 5156
2 6935 8543
2 3375 1100
1 9082
2 8421 2701
2 136 6154
3 9168 2616 2766
5 3728 6433 6905 2550 9969
3 6594 4822 7751
1 744
2 3429 660
3 4262 2152 4589
1 618
1 8216
2 8779 4716
1 1162
2 6352 7565
3 9617 9973 8009
1 1450
1 5169
1 1760
1 5334
1 7652
1 2907
1 7667
1 7136
1 5625
2 5598 3853
1 6659
3 4747 9656 966
1 7462
1 3630
3 923 1778 2278
1 502
3 4567 4451 7975
1 1896
2 2404 4966
1 8662
5 8218 4291 8556 8416 4139
1 570
7 9305 557 4094 6481 5302 4785 9966
2 4758 3231
1 5727
2 3096 8309
1 4862
1 5155
2 8171 1776
1 4251
3 7496 9948 1339
4 2430 5483 628 4853
1 3056
1 7334
1 8873
2 5406 7428
1 6622
1 4912
1 1279
1 3555
2 3091 2693
1 9797
2 402 9922
2 5814 8033
2 1988 6878
1 2670
4 4084 809 7286 3822
3 5198 9690 6063
2 5575 2643
1 3427
1 9118
1 6784
7 7375 5734 7324 7707 6577 8678 1922
1 274
3 9296 1260 3006
1 4702
4 3053 2383 5182 185
3 715 1153 8237
2 5203 1814
5 6768 3005 6671 4569 7803
1 3830
8 3474 9837 4403 3759 17 3305 1796 9586
1 5820
2 7262 2708
3 8867 3197 2725
1 8646
1 7698
2 269 5412
1 7317
1 5183
1 3361
1 5019
2 8505 1917
1 5862
4 7723 6825 9362 8950
1 4285
2 6214 4027
2 3875 8172
1 6511
4 1644 9207 1705 779
5 362 3236 2413 6497 3604
1 5988
1 2553
2 2675 1641
2 37 6416
1 795
8 4282 6270 9397 4548 9961 3779 2069 432
1 2968
3 8149 4630 7566
1 4014
1 1670
1 1230
1 3391
1 3843
1 7225
1 4561
2 3757 9487
1 5792
1 6005
2 4798 4948
2 7107 2045
1 5329
3 9763 8339 9075
1 9074
1 8639
2 7875 2271
6 4945 7712 245 7539 4300 6877
4 6620 3659 1484 3630
1 6903
4 439 5538 3764 3175
4 4108 4298 5429 4307
2 4951 8194
5 9942 2494 393 982 6062
1 3716
1 5389
1 9890
1 6936
2 563 4235
2 9678 2611
1 8013
3 8898 9915 3309
1 9893
1 4780
3 2388 2906 8089
2 6777 1921
1 57
1 7973
1 4421
1 9046
4 8878 8864 9517 3798
2 3507 6951
6 1486 3483 3147 5932 6369 8995
1 1652
1 1553
4 5014 5198 1432 3275
2 4942 5276
1 7918
1 6214
2 954 6597
1 9741
2 3603 9275
1 8600
1 4929
1 5693
2 3028 3376
2 6159 4344
4 5583 3984 9356 7632
3 7918 3187 9455
3 1101 5341 5728
2 2906 6455
1 6169
6 8218 7591 8926 5729 3557 2577
2 1609 8496
1 7485
1 4766
1 1327
3 3960 2201 6209
1 9737
1 1825
5 2980 177 1323 6191 4229
3 4291 2363 8753
2 8778 6552
1 793
1 3307
3 5266 9372 4587
1 2049
1 6660
2 4962 9473
1 7886
1 7448
8 2669 4048 1504 2320 6616 4874 1773 6378
4 9521 2142 1539 1104
3 8516 479 8637
2 1750 5059
1 2403
1 2487
5 5135 5871 7698 3739 8127
1 4825
4 9339 415 9951 92
4 3558 4239 2954 2950
1 7168
1 236
3 6628 5127 183
1 6686
1 5811
1 7680
3 8546 5288 1901
1 5224
2 2342 400
4 880 8647 927 6252
1 5384
2 2664 3265
1 2983
2 4412 2529
1 9592
2 7107 2081
1 8253
1 3098
3 9728 8965 1212
1 8703
2 9082 595
1 3958
1 3156
1 9701
1 623
1 404
1 1455
7 8702 1347 9998 7645 5081 690 9654
6 5521 4751 1967 5692 933 9157
1 4611
5 5854 7856 8072 9689 5088
2 393 1449
1 1745
2 6775 9864
3 526 7733 451
1 5153
2 5973 7075
1 5266
2 3429 6823
1 7354
2 9090 5790
1 474
4 2589 4815 8478 5761
1 9581
3 295 4422 5456
1 7933
2 3232 4460
1 9962
4 2225 7702 4254 9910
2 6813 5652
6 3863 9359 3068 6206 4760 4246
2 9531 4898
4 4766 3200 4605 2245
2 5645 9108
4 7056 9821 4960 5597
1 9138
3 9413 1252 3190
5 1177 5752 4521 6089 1205
1 7520
2 9758 9933
1 6737
1 3464
5 7307 7201 385 2566 8003
2 3248 9963
1 2553
4 1918 3492 1595 6706
1 3391
2 1065 6027
1 9481
2 2404 8776
2 5935 5740
1 733
1 3780
1 8424
1 8100
3 8062 3042 5509
2 6455 3812
1 6602
2 7654 8319
1 5725
1 5299
2 8381 6260
3 633 2373 2117
2 91 7255
1 2404
1 4211
1 8785
4 5216 7019 5282 5129
2 8233 999
1 8859
1 2477
1 8969
2 1344 4953
3 4878 2916 4203
2 744 6096
5 2138 7689 9505 5394 6622
1 2020
1 7096
1 8936
2 5963 8445
2 1159 1821
1 3566
4 7307 379 4927 4591
3 8794 7233 1828
1 382
1 4779
2 6683 7563
5 4266 3477 5100 5735 2668
1 6776
1 4750
8 7354 2770 2361 2994 8322 1350 3890 3403
1 4097
1 5531
1 1799
1 9551
1 8584
1 589
2 4055 5482
3 1487 1075 8137
2 7072 635
1 4452
2 4117 5292
2 9766 2986
2 6423 9063
7 5612 1458 6626 1655 2909 7096 976
5 8946 6168 8613 9292 4932
1 1911
1 2550
2 4168 2095
4 8840 7577 4678 4883
5 4456 2845 273 2915 4476
3 4867 5237 5481
3 63 4607 4786
2 4677 3967
3 4365 1535 7196
2 647 810
2 4166 7230
3 2219 2015 7106
3 9623 2450 7231
1 5922
2 9266 4470
3 7763 6841 5936
2 8211 5132
1 3164
3 1962 3931 8727
1 2425
5 4567 225 321 114 9936
2 5354 9302
3 7587 4225 7027
2 7242 6055
1 4582
4 123 7828 3660 3459
1 7914
1 4534
2 5145 8203
1 4422
1 1567
1 6553
2 1967 7907
2 593 1180
1 4381
2 6657 9440
2 3166 1919
3 9728 7892 6051
4 4024 657 9882 916
1 5356
1 3559
6 3880 5989 3720 1651 4013 8472
1 614
4 2304 4458 1579 7009
1 7940
3 1308 2675 6277
1 4410
3 3958 4098 5769
6 9064 198 4599 4890 3828 6798
3 3646 3409 7542
1 2609
1 1635
1 6364
1 3124
3 4048 7431 9512
1 1175
1 4044
1 3728
1 3596
1 143
2 6170 762
3 8117 1728 9450
1 3474
2 4048 7678
1 6326
1 1873
1 4327
4 714 3514 9195 2678
3 7457 2702 5888
1 3780
1 8728
4 5135 8989 9323 3385
1 7349
1 902
4 121 8173 1261 3518
2 3635 5413
1 2878
1 7357
3 9939 8140 1120
1 8594
2 782 8538
2 6832 271
1 7235
3 4475 2817 4310
5 6249 5554 8051 2097 6847
2 7024 5247
1 4438
1 9103
3 7437 3408 4669
1 7136
2 2339 6614
2 5742 6754
2 4354 5783
1 2009
1 1589
1 338
1 7302
1 8390
1 2570
1 3203
2 4083 8453
2 1136 1326
1 578
1 5773
2 5933 7993
2 8100 9205
2 4492 3322
1 7294
1 7638
4 2444 9686 8856 8281
4 247 4336 4482 7232
2 7122 1128
1 584
1 5004
1 1896
2 1350 468
3 2425 6279 2536
2 1996 1939
2 8737 9401
1 1153
3 4448 1704 3298
3 6902 2565 4252
1 1791
2 8248 6679
1 2887
2 2320 8252
1 8839
2 2605 6633
4 6296 5352 7090 4764
1 5870
2 7682 5360
1 4481
1 6266
1 3499
2 9011 7549
1 6309
1 568
3 5663 4278 5238
6 2758 580 5848 6283 4466 3272
2 3624 808
1 5344
2 3289 6640
1 562
1 6793
1 26
2 7321 9303
2 3704 849
4 6953 320 7387 2116
1 8833
3 1505 1057 4463
1 8698
1 9799
1 3675
4 1110 9693 8226 6469
1 9295
1 4771
1 9449
2 9930 5188
3 6290 1393 9443
3 3999 2820 8927
1 302
5 4567 8653 1405 6893 6945
1 1664
2 1157 658
3 5352 8364 1390
2 295 3848
7 9511 6960 8390 9233 7478 4290 5151
4 3899 6687 8393 6845
5 5393 4131 1199 2913 386
1 2319
1 1653
1 7390
3 5383 3410 5545
1 5572
1 7730
1 8166
3 3871 9330 5711
3 987 4065 9607
4 4162 4273 9541 9422
1 8803
2 6762 5902
2 7968 8014
1 1824
2 4781 6313
1 553
2 4751 7771
9 5014 5814 5356 9865 2589 6140 4640 7748 8949
1 6074
1 6857
5 9758 8979 41 1300 7644
1 9210
2 3783 5090
1 3409
1 9743
8 8396 9601 7321 4330 9221 343 1874 8930
1 8296
1 2581
1 1565
2 2257 2568
1 5162
1 485
5 9096 7890 4677 2249 8199
2 5681 784
1 7412
4 2644 4364 124 2684
1 610
1 8505
1 3954
4 2822 3386 3755 4238
1 130
1 8803
4 3558 6774 5267 7919
6 9400 8206 4248 9501 2079 3184
1 7332
2 4287 7177
1 738
1 4164
1 9808
1 2074
1 4393
1 7146
2 3652 7419
1 4382
2 7330 5128
1 5798
3 1099 7121 5226
1 4258
3 7045 9940 1371
1 9796
1 861
2 36 6896
4 4994 7425 4327 7344
2 4248 5801
1 835
1 2566
2 2017 3802
3 1800 8015 9079
4 6664 8568 9481 4375
1 4354
1 8286
1 1067
2 9504 1391
1 1706
2 3144 2877
1 6993
1 2017
2 1864 3260
4 8884 6436 1590 7757
8 2870 7302 6128 1801 2391 2281 4350 8
1 3705
2 486 7337
1 8794
2 9435 1150
4 3858 3195 2908 6118
3 8306 7024 949
1 8786
2 6417 1216
2 8990 8844
1 2083
1 7983
1 2740
1 5515
1 2816
1 7724
2 1342 1399
1 8530
3 730 7736 3917
1 7712
1 5361
1 8183
1 1394
2 9956 6466
1 5716
2 6616 8554
2 887 6028
1 8139
4 6634 3460 7737 331
4 4175 3330 9003 4818
1 162
1 8819
2 5443 8805
2 6364 5220
1 6098
4 5887 9553 8245 1766
2 6526 2554
2 1688 3268
1 654
1 9888
1 8651
2 7164 9478
3 9233 4271 3694
1 5206
1 1557
3 2833 5531 2070
4 8635 3783 8044 5377
6 196 7535 1860 2963 9894 3627
1 7694
2 494 8352
1 5249
1 8450
1 196
2 4744 3153
1 2267
4 433 5821 522 1603
1 4024
1 8961
3 3843 1085 6804
1 8601
3 3588 9052 6784
2 8279 7483
5 7068 2115 6561 8208 1501
2 9197 8362
1 5779
4 2005 3882 6262 6596
1 9202
1 3181
1 7307
6 2792 5065 3535 4033 5004 9746
1 1746
1 9238
1 8038
3 8409 340 6127
1 9258
7 8836 4405 4264 3954 7897 9765 1117
1 1163
1 3997
2 5276 1557
2 5954 9306
1 7804
1 2015
1 1280
1 1837
1 1526
5 6279 2547 1365 6186 3249
2 9392 6173
4 2791 224 2736 7640
2 3260 7226
2 8577 1059
6 8886 1601 7741 6021 4268 8798
2 4808 8676
2 9728 7219
1 8907
2 157 9391
5 4102 8620 1421 6079 2041
1 9116
2 3931 2961
3 5079 5033 6843
1 4220
1 7084
1 1449
1 1654
2 8594 2463
1 5775
1 2427
3 8222 9538 8895
2 4292 939
2 4707 8951
1 9764
1 8333
1 7172
2 1842 412
2 4170 145
1 7919
2 4250 4928
1 7447
1 9183
1 2827
2 2419 4147
1 1303
1 408
1 7526
1 835
1 5006
1 5419
1 993
1 7374
1 1807
1 7914
2 8856 3645
3 1885 642 7649
1 2695
1 7301
1 7115
1 1765
1 7723
1 5942
1 4026
1 4659
3 1815 3086 9996
1 2171
1 7629
1 1767
1 2095
2 5162 993
1 2587
1 1381
4 4430 1561 9926 5425
1 9954
2 8233 4980
3 448 503 2859
2 6961 8933
2 3042 2516
3 6412 6698 1290
1 3330
1 1227
1 9708
4 3550 9454 1813 1780
4 8786 6440 6198 2362
1 8403
3 3867 1966 8955
1 5972
1 9415
2 2689 606
1 7886
1 7869
3 9204 6813 4631
1 5771
2 9835 8201
1 724
1 2093
3 3213 5818 7794
1 5495
2 7529 452
2 825 9857
2 7331 5309
1 4332
1 6367
1 3861
3 1305 7449 5747
1 8455
4 7863 6459 9125 7793
1 387
2 3805 7590
7 4445 9183 1459 790 562 2571 4251
1 4247
1 6825
3 4801 6126 1852
1 7261
3 2104 2677 2390
2 2093 4893
1 7663
6 4839 6861 7809 296 3540 6300
7 8387 4929 6919 2136 6201 6635 1053
2 9045 5311
3 5573 7014 326
2 5756 9770
1 5188
1 4901
2 3397 7495
1 7375
1 5197
1 2654
1 1821
2 5178 2543
2 8027 9084
1 9887
3 8426 39 8761
1 9060
3 4875 3993 9606
2 8921 666
1 2186
3 1394 4833 9167
5 6171 3712 2237 8287 2379
3 2489 5006 4600
2 2179 9545
2 6150 9610
3 8594 1751 6451
2 6064 1056
1 2115
1 7585
1 7773
1 3689
1 3934
3 1207 5376 179
2 9603 6573
1 3771
2 1924 2796
3 4839 1848 7346
1 7054
4 3053 9985 6796 6931
2 1600 1638
1 9109
1 3606
1 370
5 9962 5091 2842 5480 420
5 2976 3786 3620 2105 2711
1 8751
1 9799
1 8563
1 782
2 9057 7338
4 1460 1102 1269 6274
1 318
2 6087 3748
5 2365 9633 9358 9398 3562
2 8315 7087
2 7016 2333
1 1658
2 5866 6042
5 5594 7150 549 8486 9022
7 646 1072 6499 5562 4545 6988 2064
1 8096
1 345
4 8760 3949 2382 1568
1 809
1 3720
2 1411 4227
5 4146 2642 4429 7193 918
1 1295
4 3862 443 3686 765
3 5041 6704 3741
3 2772 7931 2489
1 281
3 9456 6675 9580
2 9946 3961
2 7224 117
1 4168
2 439 1681
3 9215 1084 5895
2 2320 6605
1 4372
1 3044
4 3089 4092 2274 4170
2 3078 8553
1 1903
3 1811 8159 7982
1 8872
4 3853 9028 4399 7936
3 6313 3574 2898
3 610 1893 1937
1 589
2 9343 33
1 861
1 9740
5 4810 8313 6537 394 3092
2 5454 4223
5 2412 4060 2369 2523 1430
3 6290 4427 6321
2 3347 7134
4 6190 3180 8011 9869
4 1836 8045 7088 3908
1 3960
1 4250
1 1279
1 1226
1 1422
2 9049 6551
2 2697 2210
2 6393 9307
2 7189 26
1 3713
1 1450
4 5052 1226 6630 2473
3 2814 7333 6167
5 162 6064 4897 3348 4037
4 3483 3464 5962 3399
2 7905 8247
3 1488 9248 4680
1 6817
1 6092
1 5371
2 7415 2186
2 3053 1203
4 6782 7306 3361 2907
7 8592 4583 9912 6776 1650 2113 792
1 207
4 4959 4778 3229 8481
3 9274 7903 6712
1 8086
1 8233
1 9211
1 4160
1 7254
1 9822
2 4521 9599
2 449 7879
1 6977
1 7887
1 3928
1 5352
4 64 6169 1292 1715
3 6528 7514 4115
1 9266
2 5131 2500
1 3146
2 5929 6940
6 6689 8436 967 6765 2179 1822
1 9888
1 8347
6 4705 3156 9800 2653 9736 4910
1 9657
1 1614
1 740
2 6402 6911
1 1969
3 1771 4685 4721
1 1156
3 7551 427 5359
2 8120 1316
1 9773
1 6261
2 863 1934
2 5710 8232
1 2549
1 8826
4 1092 5664 1194 3856
1 521
1 9347
1 9142
1 3969
1 6970
4 9506 1621 2248 2279
2 9681 7592
2 1639 651
1 9296
1 9871
4 5361 265 3384 7402
1 9324
2 6810 3964
2 8718 1998
1 428
1 5078
3 2230 2827 3757
3 6826 4249 5647
2 6361 7486
2 8494 5975
2 3048 9876
3 6775 7234 509
1 1405
2 2895 8576
4 4108 1983 5843 9476
3 138 4702 1108
1 5348
1 4996
3 350 5837 4211
1 5864
1 8517
1 684
1 247
2 4247 7300
1 1581
1 7360
3 5954 9353 6103
2 9275 9540
4 2199 9282 1890 653
1 355
1 4292
2 3724 9625
2 8836 6333
1 4683
1 6294
2 9804 5010
2 2605 7406
4 4798 374 1373 378
1 4169
1 1536
1 7026
3 2626 4691 3326
2 206 6750
1 100
2 8907 150
1 2396
4 7459 1996 413 6104
1 2716
1 5850
1 1498
2 4833 5565
1 7217
2 9242 3975
1 7218
1 1186
4 8313 2314 1872 6383
1 880
1 450
2 8949 8738
1 9384
1 6890
3 2806 9667 1859
2 2742 1912
4 7558 1930 2937 5165
2 1387 1352
1 9355
2 828 8086
2 4220 9329
1 4607
5 4686 5765 516 3896 4080
1 7223
2 7711 2300
1 4243
1 3647
2 1609 6770
1 1633
2 1450 5112
1 7024
1 6199
1 6774
1 9764
2 7554 9830
7 6080 6894 898 7215 4073 2531 1823
1 5593
4 5854 3851 3110 1977
4 9172 2792 4044 3066
2 7059 5196
1 9090
2 4037 947
1 8409
1 7113
4 8058 4049 6334 3254
5 1595 7437 3636 6865 7320
1 4210
1 5238
2 345 9143
2 8530 683
1 9551
1 8749
6 4810 7681 9530 170 3719 723
1 4172
1 256
2 362 4105
1 5024
1 2148
2 5723 3454
2 3956 7764
4 8635 399 9284 7913
1 2035
1 7336
1 7087
1 8013
6 9935 3300 1837 8180 2734 7686
3 454 1900 9229
1 6895
5 8492 5948 1583 5820 7155
1 2519
2 5705 5751
1 773
1 7555
2 4642 2689
1 6525
1 3418
1 9169
2 3089 5223
1 8437
1 7798
2 5334 354
2 73 2959
4 6354 8239 3056 2755
3 8713 3682 6346
1 8380
3 715 2637 2594
2 2737 8991
5 586 4475 6375 2039 8301
1 5692
3 8263 7505 4877
1 1938
6 5904 9544 6015 9434 3548 9779
1 1186
2 9627 992
2 6559 3610
3 3786 6937 3480
2 1762 5730
2 4561 4357
1 9273
5 4707 9295 2129 4616 1987
2 6233 7356
2 6633 6282
3 2829 766 6461
1 4895
1 6832
6 7146 6632 9598 3842 258 9336
2 6070 8814
3 9863 4430 4072
1 2108
1 2498
2 6594 8573
5 7895 5031 974 8835 8857
2 230 4009
4 5304 959 886 1140
1 6112
4 162 7537 8640 7271
2 8541 936
3 312 3244 4963
2 3165 7677
1 2565
1 6103
1 9123
1 3002
1 3283
2 5018 6188
4 9863 2570 5921 1286
1 4590
1 548
2 701 9369
2 9984 1439
2 6022 6218
1 3172
4 6031 7107 1411 5679
1 6687
3 5961 4754 7624
1 9929
1 2007
4 6281 8256 1166 6185
3 8556 3442 5245
1 7277
1 7142
1 355
1 2832
1 6774
1 5202
5 9064 4796 9480 8426 0
3 2095 6512 9604
3 9123 9782 8231
1 9031
1 9650
1 2421
1 8373
2 4111 8763
3 3495 1886 2054
3 1527 8423 3736
2 1279 7685
1 3879
1 6854
4 4561 3571 7018 8634
1 402
3 311 6239 8348
3 369 7415 7847
2 3655 1513
2 2211 5358
2 3764 9430
1 1296
1 1224
1 5219
1 9875
2 3863 2176
1 9541
2 5919 4865
3 6332 4590 2931
1 8128
2 4145 3519
6 657 9506 2777 7189 2432 6718
1 2648
1 9896
4 9882 232 1052 1245
1 7643
1 1543
2 4148 8888
2 8232 5235
1 4435
1 4728
1 6934
1 7171
2 1129 5335
3 3068 5342 7445
1 419
1 1200
1 3462
2 2457 2490
4 4225 2895 975 9788
2 9576 6711
1 3614
1 1043
1 2365
1 9954
1 5893
2 3211 8773
2 6424 5306
1 1082
2 3342 2021
3 9046 70 5909
3 4936 1198 3177
2 5915 9491
2 1688 7248
1 3411
3 9652 1646 3733
3 72 987 7168
1 3119
1 3534
1 7828
2 5745 2943
1 1414
2 570 7057
1 7655
3 5752 1145 7116
2 9614 2743
1 4120
1 4467
1 4205
2 5356 3209
4 9815 9875 1708 4827
1 4260
5 6797 9445 5983 3830 8808
2 9787 3160
7 962 6604 4315 5450 4114 7350 7660
1 8790
3 207 3754 7140
2 7098 3448
1 902
2 6063 6317
1 7457
1 3388
1 3678
1 6069
2 338 4272
1 59
1 8551
2 6989 6743
3 3250 9911 1168
1 8175
1 4410
2 9384 9380
2 835 4153
1 414
8 2770 3629 6392 2798 3876 8422 3965 5295
1 3920
1 8837
1 1153
2 593 6309
1 1129
1 6672
5 3690 7363 486 4637 4443
3 5847 7932 1287
2 9337 3861
1 4923
1 9840
2 3100 7930
1 7727
2 2657 3939
1 1873
1 5350
2 5876 9048
1 8408
1 147
1 9703
1 5287
6 7591 5327 5691 9565 6310 9015
2 8313 4697
1 3555
1 9950
2 3250 3570
1 3994
2 712 4007
1 518
3 3880 3866 34
3 9879 7453 7510
2 7464 7848
2 4401 4690
1 9176
1 9968
1 1671
1 9523
2 2006 9050
1 3914
1 3357
2 4946 2656
3 2836 4694 8444
5 4072 3985 93 5217 3261
1 2074
3 91 3340 8420
1 8306
2 8601 5051
2 8731 3996
2 8763 7280
3 6061 6757 5534
4 7759 4535 1477 7693
1 5325
1 416
2 2735 7252
3 2262 5322 3118
2 6349 6410
1 6512
1 5898
3 1046 8587 7012
1 6155
4 5948 1118 4205 133
1 5198
2 1420 9938
3 5971 5866 5074
4 4525 8075 3343 6666
2 3461 3721
1 1798
2 4984 1384
3 715 803 4125
1 9509
3 4469 9076 8251
1 8911
1 5340
1 232
2 5352 2380
1 2788
1 2699
1 740
1 2427
1 5089
1 6171
1 4249
5 4381 1415 375 4954 5321
1 8509
1 8044
1 7811
1 7747
6 6655 7099 7891 5795 2334 3705
3 6882 2297 8354
1 5045
2 9242 2776
1 4329
1 5428
2 8139 4542
1 7585
1 3694
1 1418
1 212
2 232 3915
1 2631
1 1139
4 2922 9914 9265 892
1 5338
1 5360
3 2199 3090 1348
2 3492 8654
1 9543
1 3838
1 9679
1 3473
8 2274 6220 4102 4155 6971 1815 6348 7130
1 4455
2 8289 1313
1 6360
1 2109
4 7626 6799 1946 7673
1 1802
1 8385
2 101 7944
1 7354
3 4073 4570 9508
2 7579 9751
2 9559 9280
3 1124 3488 3697
1 7933
1 1134
1 4205
3 5713 3747 3094
2 8408 3174
1 965
1 8949
2 9474 5176
4 4124 3452 5564 8413
1 3011
2 5379 7032
1 8097
2 4239 8053
3 7719 1943 1891
1 8145
1 5155
1 6161
1 3604
1 8845
2 3114 4198
1 6117
1 9309
2 3960 297
1 7741
3 523 5020 7865
1 739
1 5108
1 2138
1 2450
1 4668
1 7173
1 4687
7 7712 9919 1559 1249 87 3870 2945
1 7897
2 997 9227
1 7602
1 2449
1 5919
1 1864
2 3381 8563
2 9416 7980
1 5238
3 5210 3589 777
1 3124
4 1279 5732 7523 1792
5 8099 6969 2929 6953 5207
1 8543
1 5177
1 8735
3 7345 515 4039
1 2067
2 7345 7297
4 6429 3224 5677 56
1 7528
5 8751 9766 3863 4987 3941
2 5094 7501
1 7736
3 3078 981 1049
4 2959 5258 3038 8383
3 7313 1149 8896
4 6174 8110 7463 5228
1 4086
1 5095
1 6521
2 1790 4384
1 6859
1 6055
1 6212
2 8001 4876
2 2478 7401
2 6841 5171
1 9498
8 4372 4408 162 6759 6427 3299 5230 4823
1 6132
7 1099 8404 1642 4265 2511 861 6151
1 2675
7 4430 3078 3345 332 7482 5130 4283
2 3624 2597
1 5070
1 4841
3 4374 2893 5259
7 3232 9014 547 4512 8902 4860 9729
2 9490 8983
2 2956 3106
1 438
2 5 7870
4 1857 6872 3212 7133
2 2221 32
2 8638 5900
1 9667
2 124 2573
2 7004 4804
2 1864 9249
1 8832
1 7719
1 9619
1 4717
1 4538
1 2174
4 7724 7719 5290 9114
8 1179 633 345 5585 6430 3251 6291 7692
3 6290 7393 6150
2 1482 8711
3 1653 4416 6243
2 8270 4128
1 9971
5 7467 1649 9589 9242 1463
1 3837
1 1308
5 3717 4052 7728 6517 2367
2 5759 3424
1 2910
3 7482 6217 9191
3 5962 1600 4412
1 4213
2 9240 1955
2 896 8421
1 6448
1 8441
1 2312
2 8199 1570
1 2988
1 1457
3 123 2128 1995
1 9506
2 8357 8437
4 1241 3973 2251 2315
1 8666
5 6190 7763 6066 6081 8401
3 5736 7614 6286
1 803
4 18 2813 5685 5620
1 4005
3 4319 2389 2538
2 5847 1186
2 770 2563
1 301
4 1469 7886 7323 9990
2 8904 407
3 393 9206 4617
1 2151
1 47
1 2737
3 9224 3183 9382
3 156 973 3901
2 4640 7926
1 6022
1 1032
3 2956 8483 5248
4 4048 5455 7981 3529
1 845
1 7286
1 6280
1 5681
1 5893
1 7789
3 2211 8664 446
1 2792
2 9848 9630
1 2017
2 8592 9046
2 5659 6713
2 1223 8641
3 5674 9790 4524
1 3702
1 194
1 2722
2 7618 3446
1 2048
1 6209
4 5135 6117 9716 8969
1 105
1 6902
1 6093
3 2183 3777 4779
2 5429 7159
1 4162
1 5956
1 708
1 3399
2 8313 6491
1 302
1 557
2 3701 6336
1 3398
1 7437
2 9544 7353
2 1680 7504
1 6165
1 450
2 8787 984
1 2319
3 2669 9018 8477
1 2475
1 596
3 2644 8174 1378
1 1068
2 7622 9404
2 9764 3590
2 5990 8186
3 4728 8600 8860
1 4249
1 4235
1 3969
1 7122
1 1987
3 9684 3064 2101
2 9982 7334
1 3788
1 623
1 2055
3 7056 3387 7921
4 2131 7417 3258 3191
1 8323
2 2791 9210
3 9475 4665 1434
1 3021
2 9061 3505
2 72 7060
1 6286
2 6528 6593
1 3894
1 3690
2 8176 8243
1 2867
4 1857 8739 1478 7560
1 2334
1 7225
1 7832
1 4193
1 5693
1 2639
1 7711
1 3021
2 7272 9902
2 8426 4505
3 6298 2751 3337
1 2061
1 9082
1 7399
6 9386 979 5583 9223 3097 3389
3 5917 9436 4146
1 3209
3 1497 1342 6695
1 7209
1 727
2 9587 7166
1 3239
1 232
2 6815 6107
5 2792 8886 7648 392 1379
3 4537 4230 5994
1 5849
1 6861
1 5205
1 1393
1 9961
2 1495 1674
2 4047 3581
1 8440
2 254 611
1 8080
1 2031
1 6910
1 1648
1 4416
2 2827 2268
1 2029
2 3300 6398
1 9614
2 9308 9801
6 9530 272 6457 3264 8840 1051
2 3541 2476
1 763
1 4328
1 9703
3 1027 5969 7149
1 6882
1 6111
2 5975 1048
1 9765
2 1601 9794
2 4744 9733
1 3802
1 5288
1 4910
4 9629 2691 7868 8585
2 9835 5927
3 1918 7605 2080
1 6692
1 2497
1 932
5 6171 2999 570 3916 4417
3 7863 4688 86
1 6191
5 1688 9138 8254 3986 176
4 6023 7403 9978 9741
1 9815
1 1576
6 7001 6386 2083 7261 2446 1509
3 1326 6312 6110
1 6858
2 9299 8800
5 5520 2856 4084 9872 7976
2 6634 6411
4 5380 8820 2658 9225
2 7722 1887
2 9025 7992
2 2615 6975
2 1229 943
2 3704 9288
1 650
3 1850 7934 7023
2 3018 4943
6 1028 7670 2789 4743 6990 6445
1 3248
1 2011
1 4172
3 3345 3947 5748
1 1546
1 944
1 2646
1 2825
1 3189
1 1601
1 2335
5 6198 7171 9509 6454 7161
1 9609
3 2461 8230 7787
1 9305
1 7262
1 2365
3 4242 7119 8542
1 770
2 7743 1873
3 8577 3381 1403
2 3567 6329
1 2733
1 8074
1 1527
2 5411 7062
2 3852 7659
1 964
3 962 6349 3217
1 8142
5 9444 5990 1499 3946 6419
2 945 2118
1 9897
3 7783 1385 7472
4 8497 7394 721 519
1 6457
2 2940 7815
1 260
2 2498 3498
1 7304
1 6928
2 9435 8504
2 9633 7126
2 2589 2347
1 1954
2 8891 667
1 1680
1 6592
1 2442
1 3282
3 9882 4171 2157
1 9806
1 4867
1 1416
2 3596 2458
2 2473 7867
4 1458 3509 5941 6010
2 4167 7309
1 505
2 6813 1154
1 6367
3 1031 200 1546
1 2326
2 8469 1830
3 3287 8273 5441
1 1388
2 3910 7978
1 1892
7 9449 9793 7109 4381 7871 2485 8750
1 4849
1 5836
4 3361 9870 8708 1538
1 9652
1 3054
1 2395
1 5723
1 8777
2 1576 6838
1 6661
6 7218 5443 9931 2009 8578 9174
2 3167 3185
1 2745
1 5332
3 357 6197 9564
1 5039
1 362
5 6328 8911 4446 7671 5433
2 7272 8358
1 9330
1 7081
1 5411
3 6341 5723 9874
3 2987 2995 7547
2 780 7202
1 7102
2 6715 8929
3 5177 2695 2003
2 4146 4995
3 9691 5510 4081
1 7391
1 8515
1 7478
1 9496
2 3566 8906
1 9027
2 457 739
1 1258
1 6072
1 7248
2 7922 6634
4 9763 8461 8185 4977
2 308 7185
1 3836
3 7457 5951 968
7 7146 3289 935 6741 6722 7136 2771
3 9865 4846 3100
1 4420
4 7635 9710 9887 537
4 9994 6961 3833 5283
1 9851
4 7700 9504 1994 6979
4 6995 476 648 4516
1 1083
1 8404
2 9272 3640
2 6171 9161
1 1600
1 9956
3 5686 4965 5670
1 6680
2 6933 4197
2 8778 9649
4 3706 5779 3962 1324
1 4086
4 4089 5986 9850 6496
1 5003
1 1910
2 5324 6056
4 9658 7598 1992 7610
1 3990
1 4225
3 3588 5409 6550
1 7789
1 9772
1 674
2 4188 8198
1 7591
2 7102 4335
1 8978
1 3132
4 9658 5121 1266 1080
6 2373 7399 1311 8527 52 2838
1 4672
2 5598 1844
1 9844
4 6839 7470 799 3215
2 4977 9786
6 4175 9311 6809 2 5125 8148
1 2352
1 5838
1 7068
4 9339 2737 4689 1473
1 8531
1 7781
3 8556 5390 1884
1 6983
1 4160
2 6610 3752
1 7532
2 6519 7216
5 4929 1486 353 8665 6801
1 3319
2 2312 2655
1 3909
3 4291 6683 2023
1 2360
5 1574 2968 1225 9889 4660
1 8965
2 414 4347
1 9476
5 7331 5938 3269 6040 4596
2 6087 6137
1 1945
1 2477
8 5727 9909 514 4556 9813 8161 8220 8961
1 6778
1 2956
2 8845 6641
1 4336
1 7614
1 376
1 3731
1 2456
4 5826 7135 7377 527
1 7113
1 4158
1 1459
2 2958 4035
1 726
1 1009
1 5243
2 1811 8480
2 1655 2740
2 910 4468
4 2958 9742 8241 9211
2 1655 6726
1 4476
4 3686 3242 2428 3070
2 9374 1083
1 3771
2 6045 495
2 6262 2918
2 6047 3401
1 6839
1 2483
2 9224 1309
2 9632 4122
4 7021 544 8020 1255
1 2420
6 4430 8694 9614 854 9927 3981
3 9433 1305 1222
1 5995
1 3831
4 4664 1569 7819 1503
1 7923
3 4975 4000 3661
2 4547 3706
1 7571
2 8058 8493
1 2332
1 7272
2 2494 5788
1 420
3 3552 977 7775
1 628
1 1731
1 1405
1 7702
1 8140
1 7759
3 3894 985 6278
3 6853 1469 5665
1 4878
3 6076 8023 5754
3 9639 3782 2663
3 538 1143 7047
5 7723 6401 9116 2270 7938
1 3425
2 4874 7732
1 2940
1 57
1 9138
5 5961 5163 1553 5414 3363
2 4382 6822
2 8602 5532
4 7001 4908 144 2068
3 8233 2049 428
2 9697 1170
1 9082
4 6902 4944 4148 8204
1 262
1 1027
2 9929 8518
2 9166 2024
1 3541
2 2209 5981
1 6306
3 3213 4011 7190
1 6136
3 6939 4879 7341
1 631
3 5219 4742 2346
3 6536 2037 1065
2 8039 2033
3 8019 7174 1366
3 6723 8156 4373
3 4114 1152 9029
1 2563
1 3046
1 643
1 6882
2 6044 5172
5 6190 2006 6930 2412 6645
2 7540 6293
1 3150
3 1153 1422 3593
2 753 8947
1 2140
3 8671 5885 8809
1 6944
1 5883
1 1639
4 8513 4527 9999 5928
1 4312
2 6648 2799
1 2281
1 6996
1 786
3 1446 5106 5434
1 7417
1 4762
1 9337
1 2968
7 9764 9204 5213 352 1398 7451 9559
1 7626
1 5368
1 7358
2 4424 7407
1 2020
4 3576 4998 2154 9802
1 6494
1 3468
1 6614
1 589
1 5111
1 9648
1 3237
3 8592 8681 9533
2 8385 9972
1 6454
5 9060 424 8662 7627 5113
1 6551
2 6031 5521
1 2320
4 801 5317 5078 5985
2 1408 6330
2 5032 2765
3 8540 885 4257
2 2919 8591
5 7901 923 2717 845 7241
4 610 2261 7067 8394
1 998
1 5567
1 5887
8 8517 449 2424 54 4829 1851 1973 243
1 8402
1 8685
3 4069 6101 42
2 6302 4348
1 7240
3 706 4188 7506
1 4259
2 2766 7267
1 5775
1 358
1 6916
5 5651 7439 9377 2229 2941
3 290 4629 9051
2 8879 9313
1 2441
3 7129 3671 6870
1 8983
2 3722 7426
7 4975 2731 5216 3405 1794 7325 7639
1 262
3 1695 151 9055
2 5708 661
1 3877
1 3245
6 2576 4886 8258 4571 7499 3504
2 1142 9189
2 8779 5457
2 8530 6385
1 6638
1 7876
3 3078 8366 1941
13 1505 3461 1092 6657 5847 5041 1295 6587 2807 7077 9735 1358 3475
3 4799 5393 9637
2 6402 4217
3 2836 3116 6610
2 267 6387
1 362
1 2316
2 562 309
2 5556 8118
2 1400 3809
3 72 5219 6467
8 9993 3776 1804 274 2793 1883 4654 6669
4 9400 9449 4154 14
3 6689 747 312
3 4869 5559 1228
2 8450 2189
3 7200 6421 501
3 6273 3656 7552
2 1609 2088
2 9880 2875
1 5860
1 7374
2 5133 6306
1 2999
1 5919
4 5729 7105 2640 3756
5 1113 8836 8269 3074 1096
3 1381 8700 4019
1 4285
3 5625 5479 7942
1 3485
1 2202
1 1465
2 5531 3047
4 3851 9718 1519 5816
1 3062
1 1296
1 2470
1 9349
1 6549
1 3643
2 6641 7774
1 6032
3 6392 2359 919
2 3796 4036
3 1081 6069 3884
1 9266
1 8226
4 3074 3150 377 3155
1 5651
1 8804
3 7706 8722 9030
1 733
1 7249
2 4998 2635
4 7681 7146 9304 8356
1 9824
2 1527 7994
1 9643
1 6174
2 4582 6272
3 550 5037 5426
3 2061 5576 2797
1 8837
1 2330
1 9145
1 4185
2 4518 7015
1 1341
1 9474
5 5917 7725 5039 7178 789
5 1179 1925 3149 701 6003
2 7189 3608
1 9266
1 974
2 2208 397
1 9194
3 7783 8202 6811
2 981 8948
1 5775
2 9667 9854
1 4742
1 1990
5 6934 357 3623 8970 5876
3 6440 827 5805
1 8642
6 8289 7551 5807 2426 6849 9285
1 7589
2 7723 951
2 2651 1833
3 4281 925 9817
1 1969
3 7554 1731 7729
1 6606
2 4267 5346
2 5732 7656
1 6473
1 9562
3 9318 2339 6690
2 9952 9826
3 3474 5205 844
1 4050
2 3985 5140
3 4798 4711 398
1 7406
2 5408 2502
4 9442 587 9906 590
1 2594
5 6006 529 9666 645 5144
4 2361 6547 5013 7738
2 1293 1908
3 37 3319 5702
1 9468
4 113 465 3825 4431
4 944 2030 7749 6251
4 9681 785 8768 5838
1 1960
3 389 346 3651
1 4587
5 1845 3250 7773 4942 3259
1 5408
2 2651 9834
2 2502 7608
1 1632
2 6486 8924
2 7276 9186
4 1215 4737 830 5776
5 1394 2557 9977 6676 3765
1 4175
1 2531
1 3327
4 946 1368 141 4803
4 7444 6570 1201 5453
1 6629
2 7537 878
1 4212
2 305 1296
3 8630 8508 4526
2 896 9117
2 1646 497
4 5932 3880 771 9257
2 1923 1500
2 4886 5027
2 4906 720
3 7146 2417 8880
1 702
3 5529 2431 8365
1 2999
3 269 1424 8996
1 5580
2 3120 5558
3 3032 5021 337
1 1249
3 3148 2221 1635
2 3248 9503
1 7652
4 5450 3795 5300 8355
1 4497
1 9180
1 1508
1 8638
3 3911 1971 241
3 2836 1980 7917
3 284 9734 6601
1 1730
1 4680
1 4565
3 4492 8971 16
1 7870
1 6725
1 7532
5 1710 8669 1591 8728 5353
1 6894
4 1046 7669 812 1877
1 9648
3 8630 5863 2985
2 5776 8395
1 877
1 2080
5 4430 7477 2742 2026 57
1 2488
2 93 3611
1 987
2 675 6888
2 9295 8625
1 3005
1 2476
1 279
2 8981 8272
3 5381 4709 8262
1 5354
1 631
1 3340
1 3925
2 1082 5215
2 7968 8775
2 8299 7485
2 688 1640
3 7035 1408 4083
1 2884
2 3329 5296
2 2477 8743
1 584
1 7032
3 9544 5468 2730
1 7583
2 4797 6222
1 4243
5 4824 2325 9921 4088 2828
3 6365 4304 832
7 3635 6625 5572 4706 5720 7476 5236
1 1693
1 4578
4 3655 5340 6020 9169
1 8901
1 7054
3 9770 8616 2989
1 3750
2 246 6318
1 8480
3 2682 3284 7619
3 2929 3434 7620
1 6890
1 3502
2 5044 2173
3 4577 821 8780
1 1018
3 5031 9560 6458
4 8264 3366 9333 2496
5 5408 5877 1101 4783 6506
3 4097 9532 5574
1 8915
1 8533
2 6463 3737
1 193
1 9311
2 5678 3076
6 4651 2183 9243 5606 8162 6438
4 9410 7290 6460 4938
1 3274
1 4686
1 7682
2 8133 1013
3 6460 9124 12
2 7941 8532
8 4168 2618 8026 7810 2172 430 1961 9918
2 9897 817
1 8915
2 4094 5449
2 6639 3668
3 1740 3071 8381
4 7452 7643 2084 5347
1 2393
6 9096 4075 963 4014 8764 6250
3 9734 9477 926
2 2371 7990
2 5392 7844
1 5037
2 2326 1036
2 5266 9954
4 9109 728 3346 8087
1 6167
2 269 85
2 623 1389
2 2779 62
1 2786
1 8430
1 7525
1 9528
3 6404 8812 9595
1 7406
1 2713
4 2252 9944 7095 5007
1 6594
3 6362 6442 431
2 262 2310
3 7886 1584 470
1 2632
1 5067
1 2219
2 8352 6621
1 8724
1 5383
2 8900 7259
1 9725
2 1124 7602
1 8984
1 9049
6 1840 2522 4328 8687 6331 3854
1 6214
1 6075
1 4127
1 426
1 1354
1 6424
1 277
3 9116 2938 8002
3 3841 533 3084
1 6667
1 4199
4 2784 6777 6915 4844
3 4557 5806 2979
1 2753
1 1779
1 1604
4 622 2166 3698 4376
1 1956
4 7064 7784 9342 8083
1 8867
3 4024 6407 8904
1 6430
1 6021
3 562 7845 5978
1 4735
2 6916 8663
1 1696
2 4289 1283
1 5835
4 4360 4577 2703 75
3 3829 1744 5432
3 9769 5044 9441
1 5008
1 4382
3 9844 7607 9549
2 7457 1066
6 5409 59 5499 7471 3840 9638
1 969
3 8426 7239 3534
2 177 2534
7 2352 4781 5381 4402 8264 1312 6468
1 5380
1 3166
1 5878
2 7478 4894
1 254
8 8218 4372 3758 3761 9121 3347 1602 7370
2 7906 7821
3 2777 5516 8689
1 9934
2 4685 481
1 2660
3 7400 5933 9546
2 8638 1914
3 9360 2517 1897
1 1585
5 5983 5861 6800 8367 783
2 8080 1902
4 105 7703 2614 1709
2 5159 4379
1 5177
1 6479
3 5580 2184 3676
5 4427 4772 1440 2714 9809
3 124 8105 3206
2 3493 251
2 3086 7376
1 5140
1 6179
1 9485
3 2105 8882 1752
1 4781
3 3901 8419 2386
1 21
1 1790
1 1724
2 7456 4308
1 8944
3 8312 5681 1068
1 5616
1 5920
1 6249
4 6996 5079 6393 517
1 4892
1 4951
1 7779
1 5463
1 7146
1 8043
1 3468
2 3044 3013
2 9175 5686
3 8306 8610 1220
1 7085
2 7457 6670
1 1074
1 4990
1 9765
1 5266
2 5623 5211
1 8208
1 1574
5 368 8382 3936 282 2052
1 1411
2 8520 4989
1 6591
1 9373
1 9916
1 6793
1 6782
4 2412 2812 3369 5269
3 6684 3339 4868
5 9871 1227 6235 7287 8032
1 290
5 6991 4525 4296 965 743
6 932 9090 3327 6170 8211 8378
1 9275
8 9379 6874 9152 5655 9502 2515 2920 4670
3 8785 1097 221
2 4069 864
1 2768
1 2605
2 1131 6546
1 7554
1 7079
1 4994
1 3030
3 9349 1618 8744
2 4108 1707
1 6671
1 8672
2 7223 7170
1 1861
2 4915 2434
3 1290 2106 1993
1 5957
2 5579 650
1 5965
1 7410
2 1092 1490
1 8175
3 9994 2085 7546
3 5155 6004 8141
2 6332 4792
3 7191 2466 9597
1 744
1 2388
1 3701
1 5548
1 2455
2 8289 8519
3 5841 8777 287
6 9678 2158 770 5963 9653 4837
1 831
4 8751 7682 6230 1832
4 600 2773 3036 2835
1 7862
5 6270 6773 9316 6696 9853
1 1372
3 8142 1188 1006
2 5211 2145
1 5584
3 9601 4646 3060
1 8343
2 376 6542
1 7891
2 4022 9039
2 9181 4500
2 2398 6756
2 5625 7427
1 3795
1 5977
1 7041
5 633 9697 9340 4241 7861
3 646 5108 6255
2 7262 9529
2 311 8028
1 5352
2 9109 6762
2 8694 5332
2 5380 6271
2 1905 6609
1 2483
2 3927 3278
1 7572
1 3410
3 4491 268 1094
3 3824 1497 7055
1 6198
4 113 9254 3365 2002
4 4651 6045 9208 9698
2 8406 1981
4 6235 218 7759 558
2 584 3864
2 2901 9724
1 5594
3 740 9458 2738
2 7529 8871
2 584 5397
1 8415
1 7323
1 4710
1 3022
1 3389
3 5606 5914 2544
2 4087 4194
1 2152
3 5551 9833 5630
1 6188
1 4674
3 6199 6204 1061
1 5009
1 298
2 8416 6194
1 8175
3 2020 8825 8633
1 4515
1 5971
2 6290 6615
1 4397
2 2441 8169
1 2867
1 9003
3 2104 8502 6057
2 3015 359
3 1110 998 8713
3 8195 9334 1529
1 714
1 2102
2 9243 6311
2 1857 8151
2 3960 9842
5 3172 8706 3635 3566 8699
1 2602
1 2822
1 351
2 3898 6085
1 9519
3 781 1428 9622
3 9451 3274 800
1 6846
1 5460
3 7067 2429 1264
1 2397
4 3154 8966 5905 3240
1 598
1 5729
2 4018 2256
3 2822 8205 3648
2 4744 6769
1 3272
1 972
4 9643 1526 8021 3067
1 2962
5 7877 7129 880 8660 539
2 2040 2894
1 6190
1 554
2 7386 502
1 8322
1 3042
2 3507 4016
3 5053 7205 5212
1 1120
2 923 2687
3 8399 9083 7369
1 7805
1 5389
1 1553
2 9305 5764
1 9530
5 9060 5343 1910 9091 6904
2 8274 9824
1 9208
3 1818 802 3489
4 9631 2486 4981 9657
4 1688 4528 3792 1073
1 1938
4 3228 5500 4825 2564
2 7969 8897
1 8494
1 1750
2 1083 8810
1 8853
2 1079 9859
1 1745
7 7950 5867 1857 2293 8752 8901 8119
1 4778
2 6636 6642
1 6609
4 2167 2336 1193 2879
1 2837
1 6414
2 6566 8283
2 9221 8465
2 3375 1253
1 6372
3 6070 941 9126
1 3294
4 9138 9 7720 6000
2 5736 3234
5 4790 9283 5916 843 7398
1 4099
3 7780 4275 7378
1 1094
1 9473
1 7542
2 7728 7480
3 8979 2590 7667
6 2102 3429 5001 804 9250 1754
4 505 9571 3516 6833
1 4554
2 9400 7611
3 8096 1758 3889
2 2896 7291
1 2295
4 8158 3506 8235 6543
1 9320
1 2870
3 3875 7127 99
1 6093
1 2537
2 2830 9326
1 4718
1 9436
3 3331 9074 9217
1 2829
2 3990 201
2 8607 6820
1 7535
1 2199
1 7070
1 9623
1 6836
1 3621
3 356 3145 3035
2 7291 7582
4 5961 2925 7078 2071
2 1912 9273
1 1229
1 8838
2 9574 6355
3 2162 1076 5642
1 5500
5 3928 7181 2290 5017 6234
3 124 2645 2264
2 4557 8980
1 4076
3 8707 6651 1141
2 2900 3585
1 1083
1 6124
2 8241 4195
4 9798 9917 3497 9494
4 5135 2138 9626 8611
1 4763
4 1031 104 7854 6054
2 3429 1450
1 8640
2 6431 6539
2 5964 5762
1 1030
1 7708
1 3073
2 4334 5907
1 6468
2 4108 4517
1 170
6 1581 3713 9624 8615 1817 7405
1 928
2 9305 4045
1 6241
4 4213 3218 7076 3974
1 8233
1 9126
2 6171 1494
5 4242 2657 8910 7668 9646
1 2161
3 1900 4120 1868
2 3773 6094
2 4796 1021
2 739 7352
3 5012 1909 3907
2 4371 5008
4 5704 1423 4520 5584
1 4686
2 7044 6538
1 2391
4 3858 7160 3479 5958
2 345 6210
1 4385
2 5782 6002
2 6538 9662
1 2280
2 3132 7328
1 5877
1 9905
1 6882
3 9194 5889 1377
1 3526
3 521 3009 7186
3 6598 6856 6807
1 2779
1 8855
1 9848
3 1649 5243 7833
1 1178
5 5961 2551 2670 4279 3027
1 3073
3 143 9310 3948
5 8786 542 7531 4104 3612
3 7312 5673 103
1 1328
2 7723 3544
3 7223 4481 1009
1 7162
1 5220
3 7260 8039 6259
2 8853 445
2 5972 2091
1 6344
3 3997 9550 6379
2 7456 5161
1 2959
1 7539
1 4757
2 6088 9934
1 7286
3 8374 6703 1720
1 4367
4 9787 9740 3245 5724
1 9863
1 987
3 5769 4224 9470
5 3089 6361 9811 6962 3390
1 7490
4 3409 2555 4121 3813
2 4411 5040
1 8425
4 5974 801 4830 8431
1 6059
1 2117
3 9994 5569 8769
2 9360 3406
1 3912
1 5523
2 6407 9098
1 8257
1 4646
1 711
1 3747
1 1357
1 1730
3 6678 3692 7017
2 4754 8154
1 2362
1 4183
1 2183
1 9850
1 2431
1 7110
1 5101
1 4811
1 5441
1 6721
3 6882 9426 5690
1 271
6 2836 609 767 9499 3801 8784
2 5082 7028
2 1311 8547
1 8658
3 8594 9575 6714
1 5709
2 7021 5870
1 6972
6 8049 2120 6895 6747 6130 7006
2 5800 6748
2 9261 759
2 9400 2512
2 9405 6860
2 3559 7447
1 3025
1 7806
1 8687
1 1896
1 529
1 1850
2 3287 4178
1 7307
1 8762
1 9383
2 5709 1670
2 9434 7991
1 5148
1 3246
1 2900
1 8806
1 6725
1 6726
1 3128
1 4902
1 8926
1 9292
1 9346
2 4335 3029
1 3176
2 6418 231
1 5205
1 8104
3 5352 9466 9949
1 1421
2 733 3102
2 6428 4424
1 584
1 8836
2 4830 9256
1 6808
1 2020
1 3997
2 6499 3710
3 4934 3565 9190
2 296 469
2 7173 819
1 6407
3 4455 4939 5050
8 2605 4871 6837 8992 2593 3885 4151 9692
4 4808 9235 4226 3115
3 6261 4062 165
2 6813 5780
1 1234
1 3152
3 3342 1765 9776
3 9888 6359 4807
1 427
5 4552 9723 3989 2246 8216
1 3022
4 807 8555 9485 107
1 2416
2 2435 1437
1 7919
4 8289 3546 2005 2478
3 1561 9814 3513
1 713
5 3857 2076 8052 6358 4387
3 9049 7304 3061
1 7665
1 4723
4 1046 5133 1663 3336
1 4292
2 5271 2802
1 6306
1 5765
1 9132
1 8864
1 4550
2 7890 289
1 8135
2 6651 1800
2 1928 6766
3 5752 109 7664
3 7725 672 4862
1 6038
3 7587 1446 3049
4 4659 5654 6778 4167
1 3899
3 7489 1880 5529
1 8387
4 2078 3707 4802 3179
1 9551
1 3890
1 6578
1 8681
1 5848
1 4156
1 3698
4 4012 814 1964 4679
3 8821 9198 4867
2 2351 484
1 7626
2 503 3684
1 8068
1 3718
5 3477 4325 1620 2800 5011
1 6560
3 1478 8107 7404
2 9684 3230
2 3176 6583
2 6775 1609
3 5672 1337 2692
6 3875 3910 797 5750 2338 5808
2 9408 3075
2 4259 5350
1 2685
2 4590 7713
2 719 9085
1 4411
2 1845 6490
1 4328
3 2784 594 9496
1 6047
1 2186
1 7939
2 9845 1846
7 37 5836 7016 8533 521 1616 7491
4 6873 7224 5064 3616
1 1094
2 6651 3233
2 3192 4432
4 9605 545 5581 8988
6 7016 2667 5345 3157 6884 9500
2 6729 8548
4 4685 5533 9576 3615
2 1227 7972
1 2055
1 510
1 4952
1 3875
1 6991
2 190 2787
1 1683
1 5945
1 7140
3 5366 3805 9345
7 7670 1177 3728 3120 6854 9970 1119
2 6367 2291
1 8725
1 9125
2 4044 732
1 3982
1 1339
1 7628
2 383 3374
9 1845 5244 6647 7543 8978 6715 3427 5557 5875
1 115
1 6859
1 6980
1 798
5 7056 8300 798 8035 365
2 6144 390
2 1118 473
7 8402 1632 7928 8113 6183 535 4920
1 526
1 3912
1 4405
4 4942 6133 2327 3046
2 6725 4974
1 4474
1 136
1 3241
1 754
1 9913
2 9147 668
7 9109 5854 4365 2483 5452 1030 8266
4 7792 9296 7123 4046
1 6521
1 3927
5 2167 2664 2423 7479 8649
1 7492
1 354
2 1132 8311
2 2302 5543
1 4837
1 1810
1 9343
1 7196
1 6261
4 7178 1808 5940 6275
4 9771 1818 7249 7570
1 1329
3 4686 816 2012
1 9345
1 2791
2 2669 3455
1 1274
1 6990
1 7549
1 1543
1 1216
2 8591 5635
2 648 1025
4 5877 688 1685 3082
1 4723
1 1353
2 2357 5725
5 2352 6044 5092 8827 6970
3 797 3921 8001
2 1971 4054
1 5002
3 1898 8462 3501
7 7375 3704 5864 1071 1004 2625 7175
1 4829
1 1225
1 3796
2 3148 9016
2 78 5884
1 4405
1 9639
2 318 7916
2 8206 9136
3 8024 7840 7003
1 1867
1 4068
1 1469
3 5325 4391 2791
1 9305
3 1450 405 3439
1 3149
2 8058 8891
1 1389
1 7793
2 4410 1406
6 5713 8762 901 1396 3323 4644
1 6684
2 3758 2260
1 2230
2 3405 3198
2 2068 2991
1 8841
1 786
3 5325 2713 7532
2 6934 4854
1 5266
3 1177 702 6724
1 8611
1 1505
1 5588
1 8343
2 1079 4820
1 7920
1 5715
2 8613 6885
2 2958 9154
1 2304
3 7101 5760 2728
1 3401
1 169
1 3328
1 8486
2 4744 7351
4 8861 5148 7283 9916
3 5594 2748 6924
4 3852 6364 7059 6867
1 8245
2 7595 4488
2 3078 8683
7 9400 5716 8499 8270 2620 2973 1572
4 1482 6332 1419 5891
1 967
1 1060
4 8617 3077 1467 8031
2 582 2013
5 5579 2956 7901 5850 1121
1 9071
1 6949
2 3567 5371
1 1840
1 6725
1 9196
2 225 8353
1 4287
3 7667 749 9424
1 784
1 5214
1 9814
2 4688 1759
1 6028
5 6853 4740 6859 8565 2454
2 6703 216
1 5065
2 4205 1363
2 3783 9151
3 3596 5812 6723
2 3289 3344
2 5592 704
3 4498 4937 4329
1 401
2 9001 4900
3 4266 2449 7114
1 6718
3 9115 1879 2258
1 1203
1 523
2 5290 6164
2 2947 1074
1 2934
2 6159 2525
4 2827 2646 3293 1936
2 3594 3797
1 1328
2 9339 333
4 3829 1015 3091 2518
4 7773 9946 7768 6422
1 445
1 9379
7 962 8403 3073 6636 1182 3762 2540
2 3140 4471
1 671
1 5840
1 8981
1 1900
4 7690 8399 2112 3014
1 859
2 9533 1637
2 8117 1277
5 9172 6176 1695 2686 4722
2 6437 175
5 2856 5491 9056 6887 4172
1 5123
2 1790 8581
2 6991 4946
2 5498 7568
1 8019
1 5620
1 2294
2 547 6268
2 8855 2378
2 1644 2889
3 5925 6492 7629
4 8516 2936 4554 5755
2 230 134
3 9544 6581 8338
2 9156 1725
2 7589 4237
1 1965
5 7950 3596 3832 9989 9244
1 4154
1 6622
1 5961
1 6587
2 8590 6374
1 8115
2 1131 5684
2 8492 7158
2 7313 2058
4 563 9453 9188 4592
3 8174 6343 9964
2 448 9155
2 4739 4970
1 4784
3 8289 9472 7612
2 4372 7604
1 7108
1 8224
1 2421
1 9060
1 6233
3 4242 3895 4215
1 1584
5 8751 807 5138 3860 1017
2 5243 7169
2 8513 9762
3 2657 6983 9605
3 9144 5742 5689
2 1219 43
2 1751 316
1 5986
1 4255
4 5039 4038 4133 2222
2 8267 7091
1 5663
2 9650 6710
3 8952 1677 8851
1 3091
4 318 7266 4950 5789
1 7027
3 8666 9375 4626
1 5125
1 78
1 9288
3 5612 192 2521
2 7931 3729
1 4469
5 1486 7843 1820 5484 4355
1 6903
1 2801
2 570 1079
1 5637
2 6569 3398
1 8343
2 6504 5945
1 5266
3 8702 2706 9943
2 156 2930
1 5366
3 4782 1029 7766
2 5788 461
3 5709 4333 3945
1 8399
1 9939
1 2120
2 5137 6871
1 9184
2 9965 5047
2 2247 3724
1 2280
4 8707 3228 9798 510
6 6016 5709 6337 5012 6105 4464
1 7525
2 2691 9651
1 5556
2 4743 2238
1 2000
2 2247 9271
1 2026
1 1039
1 4975
1 3779
1 2416
1 7082
1 5455
5 6638 3911 862 8890 2323
1 5606
3 1642 2567 6665
2 8166 9655
2 686 4533
2 2697 2175
1 5526
1 9019
4 5117 9200 4118 541
2 7099 9878
2 6381 3838
4 5606 7858 5093 1063
2 7895 4603
4 2500 6772 7411 5310
2 5869 8957
1 6939
1 512
1 4458
3 6031 6916 3441
1 2215
3 3229 3491 603
2 6594 91
1 9989
2 3565 7199
1 8696
2 5706 9370
1 6650
1 8857
2 2801 9884
3 5082 4793 6033
1 5862
3 7968 3550 6394
1 3816
1 4751
2 3672 9671
1 2015
3 4252 8459 6914
2 521 2403
1 3046
2 7183 1982
4 8019 5977 8076 9518
2 4180 1743
1 5688
1 3128
1 2633
1 6512
1 9481
1 9881
1 294
5 8115 2078 3186 5524 1969
3 3597 2651 334
2 2906 3037
2 3863 3238
1 8827
1 8724
2 4942 8984
1 5764
3 9847 4911 66
5 5674 9365 9603 4913 67
1 4584
1 8957
1 91
2 886 7676
6 2061 1164 6381 6664 7951 4930
4 6854 7869 2722 4759
3 2784 4032 5507
1 4580
2 1058 7308
2 456 3878
1 9093
2 4254 7799
1 4256
1 4354
1 4221
3 4871 9349 3722
4 8347 82 796 4326
1 3546
2 2596 249
1 8072
1 6288
3 9096 9309 5934
1 5924
4 9882 8027 4267 2826
1 8319
1 456
1 2843
2 1110 2887
3 1429 1138 1714
2 5114 5703
2 6917 6014
2 7532 7898
1 8128
1 5209
1 3825
4 2987 4816 8282 8628
1 4201
1 7597
1 9463
1 1230
1 6244
5 8577 6667 7488 3294 7959
4 5579 4681 3641 3129
4 1177 4001 6425 5610
1 1082
2 2705 7957
1 2420
1 7113
2 5937 1777
1 3492
4 188 27 1594 3716
1 3650
2 5022 266
4 3328 5514 5682 5825
2 459 2193
1 8878
4 9896 3202 908 7493
3 3449 6086 167
3 7533 1468 5046
1 9723
2 3348 3563
1 5204
1 2777
1 8319
1 6989
1 3233
2 1295 7541
3 3984 5431 6677
2 6362 9930
2 2740 760
2 3884 8323
1 6199
3 6564 6586 8181
1 3133
2 3101 9891
5 9758 315 1081 7432 4351
1 1645
2 8991 8623
1 5331
1 300
1 2066
1 4883
2 2845 4625
5 4492 439 9567 4340 8597
2 9758 3373
2 6794 5634
1 8217
3 4807 7961 7829
6 448 4220 4180 4560 3816 6738
1 7227
1 5652
2 3830 7902
2 918 7814
3 767 6661 9945
4 8661 7083 5339 8748
1 9530
2 7663 8795
1 2777
6 2395 8117 3007 3796 8717 4006
3 9444 1460 1654
5 3862 65 8618 3469 7522
1 4952
3 4438 4389 8267
5 1400 3490 8670 644 9592
3 5417 9609 6450
1 3990
2 5948 2421
1 897
1 9706
1 6644
1 2098
2 9057 4467
5 9871 9344 4668 2832 5775
4 2405 7623 4457 673
1 4797
2 5487 3971
1 2370
2 1737 4969
1 4494
1 4734
1 9261
2 2425 2669
1 5864
1 9716
1 1945
1 4475
3 2399 5331 5329
1 4721
4 594 1798 1319 946
1 2713
3 773 1242 4316
1 5135
1 6988
1 6631
1 5466
5 4228 3114 4157 5275 1268
1 1858
1 5007
2 9948 4321
2 7518 5901
2 7841 2332
3 563 355 4885
2 3772 9843
3 3832 128 7696
2 5162 9669
2 1550 2292
2 7386 856
3 825 8191 9043
1 2202
2 1531 3276
1 6515
1 6296
3 9004 3740 455
1 8806
2 7659 1607
3 3573 5982 4619
7 368 7452 3990 136 6939 4693 568
1 6316
2 5788 8296
1 6553
1 2269
1 744
2 3641 950
1 2959
1 9321
2 8500 3637
1 7863
5 3375 8786 6508 9524 7365
2 4391 9094
3 8027 7481 561
2 2459 9516
3 8080 1372 4415
2 1135 5694
2 3483 7616
3 5381 637 2662
1 5629
1 7936
1 77
1 8651
1 6551
2 5746 5519
2 1493 6302
1 5349
1 4860
1 5576
1 6834
1 6618
3 4896 6231 6065
2 5902 3711
2 295 8801
3 1506 850 2809
4 8762 8672 8126 6388
1 7173
2 9939 4447
1 16
1 3213
4 5068 7795 9165 4805
3 2742 8192 1014
2 5492 5894
1 9557
1 4465
2 642 3869
1 3652
1 3879
1 1983
1 630
4 4475 2108 2125 9831
1 5947
1 6419
1 3973
1 2575
1 1135
3 4298 8650 8945
2 7294 3144
1 778
2 3596 1544
1 2781
3 3864 3622 874
4 4952 4332 3288 5465
2 3613 8557
1 5941
1 9314
2 751 9789
1 3501
3 1387 8561 2824
4 222 60 3418 6093
1 5095
1 9236
2 6730 4608
5 3248 9536 1991 4107 58
3 4672 7726 8182
1 8326
1 5898
7 7375 9386 3824 9415 8080 6212 9897
1 5186
1 2903
1 7569
5 7863 6326 6672 7705 9683
8 2793 6285 5141 4312 1734 2897 6344 5708
1 222
3 2444 4906 1211
1 8821
1 2481
2 9565 3950
1 5340
2 9509 5187
2 9164 891
1 8080
6 3658 5386 8325 2719 2269 906
1 2254
1 8072
1 5750
1 6286
1 5628
1 1416
1 767
1 3553
1 6171
4 6140 154 3194 2688
3 4410 6294 5696
3 6906 8286 9773
1 6557
1 7388
6 5356 5392 1788 750 350 3201
1 4553
2 2743 7508
2 6157 4091
1 4868
3 7950 8171 8580
1 7260
4 1295 6815 8227 2839
2 7895 6685
2 6853 1413
2 8884 6907
1 7275
2 272 1078
1 4692
3 9697 3968 930
1 9216
3 3594 7594 1904
3 5954 8710 1360
4 2784 8168 8938 778
2 5335 8006
1 1265
1 311
2 5467 8562
1 4996
2 5935 2584
1 2332
2 7484 8017
1 164
2 5186 8214
3 131 8872 8242
1 9839
1 9290
1 4825
1 7607
1 2109
1 3588
2 9449 7358
1 2639
2 9442 4176
2 296 402
1 7319
2 5324 8680
1 3591
4 1600 6228 2311 7147
4 3371 250 4614 7679
1 2151
3 1229 9958 5333
3 511 4666 6447
1 454
1 6660
5 6969 7250 2448 5763 6131
2 3199 7277
1 2178
4 4539 3621 9451 6579
1 2136
4 5022 2161 7893 6095
1 1042
2 4044 6674
3 1394 7758 5878
1 7285
2 4293 6556
3 6882 3021 8112
1 9789
3 9971 1806 135
2 6391 8875
1 5687
1 3291
3 4378 6925 2951
1 7929
3 6047 3141 4841
1 5978
2 3765 958
6 9361 4941 3554 6053 255 6373
2 9255 4979
1 2590
2 8461 1924
2 126 4923
1 8321
3 5505 3485 1466
1 8522
1 9993
1 4224
1 8111
1 3936
2 4026 1160
2 2387 2542
1 7060
3 8185 2109 7455
2 6917 2983
3 9511 2443 5822
2 7845 6434
1 569
1 2139
2 9233 2673
1 336
2 4247 2804
2 827 513
3 8990 3065 5277
1 1940
1 1373
1 6586
4 9304 8583 6166 8824
2 2922 8982
3 20 4713 5250
2 3779 9177
6 9361 6812 4266 643 589 1578
1 37
4 7635 7072 9464 6048
1 4676
4 4089 2395 5177 5741
1 4856
3 72 2302 1241
2 7498 970
3 9771 6993 1126
1 2761
2 1729 7256
1 5733
2 715 3815
1 2763
1 9535
2 6246 5315
1 9763
1 7090
1 5568
1 8488
3 6284 2257 7515
1 6083
1 2667
1 5733
1 6562
1 7089
1 2936
3 5409 1508 5784
1 2329
2 7392 3083
1 2235
2 2036 5447
2 6181 9991
1 6182
1 942
3 8936 5477 9002
2 7332 3127
4 5041 8402 9209 9515
2 9365 2420
6 188 1089 5271 5899 8843 6828
1 5915
3 7738 6880 8537
2 7067 4634
1 9254
1 7830
1 4084
1 3832
1 2448
3 2646 7589 5712
2 1781 573
1 9295
3 605 1687 4352
2 5948 597
1 4579
1 596
2 3068 8340
2 6212 5086
1 4433
3 4145 8460 2368
1 2699
1 36
1 5530
1 4623
2 854 8228
1 1400
4 9383 6116 3524 3942
1 615
3 8640 4196 1736
3 724 1055 5124
1 6056
1 3180
1 3852
2 5621 7373
1 5135
3 9627 2699 3586
1 1044
5 162 24 7315 1990 4684
1 6809
5 2822 483 2371 1281 6795
1 8902
3 6558 7010 3944
3 6626 3059 146
1 6134
7 5594 6873 9057 8863 8719 2216 2301
2 5681 3165
2 9598 342
1 5271
3 1962 8517 7935
1 158
2 7222 3582
1 5025
1 4307
1 7526
3 8499 1005 4123
5 4959 550 6016 9684 846
3 6404 6202 4374
1 8485
2 544 564
2 5062 1247
3 4972 339 8466
1 7704
1 2329
3 4213 9908 3742
3 1234 7050 5
2 3183 9486
1 5380
2 5206 2698
2 543 4540
1 8494
1 7362
1 3082
5 4114 9286 8268 4004 1158
2 9423 1661
5 7725 9374 7973 3101 5715
1 8153
3 4166 5832 3043
1 6308
4 624 7687 1315 2010
1 7456
4 3345 6012 2600 9920
3 3990 7811 2952
3 170 6612 7960
1 3900
1 3581
3 9994 4931 5512
6 4044 3103 5312 8845 2969 4511
1 6843
2 2916 8400
1 9690
2 8977 8586
1 1197
1 229
4 5379 5374 5293 8919
1 6549
1 1351
3 8049 5586 1771
7 5841 556 6663 4012 8952 6049 4628
4 1688 5379 1151 4507
3 6031 6810 7700
1 7449
2 9359 5168
2 5389 6557
1 6053
2 1781 4418
2 3717 9300
2 5843 1248
3 4152 781 929
1 1110
1 2441
2 4510 5336
1 4520
4 6070 7628 8329 286
1 9517
1 1052
2 4582 5303
1 9114
3 5614 338 3341
2 9799 9276
1 7870
1 2329
2 1763 5242
3 4430 8497 3470
2 6075 125
1 541
1 3928
1 837
3 9614 2082 3709
1 9930
3 3493 2608 9570
1 2428
1 4491
4 7540 466 2171 9259
6 6442 8765 8525 5206 8170 5834
1 1704
2 8884 79
1 9881
5 5408 8149 8516 1865 4259
1 4966
2 523 8138
1 7134
1 9033
1 7041
1 3361
1 9557
2 4429 9088
2 1028 2305
8 6080 8794 7041 2785 4714 8509 2146 8582
1 6002
1 5828
1 1460
1 3015
1 8766
4 9896 2579 8433 6335
5 2385 1935 9822 6553 1565
2 3816 5758
2 1765 3334
5 2395 5628 9709 6038 8297
1 6268
1 7950
3 3731 2056 9787
1 5608
1 9783
3 1882 5435 5737
2 1824 3440
2 8886 9428
3 2365 6903 78
3 4674 6959 2591
1 4664
1 7415
1 9874
3 2574 1012 1441
4 7847 2935 2044 4986
1 7230
1 8460
1 2466
2 8749 1525
1 3997
4 8259 3223 2086 4572
2 8387 6516
3 2502 6732 118
1 1085
3 8174 9619 2027
2 4685 9590
2 6206 9860
5 7707 5241 1726 8558 3388
2 3158 9925
3 8099 2254 2998
1 7311
1 5631
3 8941 9053 938
1 1015
1 9575
2 5818 9086
3 9280 3436 662
1 6297
1 8241
2 3643 2103
1 2439
1 3490
2 2779 2074
1 3414
2 4269 5120
2 7306 8327
2 2784 7631
1 2934
3 8602 1328 5508
1 6655
1 7928
1 9231
1 8004
1 8117
1 8992
1 1938
1 6949
2 272 7359
1 2236
3 7122 9981 3522
2 6217 9561
2 6273 7572
1 8164
2 5068 7798
1 5187
2 1594 8716
2 3284 818
1 2842
1 3346
1 3792
2 6606 1433
1 1579
4 4148 3804 8368 74
1 1522
2 7171 1853
1 591
2 8463 8135
1 6423
2 3547 6406
9 1046 2098 1767 5573 4674 7456 7385 761 1401
1 9359
1 5304
1 2614
1 5650
1 5566
3 7224 8651 4658
3 5365 6129 7745
2 5663 2000
1 8787
2 8279 8849
1 2615
4 9931 9232 4043 1623
2 8225 5959
2 2425 6504
2 8347 1954
1 4819
2 9536 491
1 1293
2 680 3525
3 8657 1863 8078
3 2138 8546 8424
2 9690 9680
5 5417 775 4106 6237 4657
3 9392 4821 9312
1 9165
1 3291
9 4445 2958 172 3852 230 9691 6805 9808 1259
2 5243 6415
2 4281 1095
2 7537 8834
2 9183 9201
6 368 5018 8693 7172 726 7490
1 1799
2 4567 5313
2 7250 2354
2 9298 1417
1 9928
4 7001 5924 1628 3468
2 7310 8567
1 4811
3 1845 1913 3239
3 1385 4800 1799
3 100 1037 6297
2 4276 530
1 74
2 814 9065
1 3485
1 3587
1 3487
1 4967
4 2555 4621 9913 4270
1 1215
1 6947
1 6123
3 1111 4085 4074
3 4455 6789 4606
2 46 6978
1 5491
2 1081 5704
2 3685 5819
2 346 3286
1 1182
1 5425
3 1183 9320 2786
2 6890 7834
2 9590 7550
2 5167 2065
3 4755 7120 153
1 5163
3 600 5280 4163
2 5592 569
1 7674
2 4771 7395
2 3820 2723
1 5841
2 594 6851
2 3426 4288
2 3581 6205
1 5990
1 2458
2 5274 9187
1 9384
1 8120
1 816
1 8136
1 1818
9 3089 8343 7487 6536 7074 3587 7785 847 2018
1 7223
1 3328
1 8926
1 8991
2 2201 8490
1 107
1 7264
2 523 1388
2 7260 2942
1 7708
2 7306 9588
3 3596 8307 1258
2 70 2309
1 1870
1 2202
1 2391
1 9614
4 4425 7191 6156 8715
2 2404 6529
3 1767 270 1722
2 3606 8767
1 6862
2 7700 4064
1 1976
2 3954 8495
2 5583 2636
1 1657
1 5661
3 1274 3553 3551
1 5320
1 5429
1 4769
3 9511 528 4503
1 8926
1 3638
3 3056 8210 2341
1 8748
2 3003 8443
1 1113
1 6216
2 6742 450
1 5587
1 4348
1 6018
1 9132
1 9939
1 1007
2 1811 9761
1 163
3 2155 2549 8293
2 6935 5348
1 6257
1 4180
2 9265 7836
5 9390 1948 3079 8667 1016
1 7501
2 1653 3657
3 9562 132 9322
1 3937
1 9355
1 4783
1 2441
3 1606 4057 4971
3 4425 8324 9193
1 4480
1 820
2 7508 9131
2 9942 2123
4 2957 5869 7200 7061
1 5812
1 6502
3 3765 8142 8275
1 5838
4 9383 1756 6949 9785
1 492
2 6206 3877
8 7242 7388 1111 1793 4698 1129 2905 9071
2 6426 3653
1 8900
1 9206
1 6999
3 6362 2439 3395
1 3981
1 9557
2 6887 9839
1 3573
1 8331
3 1392 4564 872
3 6667 5868 8704
1 8283
1 1639
2 1151 8418
2 1458 6338
6 4538 1894 3670 9676 2110 5240
2 4784 8974
2 3147 1161
1 2825
6 2784 2061 2444 563 1172 2484
6 419 1866 2781 1465 7722 6725
1 3270
3 4328 440 489
1 6793
1 5292
1 8180
3 228 989 882
2 8932 8854
1 9652
4 8758 6957 4951 5823
1 9959
1 8431
1 9875
2 2127 4193
1 8080
2 2343 9855
2 816 3210
1 2339
2 8621 1738
4 1825 1889 9722 6830
3 2936 1244 9527
1 8308
1 418
3 4148 7238 7469
1 267
3 3018 9764 5618
3 5220 3517 8335
2 7200 1370
1 1087
1 7883
2 8505 2438
10 7452 8530 7466 7390 836 1624 6307 5541 8063 8826
1 3166
2 1536 3281
1 6268
2 247 3807
1 8139
2 4926 4812
1 6221
2 2037 2601
1 4061
2 168 2016
2 9608 8793
1 2976
1 9629
1 2302
4 8513 278 2548 2492
4 9200 6563 3324 4745
2 1555 5291
1 8692
5 8758 5325 7813 3211 8960
3 3897 4349 4192
1 9012
1 9717
2 8727 9904
2 2439 6758
2 6314 9621
3 3526 8661 2865
1 6834
1 709
2 9837 9629
2 5340 2927
3 3228 7564 435
1 7543
2 6890 3644
1 8967
5 8840 7209 9645 3051 7080
2 2167 302
5 7317 7053 4305 7837 3188
1 5969
1 6536
4 27 4842 7946 3898
1 600
1 1846
1 1460
1 2955
1 415
2 7410 9877
1 4114
3 753 5080 7251
1 2161
2 751 944
1 9628
1 8525
3 2102 2319 6203
2 1698 226
2 7860 6806
3 8168 705 7948
1 4236
1 7765
7 230 1133 9462 3128 5249 8085 4519
2 4322 5833
1 6392
4 8022 6409 5624 1721
1 2837
1 1686
3 8855 3474 5294
1 195
2 9175 1060
1 5752
5 7763 8821 9639 4026 1950
2 14 9010
2 6480 3699
1 8726
2 542 7701
1 6704
2 9812 182
1 5870
1 2208
5 9116 6566 1745 8388 8975
1 4769
1 3832
1 5779
3 6198 2141 1107
2 614 9231
2 2782 7846
2 1024 9260
5 1908 9823 1243 4419 7163
1 8486
2 7500 8136
1 6470
1 7759
5 7487 9045 793 9352 3966
1 4015
2 4318 3841
5 5475 7808 9089 7085 9001
5 3017 1043 5150 6390 6464
3 8440 5503 1404
1 8323
1 2510
2 9068 9974
2 4972 8054
1 7291
1 7449
4 9896 4513 9484 2921
1 3910
2 5705 7569
1 5479
1 3357
2 1057 1761
2 9360 417
2 3028 9468
1 7366
1 7416
2 9896 9650
1 4049
2 9935 6476
1 465
1 8409
1 5740
2 4445 5400
1 8393
2 4661 2306
1 6038
1 4272
2 5854 3695
1 6498
4 4456 6948 640 9924
1 8992
3 4554 3500 6350
1 1077
2 7986 1518
2 6365 4260
1 3222
1 682
1 7510
1 8794
2 6784 3933
2 9161 7305
5 6296 3958 4089 1461 1267
1 2695
1 5779
3 3199 2244 2405
5 3541 2488 8579 4598 2253
1 1559
3 1632 7092 9727
3 1057 1701 7876
4 4397 3760 1397 6008
1 7489
1 7650
1 9125
1 5608
1 5054
2 4846 5089
6 1110 4642 5851 4206 6623 4813
1 8263
1 6566
1 8352
1 3995
1 1531
1 4989
2 1429 293
4 5799 6602 7822 3545
1 7511
1 5503
1 2777
2 4527 6992
1 161
1 4800
2 3859 4367
2 714 1190
3 790 9113 1289
2 5226 9246
2 4369 3001
2 1055 4134
3 5575 1702 1474
2 3596 8505
2 5044 2477
3 3438 3136 6697
4 5954 3770 2537 9539
3 8819 7804 8642
1 8426
1 634
1 6150
5 2870 4996 889 8234 9928
2 6290 6189
1 232
1 6902
2 7321 7108
1 7698
3 5987 1215 1693
2 6995 5384
1 9976
1 6149
1 5659
3 3614 9245 6522
1 8022
1 1042
2 901 2350
1 9390
4 739 7873 664 4553
1 3726
1 4353
1 7254
2 6543 8040
1 3244
1 8578
2 7479 4483
2 4706 1353
2 1096 3380
9 2388 8921 2199 6790 6047 7089 6400 5268 3633
1 8953
1 9257
1 1446
1 8000
1 269
1 9756
2 7377 4439
1 7783
1 9548
5 3063 1733 6157 2295 2878
2 6887 2213
1 4994
1 173
1 486
1 1690
2 196 9347
4 1092 6342 4498 5201
2 7962 8908
2 9216 8070
1 3963
1 1457
1 6909
6 2388 6328 3558 9956 498 954
9 4778 1400 9799 3248 4915 2911 5178 8539 5460
1 9384
3 2731 2214 4739
3 1321 8463 1634
1 979
1 9519
4 4196 7243 2840 7282
1 3152
2 1414 7559
3 4228 2447 6509
3 7289 5493 8177
1 8014
2 7467 2510
2 2289 7450
1 7829
1 3597
1 7738
1 2136
7 2792 3905 8638 3819 1861 9102 8037
1 2413
2 2981 4602
1 9999
1 8075
3 1616 504 1196
2 9254 630
1 7070
2 4040 9041
1 7642
1 2545
1 2536
5 7950 2230 7128 6413 6976
1 2692
2 8921 303
1 102
5 2936 164 7878 7235 4832
1 5067
1 2755
1 9049
1 8999
3 4541 8236 6241
1 7008
1 5244
1 6117
2 6016 9792
2 3816 5405
1 5682
1 1645
1 3164
2 3896 876
1 4555
2 767 532
1 4408
2 6107 571
1 5960
1 6306
3 7856 8475 112
2 166 996
1 3886
1 2464
1 2161
2 1061 5058
2 463 6678
3 2525 2285 9848
1 3247
1 816
1 6365
1 2030
3 9109 4991 194
4 6211 4199 842 8529
3 6352 9992 641
1 5338
1 1137
3 1860 5913 5273
2 8891 395
6 4686 72 8707 7805 6816 2077
2 8158 2665
1 9999
3 4410 4341 1951
1 2285
1 2787
3 4411 8200 848
2 5925 3105
1 6137
3 3078 4438 731
1 3478
1 9565
5 7050 9555 613 6515 7137
1 7714
1 5408
4 7624 6890 5930 722
2 7044 4652
5 5354 3435 1737 5718 9363
1 3147
2 8938 6441
1 8849
3 2303 5284 5173
6 3597 624 4565 9299 4949 8197
1 3482
1 1514
1 1836
1 5288
1 1967
2 693 6449
3 3958 873 6463
2 2253 292
1 8042
1 6322
1 5200
3 5396 879 3924
1 5155
2 5061 3135
2 7884 4191
2 2811 6688
7 5052 4700 6288 8260 5515 9807 361
1 985
2 3398 2235
1 9105
2 3765 6227
4 6689 8060 1219 9957
1 9400
1 7779
1 2589
1 2504
2 4830 2308
2 5405 4985
1 2247
1 214
3 3130 8176 5539
3 3169 1298 5398
3 362 171 2422
1 7988
1 5197
1 4217
2 609 3547
1 1298
1 1171
1 6
4 1121 5976 4543 8918
1 2766
1 1071
1 4344
1 1225
2 1892 4673
1 9631
1 2808
1 2965
1 7196
2 7645 7800
3 5705 7557 3601
1 6938
3 8316 7860 9241
1 3751
1 6544
1 7686
1 8764
1 8620
4 2249 1163 5658 1974
1 2037
2 73 9893
1 4285
1 1164
5 3081 8758 46 852 708
1 8368
1 561
1 5472
1 4160
1 2430
2 5796 6180
2 4810 240
1 245
1 5428
1 3650
2 2872 7683
4 4743 6987 9577 8167
1 2011
2 178 7606
2 2351 3019
1 7955
1 2574
6 9896 4975 1947 318 7082 1916
1 5823
5 2957 4869 697 7695 6530
1 7975
1 4090
6 7748 5629 1903 773 2134 2892
2 1788 3352
4 6995 1039 7680 2247
2 1136 7384
1 2334
1 6473
1 9880
2 5636 9383
4 8255 4010 8079 4450
2 997 9682
1 3169
2 6098 2232
3 7773 5239 38
2 839 8564
2 8760 2900
4 9701 1026 2139 8846
8 8946 9442 8095 5887 7100 143 3696 2047
1 263
3 9159 5695 2218
5 7763 7068 3872 2648 4110
3 7674 5929 4880
2 5857 1926
1 6400
3 2822 6354 8859
3 1296 80 15
4 9490 2408 1933 7561
1 1811
4 188 122 3002 9668
3 7759 8132 9528
1 9170
1 5746
1 3340
1 8381
6 8080 9681 244 5957 4509 4956
2 3402 5757
2 6205 9038
4 6853 6193 9520 3913
1 3645
1 2745
1 11
1 7628
2 4324 3763
1 8313
3 2742 8646 5922
2 9943 5023
3 5612 1285 8648
3 3921 5326 9407
3 9438 2170 1338
1 1709
4 7884 8574 4124 2465
1 6719
1 6860
2 2816 2966
1 2214
2 1036 5147
1 1200
2 4767 335
1 4517
1 6786
3 3958 5759 5045
1 7438
2 7811 2163
1 9380
1 9684
1 7443
2 7504 9368
2 5319 4732
1 8510
1 7016
1 2825
1 7902
1 4481
1 3420
2 9691 8790
1 1942
1 260
1 5017
1 8546
1 1347
1 4873
5 209 7260 1657 4581 5615
2 5674 8285
2 8222 2032
1 7487
1 7058
1 7773
1 7583
2 1429 4233
1 5566
2 7716 3416
1 5214
1 1608
1 685
3 9263 7079 1554
2 5923 6928
5 2388 4808 5440 5912 1999
1 3624
5 1896 6721 4710 4323 4595
1 9058
1 3420
1 7302
0
1 2465
3 5480 4079 2060
5 8993 3725 2384 5202 4551
3 1653 7832 5849
1 3736
1 8749
1 3566
1 3566
2 2968 6578
1 2992
2 2031 238
1 6342
2 6604 6973
1 8850
3 4243 786 6980
1 8859
2 6618 3099
1 6177
2 3559 6999
1 7319
3 2757 9885 63
2 4587 8468
2 1763 8067
1 9829
1 7296
2 3685 10
3 6145 2775 471
1 9103
1 89
1 7254
2 64 1530
3 3270 6098 6136
1 1789
1 998
1 6465
1 5065
4 138 9888 4538 4967
1 172
1 4110
5 8331 5368 2317 6303 6121
2 3883 4042
4 5022 6608 7654 9202
1 5442
4 8259 204 6046 913
1 800
1 2032
1 2009
3 8540 576 4003
1 4127
1 8542
1 6906
1 7431
4 7869 4532 9583 7397
2 8971 1656
2 4405 3050
1 5261
1 9552
1 9929
2 699 7883
4 1653 9703 3868 6720
1 2528
1 6504
4 8106 3018 2870 7313
3 5915 3957 3664
1 6275
1 5436
1 5765
3 9931 7115 5407
1 8005
1 3075
2 6132 3016
1 7322
2 9444 5883
2 7410 6380
1 1698
1 2690
1 9793
1 4583
1 8904
2 3990 8730
1 9295
1 7523
3 5912 758 6821
1 2051
2 6994 2858
2 158 2255
2 3721 5931
1 9442
3 6249 9752 6733
1 2236
2 6298 3638
1 3594
1 9799
4 420 8098 9616 9492
2 7895 524
3 5814 6429 649
1 8748
2 3905 7184
1 3804
2 3629 4394
1 6482
1 5988
2 923 1157
5 9993 4145 1555 3555 7131
2 2694 4137
2 8039 53
3 1349 8803 2375
5 6482 2036 1112 1454 492
3 8387 7145 6598
1 5666
1 1052
1 7499
1 5382
1 3854
2 6475 4990
1 207
1 7968
1 7849
1 7317
2 1711 4863
1 7670
1 3621
1 2248
1 6012
2 2519 2168
3 9506 6242 7214
2 8995 6875
3 9196 8152 3003
2 4262 8103
2 6132 4314
1 3158
1 8678
3 2856 186 5203
2 3769 426
1 1224
2 8775 1359
2 348 5328
1 425
5 8914 9263 9337 538 4362
1 4918
2 5505 438
1 655
1 8977
1 1990
1 6162
2 6377 2227
1 2600
1 2972
1 2125
5 7313 7987 8838 698 8695
5 3847 7802 8604 9178 4958
1 5663
6 5334 7098 6404 1896 699 4730
1 6536
2 4098 1479
1 1818
1 3731
1 1642
1 9449
3 8474 8058 8099
1 829
5 2326 2029 4747 1929 8511
1 4700
4 6961 6739 7410 2760
2 5059 5204
2 6214 8467
1 7759
2 9138 7778
1 7971
1 6076
1 6692
1 727
1 59
1 1379
1 5107
2 1540 2233
3 6156 8734 1333
1 4187
3 6401 5671 9881
5 3722 3831 5726 4099 735
5 3078 5956 3934 1625 3846
2 6186 8883
1 9930
1 2755
1 2393
2 6717 627
4 2337 6368 4204 9618
6 7386 4499 4651 1790 6660 920
3 1455 7872 5470
2 2522 148
1 959
4 8570 101 5136 9403
1 810
1 1746
1 8091
6 7773 2250 552 4221 4495 8215
1 7315
1 2115
1 868
1 4582
1 1458
1 5582
1 7408
2 3037 3134
3 8705 4454 4423
2 3154 6011
1 4524
3 2256 7372 6746
1 9633
2 5133 9247
1 5883
1 6532
1 780
2 6230 2475
1 3347
1 5013
2 2585 9465
1 9988
1 562
1 2375
8 829 2836 2818 98 631 8259 4523 2603
1 5585
5 8149 2604 6826 9412 7460
2 2821 2150
1 2342
1 7583
1 6465
3 8080 4848 1512
2 6934 7213
1 1109
1 9952
2 8952 639
1 3009
3 3300 5373 2053
3 2270 437 4392
1 7893
1 5018
5 5987 4567 36 4892 6764
4 1608 2940 6024 5157
3 8748 6590 213
3 8906 638 4370
4 5551 8115 4247 9009
2 3916 6967
1 9306
3 7626 9832 9317
1 4501
3 7712 5782 5298
2 8512 2741
1 1551
1 2563
3 7873 1330 8407
3 8992 2474 8612
1 7111
1 8959
3 9919 6668 6533
1 8056
6 9459 1045 7065 8145 3140 6653
4 4353 4622 9596 2205
2 5018 7187
3 3132 9112 2126
4 8520 4207 8614 9140
1 5480
3 8886 6989 1254
1 1108
2 7670 3310
2 4067 6803
1 3220
1 2740
4 2502 2833 6269 4002
2 1046 780
1 2467
1 1985
1 6447
2 7511 4770
2 1487 3972
1 9970
1 7546
1 9160
3 2040 1187 344
3 1724 4067 7274
2 9088 5943
1 6105
1 3345
2 6320 2130
2 8780 956
5 3897 4491 1058 7492 7761
1 2131
5 5530 4582 8861 7791 2914
2 2035 2127
1 5088
2 9793 3034
1 7160
3 6957 8386 5640
1 9552
1 1880
1 2458
2 4598 1782
3 5339 3666 9127
1 6529
3 2285 4058 1741
1 2908
3 8992 6244 8029
5 6536 6175 1507 252 551
5 5361 2148 2801 7666 9354
1 1172
3 6270 5418 8677
1 1280
2 5698 8839
4 3335 4904 9024 4585
1 8307
1 9003
2 6626 9132
3 5681 2933 5227
1 729
1 9716
3 3081 8737 3308
3 1469 6208 6192
2 226 1002
2 924 9203
1 8450
1 7719
1 2745
4 8289 3287 4703 8345
1 3685
1 938
1 6085
2 3301 1383
4 4089 7984 6751 7953
2 4403 406
2 3205 665
1 5690
2 4438 2559
1 3801
3 9931 156 8056
1 4644
1 2722
1 454
3 9172 7622 4216
1 200
3 7500 8406 2847
1 924
2 974 2532
6 3597 7816 1027 9523 9636 2507
1 9022
2 1857 1418
2 2999 6327
1 7431
3 8513 2219 4243
1 5881
2 6039 1375
3 4430 5286 4918
1 4012
1 4600
3 7723 7111 8830
2 2851 8290
1 9602
1 4653
1 979
2 7174 7220
1 9045
2 1435 8852
1 8099
2 5779 4549
1 2745
1 3757
1 3583
2 4136 5772
2 6494 2479
2 2708 8114
1 385
3 5450 8998 4209
2 6044 1297
2 6128 8652
1 3493
1 454
1 8045
1 8158
1 2370
3 3089 8741 7716
2 6882 5743
3 4433 6558 713
1 6596
5 212 540 9118 7048 6149
1 7584
2 5362 5946
4 7215 6247 9739 9547
1 3598
1 9025
2 1308 90
1 6858
1 4315
3 143 7579 4501
3 4993 7296 7954
6 6775 8900 3119 8850 8207 7838
3 9172 3279 8601
1 2398
2 4069 8725
1 6109
2 9658 1648
1 8969
2 9880 8351
1 499
2 8174 7026
1 7622
4 4521 8909 2207 6472
4 3461 2866 1899 7371
1 1501
1 9774
1 2796
1 3048
1 8840
1 8150
4 3751 4378 2899 2410
2 770 8101
2 315 1088
3 5361 3357 2885
1 5177
2 6943 3125
1 2653
1 5472
2 1127 7167
1 9882
2 3077 1727
2 4743 8942
1 9598
2 8907 9427
4 9932 1050 8986 5587
1 1387
2 9305 5699
1 4771
1 5871
1 6012
4 3371 2850 5055 826
1 2221
4 2837 674 7767 3775
1 1551
2 2388 1174
2 2489 3639
1 3033
1 8532
1 6416
1 962
1 8339
2 3237 3662
1 7366
1 1120
6 8171 4687 3918 2902 1165 8958
4 5440 5111 4066 9141
1 9995
1 5172
6 2149 4790 6794 8350 937 6248
1 5193
2 5942 1442
1 4552
1 7816
3 3053 3689 9679
1 5950
1 7056
4 7670 4734 7330 9315
2 3289 8595
1 1594
5 2441 6521 5915 7094 4701
3 9097 5497 480
2 2483 1610
1 4241
4 5052 9196 4292 9851
1 7909
1 2351
1 3342
6 2263 3394 3791 1957 3354 8179
1 9997
1 562
3 8027 2780 7002
2 1215 3778
1 1504
2 6575 4041
1 4040
2 5226 772
1 781
2 9759 9327
1 4480
1 9519
1 439
5 1099 5518 4138 3923 5853
1 6515
2 4698 9192
1 6844
1 7819
2 1070 322
2 7771 8879
1 8174
5 6365 4158 9995 2299 4947
1 6521
1 2189
3 1197 875 7229
1 7387
2 2893 2259
8 4445 6214 9396 3717 520 1334 9572 7240
4 651 9061 828 9866
1 6696
1 9814
1 1124
1 1648
1 8331
3 9645 8626 4331
1 9259
2 1118 8429
1 2439
1 2262
1 4171
9 9879 9400 6902 6428 8380 9797 4725 1210 6221
2 3655 2289
1 2660
1 8858
1 8250
2 5379 7742
2 3795 7029
6 5841 6257 8158 9240 3531 4588
1 6099
2 8981 3988
1 1800
3 2620 3225 184
1 6296
1 9734
4 3821 325 5054 5028
1 6204
3 4674 8229 6876
2 6547 6624
1 8896
1 1172
1 3602
1 2324
1 8017
3 8910 7995 6802
2 9459 1762
1 2817
1 366
1 6948
1 9619
9 5575 3624 6549 8766 388 2151 5846 4173 893
1 9467
1 8859
1 9046
2 3375 4852
1 4955
7 9875 621 1689 2795 7102 1784 3888
2 9400 6026
1 1984
2 1807 6901
1 3231
1 3241
2 216 3626
2 7020 9960
2 6367 111
1 2209
1 6981
2 7086 2140
2 3472 7071
1 4146
1 2849
2 3181 8515
2 1112 8876
2 5720 8217
1 3871
1 2075
2 3381 7465
2 7415 7888
2 9764 5858
1 4705
3 1962 3926 1207
3 6174 3677 4983
2 1868 8526
1 345
6 3493 4945 7054 8993 8936 130
1 2510
1 5674
4 1963 6341 725 8147
3 1898 5189 9725
1 7586
1 8749
1 2287
3 1408 6119 2769
3 3910 3431 6417
1 9822
5 4677 2287 7894 4609 1294
2 2272 7141
1 2210
1 6086
1 7944
1 7084
1 5955
1 6770
1 5392
1 9084
2 8014 3799
4 1869 6037 6648 319
1 4311
3 9064 8726 7007
2 1212 4555
1 6826
2 2005 9829
3 7168 8096 2276
1 7894
3 8640 3618 4558
1 8917
3 5898 4659 9392
1 4349
2 5419 8030
1 4017
2 6440 6523
1 7624
2 5494 4434
3 5799 4814 9414
1 630
2 255 2612
1 1899
2 2605 4762
4 3690 7497 8308 2228
1 6575
1 9985
1 2014
1 3805
3 4438 9717 6544
1 193
1 5520
5 2138 3414 5810 5423 2585
3 5585 3837 1376
1 1626
1 5314
1 719
1 4973
1 9599
2 8163 7835
2 7875 152
6 4410 290 4534 3673 2978 7575
1 301
1 6776
3 3751 3892 7446
1 436
3 2351 3857 4563
2 2293 2149
3 9116 5395 2298
1 8463
3 5386 5246 4912
2 6198 6479
1 7074
1 8274
1 8251
1 8808
3 4801 3161 711
2 5372 1217
1 6559
2 3607 1849
1 2682
2 9382 2096
5 6439 8337 2342 1284 7630
3 9448 7555 9569
1 6765
3 6101 3617 8291
4 3172 2055 4566 9713
2 7758 9104
1 8165
3 3175 6727 7339
1 9635
4 8737 3053 1543 8590
1 176
2 5257 8004
7 526 4258 3181 178 4826 6007 6034
1 715
1 3236
1 512
2 3456 909
1 7152
2 1465 5719
2 6588 5005
4 9291 733 1622 4811
5 4078 2977 3906 6366 4887
1 7744
1 3308
2 2526 1032
1 3893
2 5278 7820
1 9987
1 4888
1 6551
2 4967 1927
1 6047
1 7698
1 1465
2 5590 7118
1 2999
2 1039 7513
3 1657 9274 2508
3 4243 3098 6752
6 72 659 3607 1306 369 3377
1 3110
5 5006 6145 4398 7637 8679
3 6903 4858 3992
2 2669 9658
3 9349 279 7899
2 8409 5582
1 7731
1 202
1 4265
1 4389
2 6016 7583
10 3461 138 3960 3871 49 6519 9027 6620 6954 5609
2 4571 8842
2 4792 329
4 2061 5550 3595 1580
2 7240 5301
1 6659
2 5752 6196
1 7887
1 5943
3 484 3715 7440
1 9057
1 6407
1 8843
2 3896 6059
2 9848 2436
2 7927 6567
3 1234 7383 1970
1 8008
1 4315
2 3861 4861
1 2937
1 6572
1 9078
1 9654
1 4927
4 4420 5683 3647 1011
1 3126
1 3414
1 6189
2 6476 9593
1 1821
1 5012
6 8737 1869 5164 9425 9726 5896
1 2818
5 1845 4116 5756 1447 7039
2 6423 2357
2 2447 3358
1 6268
4 9771 706 4775 6913
2 7331 9432
2 6872 6920
2 2492 6753
2 8305 4851
1 1428
5 7234 5999 2750 9298 6377
1 92
2 1344 215
2 8171 868
5 4886 593 3855 2923 409
1 8902
3 3229 8010 4925
1 4084
1 270
1 4738
4 4168 7864 2946 7727
5 2287 8189 3152 6693 6304
4 3558 7587 7554 2075
1 4012
1 8404
1 2361
4 7218 744 9574 7625
1 596
1 3817
1 8562
1 5035
1 7185
2 137 3000
1 4102
4 2365 1455 3382 6356
4 7700 5803 2349 3356
1 7115
1 2442
1 5941
2 3667 3383
5 801 1840 6367 467 7043
3 5152 8559 1719
1 357
4 5423 214 9253 1560
4 8504 8024 7652 6740
6 1279 5152 4919 9810 8314 7945
2 1334 583
4 7452 5520 2092 9730
1 1280
2 2360 1550
2 45 748
3 1640 8005 8278
1 4586
7 9204 1672 4578 9543 7887 423 2137
1 2942
1 410
1 9905
1 9096
2 4024 307
1 4738
1 2001
10 9109 5973 6995 4456 494 6728 8432 6562 3687 9145
2 4362 3688
1 3861
1 8790
1 5477
3 9688 6729 756
1 1773
1 8543
1 6840
2 1352 2288
3 631 6199 3302
1 1600
1 8821
3 2327 4174 2852
1 9211
2 7452 4655
2 1388 5320
1 196
1 9633
2 3669 3411
1 3132
1 9838
1 4422
2 542 7699
2 7010 9774
1 9337
1 6715
1 9024
2 7791 2535
1 9565
2 5071 3465
1 2832
1 9344
4 1295 3883 5815 1617
2 4998 6742
3 3879 5636 4496
4 5521 3122 6574 1448
1 2767
4 1907 1431 8544 1664
1 3158
1 4279
1 6281
6 8513 6067 582 7520 8686 1847
1 4402
6 113 5625 8671 9806 7318 9620
1 5133
1 2699
1 3795
3 9490 9255 1856
5 5973 5663 7518 4400 8757
1 4305
2 7535 6489
1 1043
1 7084
1 4650
2 4085 1091
2 540 4757
1 1502
1 6446
4 8855 1086 9133 1175
1 2383
1 9660
1 8139
2 9604 7257
1 7589
1 8815
1 6759
4 9771 1668 9139 9672
2 8190 6073
1 1808
1 6683
1 3761
1 7089
2 4105 6555
4 9551 6030 5287 3850
2 2352 5495
2 4874 5774
1 6215
1 4533
1 2631
2 5052 1356
4 4481 108 7206 4186
1 353
1 3902
1 8183
5 6786 1098 9562 3523 6319
1 7691
1 4034
1 1229
1 9551
5 2770 5362 9737 9448 8522
2 5113 3111
1 8692
1 426
1 6603
3 9882 418 757
2 6848 5697
2 622 1000
2 1408 5351
1 6717
1 6859
2 4456 1678
1 6367
1 6115
3 5715 4485 373
1 4213
4 5082 5404 4855 8724
1 200
1 5276
4 5606 2883 7464 5225
1 2833
5 9684 2031 4410 7983 7571
1 4298
3 3558 1686 2739
1 1508
2 7624 2884
1 7389
2 4067 7739
1 7200
5 158 6487 8318 2460 9080
1 8533
5 3063 1680 4109 2040 768
1 730
2 8941 5192
1 7386
1 2230
3 9994 2574 2843
1 8069
2 8525 6229
1 6425
4 4959 6520 5551 7314
2 132 4169
1 6191
2 5912 7052
2 1177 1317
2 420 7601
2 7448 7880
1 1368
1 4598
1 8258
1 4887
2 4422 5077
1 3603
2 9392 5262
4 4998 6165 7070 5466
1 4708
1 6302
1 8984
5 37 3368 9867 2598 8298
1 6284
2 6671 3370
7 3270 2263 9489 9474 4232 6818 4957
3 3793 8655 8892
2 4527 2934
4 3317 1480 3902 1034
1 8399
1 364
5 305 7418 2135 8034 7770
1 3548
3 5898 5278 9721
1 6188
1 7844
3 9485 8008 6058
1 3623
1 5678
4 5177 7462 8398 9429
2 982 961
3 7302 1746 1711
1 3476
1 9255
2 7755 9757
1 6560
1 9096
1 1523
2 9365 6591
2 6721 7818
2 6861 5101
1 8486
1 1131
1 1354
1 4757
2 1356 4161
2 3815 2234
1 8651
1 2922
2 987 1229
1 3999
2 2409 5526
4 7961 9784 2582 2470
1 5386
2 7809 7929
1 1375
2 7322 4132
1 9334
1 3284
1 6230
1 8856
1 6394
5 5012 3154 7672 1566 9023
2 4818 9230
1 890
2 4438 6412
3 159 1699 8954
3 7218 4718 441
2 5053 9463
2 7101 6858
1 4702
1 4421
2 1059 8091
3 7323 5607 227
1 4709
2 1698 23
1 826
1 1729
5 5814 7753 5126 5549 7967
2 3161 9987
1 8692
2 202 3937
1 8785
3 7808 5375 9137
1 9444
1 8105
1 6488
3 2102 4256 6582
1 6618
1 4891
1 6604
4 284 7661 5000 2356
2 3841 8131
3 8109 5566 8093
1 5438
3 932 6525 8456
4 2818 2851 5811 3162
6 4738 5637 416 73 9418 8807
2 1327 40
2 1132 9262
1 8941
1 5962
2 6286 2121
5 8149 1534 5839 525 6946
2 591 3818
1 2267
1 518
4 816 9673 6019 6502
1 2478
2 8115 9103
1 6626
1 654
4 1316 5910 3843 6135
1 5726
3 8193 7110 5056
1 7148
5 9815 5116 1351 5667 8057
1 6402
2 4145 9328
1 7163
1 3949
2 6525 4834
6 9297 5733 8997 5745 2196 2924
3 3114 2370 741
3 1962 2131 9461
2 995 712
1 6642
2 1473 3632
1 998
1 90
1 6069
3 4921 6041 5369
2 8524 2676
1 7363
1 2749
1 7194
1 9467
3 9643 1362 277
2 2958 351
1 1493
1 8044
1 733
5 1306 4056 6402 2195 3642
3 9054 5264 2226
1 7885
7 8530 147 6076 4856 995 2844 2107
1 8506
1 7456
7 7681 9511 3290 5486 8560 6835 2982
1 793
1 4353
1 3096
2 1183 9405
2 4148 3096
7 3985 1612 911 7885 7715 173 2953
3 7890 8570 5693
1 6775
1 4397
2 2348 235
1 987
1 1396
4 6423 7496 605 5852
1 6440
1 1703
3 2495 1831 1492
3 9764 8512 4141
1 1478
3 8658 5555 5175
1 1330
2 710 1541
3 3548 823 7327
1 1590
4 2102 3559 1230 4649
1 7783
1 5712
2 3706 401
2 3851 187
1 9258
2 368 2709
1 1983
4 5450 8913 7342 3138
2 9221 8102
1 5995
3 1110 2581 1906
1 138
1 9559
1 8068
4 6784 1355 7278 2089
1 6444
2 9176 6245
1 9337
1 8224
6 2444 376 4281 1770 4136 4584
1 5361
1 9386
1 3492
2 2998 115
1 5562
3 6124 6215 9122
4 5961 2753 764 3527
1 4833
2 9490 4095
1 3620
1 8984
2 6680 4777
2 5576 4077
1 5799
2 3082 4437
1 3625
1 1365
1 4561
1 2102
1 2469
1 301
2 1420 9986
2 5277 1786
1 8687
1 576
1 1075
2 212 2997
2 3550 8295
1 9570
6 4433 7294 7303 2504 4177 2236
3 3607 9078 9781
1 1001
1 7998
1 7100
6 3081 5705 4040 1444 2862 7603
8 8074 5898 3371 4601 9701 9166 5478 4940
3 4567 6347 5560
5 5334 2282 4240 9858 2805
2 1200 203
1 389
4 3493 6281 1159 1139
2 4689 6177
6 9467 6917 1962 9343 7595 3372
4 2841 1042 5738 2857
2 7479 4843
2 9424 9006
1 3666
1 6781
1 9822
2 3805 2586
3 4998 1410 2917
1 2557
1 9759
1 5054
2 2582 7788
2 9588 3273
1 8024
1 5751
4 7786 5134 199 6680
1 5100
3 7441 2939 7544
1 5443
2 3701 3681
1 8356
4 5663 8889 1825 8675
1 5561
1 3295
4 1614 2572 4472 129
4 9109 3979 1986 1162
4 7145 209 6603 3219
7 8313 622 1563 4731 7744 4395 8691
1 4833
1 5550
1 5904
1 1513
2 3129 4895
1 1775
3 9444 5646 695
2 8426 2732
2 7890 4461
1 6313
1 9384
2 6684 348
2 3911 8155
1 5779
3 6791 7013 9099
4 269 5131 9652 5577
1 272
1 6051
1 3166
1 736
2 3791 931
1 4172
4 7780 9777 9182 4817
2 8166 2746
2 6522 6017
1 802
1 6060
1 618
1 1865
2 9199 8622
1 4941
1 7425
1 8843
1 6457
1 6082
3 3871 4661 5567
1 1136
4 3999 8109 3734 1257
2 725 9421
2 8035 7512
4 172 2976 3893 5166
1 405
1 6481
1 7361
5 1093 6284 1303 5749 964
2 3851 6852
1 1457
2 1740 7217
4 8375 5438 9319 6654
1 346
3 5729 2321 6708
3 9064 1604 5714
1 2362
1 6407
1 6041
1 8064
3 1947 9955 3512
1 4667
1 9766
1 6534
3 7810 921 1510
1 2004
1 1608
4 5032 5014 1282 6681
1 4151
4 4430 88 5710 1772
1 9097
2 9548 9983
1 3787
2 4783 3718
2 5666 1816
7 6362 3594 7331 2028 1522 865 4859
1 5583
1 2816
2 5686 7796
6 5131 9144 8061 3814 1125 5075
2 4870 2119
1 8126
1 7169
5 2425 9109 2605 5186 3788
4 1202 8503 8999 5980
4 8777 7207 7762 475
8 4282 7242 5085 1457 9495 5645 2400 9020
1 1444
1 7188
2 8619 1280
1 2398
2 5712 4699
7 8635 6782 1918 2020 881 4831 4531
1 5771
2 2784 4053
2 7293 1630
2 2061 3767
2 8471 4059
1 4539
1 566
7 8193 5084 8492 8183 7779 7275 2988
5 7452 623 6207 2609 5627
1 3725
1 1788
1 794
1 2821
1 5514
1 811
1 8103
3 870 9395 6646
1 6067
1 154
3 7689 328 119
2 5779 2649
1 4166
1 5149
1 4808
2 7914 6900
2 5257 181
1 4058
2 6989 6357
1 6603
1 6206
2 5312 8853
1 7706
1 6169
1 3980
1 1702
1 8206
1 7812
2 4640 518
2 5814 9968
2 8263 7900
4 3114 5857 8656 5042
4 7287 4401 7754 8781
5 5674 8932 7875 3419 8666
3 3122 9025 1387
1 4177
4 6676 1067 6299 2888
5 3493 4972 8195 131 2816
1 4264
1 2373
1 5218
5 2267 4322 7996 7412 7138
1 4471
1 1415
4 121 4050 404 8018
2 7131 8541
1 6233
1 7312
3 7041 3690 4758
2 2860 1834
2 3968 7357
1 6759
2 2348 5180
2 4116 1167
4 2836 6060 8829 1524
1 667
4 6220 1024 4641 5105
1 9856
3 8312 4515 5722
1 8431
1 7528
3 1850 1683 8059
1 9151
2 4024 5536
3 3490 4728 4165
1 4181
1 7085
4 3359 7142 1322 746
1 3960
1 3622
2 9927 5190
1 3927
2 6873 8874
5 1896 2365 5385 972 7545
1 5913
1 3937
1 8179
1 1479
2 3754 8271
1 6088
1 5576
1 307
1 1334
1 7843
3 1136 5487 2592
1 9867
4 1458 523 5036 2524
2 4723 9218
1 9750
2 9615 9281
2 955 8816
2 7074 7182
1 5417
1 7619
1 8382
4 1101 5972 8702 7562
6 7711 257 5713 9526 6692 6391
2 9090 9047
1 4632
3 2199 2863 9069
1 4145
3 5887 8334 8389