10000
1 1432
4 6214 4234 9050 9715
4 5338 3890 9738 6702
3 8909 6611 7669
4 9892 1986 7522 1295
2 8167 1213
3 5514 4376 3893
0
0
5 1035 837 695 2406 9172
3 7434 1145 5795
1 1354
5 4248 6687 4918 1665 186
0
0
7 4709 804 7952 5142 6174 1340 5070
1 7747
0
3 6561 9324 4439
0
3 2000 8407 2900
3 893 7304 2425
3 237 8458 6903
0
3 7112 1463 6432
4 5034 7578 9143 1688
2 2454 1830
3 8859 8679 1457
4 9793 1939 6725 3241
1 9079
1 3169
2 9867 4781
3 3506 2678 297
1 8776
5 5008 6584 3274 8239 6328
3 7007 118 8542
1 1479
4 4410 803 9158 4592
1 8983
4 1683 1587 4631 1688
1 5298
2 5422 491
3 6492 8574 4256
3 5442 8898 6022
2 4460 1559
4 1036 7360 5092 9060
1 3121
1 1315
2 9758 935
1 4117
3 9758 8587 1013
0
2 9185 2506
3 2909 7607 2781
2 2228 289
1 6002
4 7388 9410 9140 3701
5 6654 8559 9560 8488 1775
0
2 9037 9380
5 6463 4711 3968 1988 9864
4 1073 3162 7472 642
2 5057 1737
1 2351
0
5 585 1020 5338 2800 9608
0
2 7581 8225
3 4220 5172 2959
1 7988
3 1890 1629 829
3 1628 5774 5705
1 9193
2 3820 3658
5 6492 4043 811 9228 6780
1 6839
2 7115 6206
0
3 8333 1322 1274
3 3208 5400 6514
1 3574
1 253
1 685
3 2617 3287 2102
0
6 200 5215 9735 823 2103 6133
0
0
2 5435 8774
1 7129
4 436 4424 1042 9630
0
2 8267 2685
0
7 1768 9797 5 3154 4562 3125 9316
1 3692
0
4 7390 4283 9003 7379
1 9762
3 6650 9227 8865
3 9499 6085 3658
1 3198
2 2685 7978
4 5725 2951 1250 3549
2 2046 7288
6 4493 9308 5044 441 9200 3474
2 8511 8551
8 8949 5286 6435 9124 9931 2382 1398 7435
7 1130 5639 8903 9023 4935 8853 5923
8 5696 4174 8813 5853 2460 2293 735 3370
3 2591 3645 2196
2 2744 983
1 8900
1 1651
0
1 1422
2 813 7066
2 524 7987
0
1 740
0
0
4 133 1722 3803 4891
5 5495 3739 6217 4767 7643
6 5476 9436 9466 1591 9790 7312
3 2666 4900 1063
2 4413 7188
9 919 7332 4744 2747 7979 1055 1013 7607 3703
0
3 2889 1525 4528
4 4113 3180 1943 5612
1 5030
4 2024 1335 2337 4858
1 8780
0
3 3043 6798 3479
3 8204 2315 8488
1 3234
3 235 5710 9590
3 8771 7407 9900
1 3474
6 609 3536 1544 3850 2948 8611
4 1732 6655 7658 379
4 5561 7419 469 1567
8 6706 1196 836 6662 3833 3831 5712 6197
4 2294 7618 9224 6585
0
7 7071 4631 9038 8225 3146 7377 6401
1 5522
2 8094 3931
6 3290 403 8373 2445 8288 7525
2 8555 4758
2 6207 2078
4 1749 3498 7667 7858
5 3841 1933 8027 5820 5846
0
3 7284 3766 5823
0
4 9395 6230 5741 9763
5 9694 7066 100 3894 8648
3 4560 662 7521
2 2046 1067
4 5742 7252 562 6475
0
2 3458 7170
0
0
2 1457 2469
2 7414 5859
1 2162
1 622
5 590 1988 3113 2841 8417
2 7859 3869
7 3036 5971 2392 4985 3340 3811 1679
4 3126 6851 8040 3807
1 3594
9 6844 2868 2181 1190 3183 9616 1066 3169 2370
1 3549
3 6736 1635 9776
3 3529 4410 2060
3 7406 3647 868
3 384 4026 1661
0
0
3 9393 356 8855
4 1967 8519 5729 5920
0
1 4571
0
1 8717
0
0
1 2964
0
0
1 5310
3 4647 4417 5051
5 2943 1969 6153 4513 7455
0
4 647 5458 4500 1531
2 6859 6266
2 8373 3356
1 8395
0
3 2527 9189 4060
0
3 3647 4091 4502
3 351 719 3144
2 1992 8866
3 5639 8776 6535
0
2 9912 1261
1 2078
3 6277 4419 8328
2 2158 9123
3 8165 7950 696
0
4 8508 6052 4079 3096
1 1392
1 3951
5 1976 412 312 7439 2867
1 7148
6 8812 2193 3038 3343 4900 2773
3 9581 2701 9979
3 2101 3078 3060
3 7883 1984 1625
3 7636 2670 7920
6 5660 4522 7283 8333 1328 2653
6 385 4335 1487 9227 549 7994
3 3481 1254 6708
2 4184 7090
3 6839 2908 7170
4 8837 7000 3852 3747
2 8297 4048
1 968
3 9126 2935 768
0
1 4419
3 8138 5863 801
2 880 7336
4 3594 2236 3579 3430
7 2985 4071 7045 6856 3005 4942 7279
1 4189
1 2296
4 5330 9523 8840 7341
2 183 6462
4 7369 4293 5614 6468
4 7891 9590 2911 477
0
0
3 2924 7390 9192
5 5668 7773 3811 1566 4474
6 607 7515 1120 2757 6657 506
0
0
5 940 3443 5397 6676 7910
1 1072
1 7862
10 8780 9142 8180 7030 764 8374 4310 9071 9911 2196
5 5605 6914 1352 4931 567
0
2 6976 4151
5 5173 8612 9035 1157 9530
0
3 5038 185 4458
6 2223 8972 3231 797 8787 803
2 7845 6184
0
0
7 5210 1193 9299 55 2997 8167 6435
2 1481 6109
0
4 3894 8550 9429 5659
4 6359 2291 6111 7137
6 2096 3838 3957 3059 438 6557
4 3057 7740 6734 1319
3 7260 6149 7366
0
7 8835 2732 9237 6043 874 3894 3307
1 8501
0
4 9731 6524 9531 5402
1 5459
0
1 2292
0
7 8411 5697 1438 2349 9039 5617 3960
0
1 4409
3 2004 1640 7197
7 5378 6647 5014 813 7530 6869 926
7 4441 6636 6250 9172 5554 5996 9404
5 4320 8793 4678 7057 1938
1 7008
0
2 8227 4682
4 1763 3382 9072 7450
0
0
0
5 3701 9722 7474 1412 2995
1 5038
1 1482
4 421 6616 2501 7215
1 8706
4 9415 9034 7865 9639
1 3388
0
1 9114
2 5547 9632
5 8552 5981 2809 895 4536
0
1 1026
2 7057 6636
9 9062 7952 6025 4718 4326 427 5335 100 6819
5 275 6597 7952 2983 6317
7 4776 4171 7535 7851 7937 1434 5982
4 2241 3091 6374 9993
0
0
3 8703 2671 7242
2 6029 2123
2 643 927
2 6490 7559
4 9025 9824 7905 5077
1 7349
1 5267
0
1 4801
4 5200 7351 7704 266
1 5326
2 3694 1598
2 1445 2074
6 3873 9309 6152 5707 311 2470
0
0
2 9127 8902
0
1 3637
1 870
2 1890 7146
4 1930 6642 3849 6273
0
1 9477
3 1666 9091 996
5 260 7422 9724 3775 5832
9 8266 7149 51 1792 4274 3319 7504 8055 1864
10 5907 127 3496 6866 1122 7072 3211 984 428 8399
4 1885 9607 5681 3716
2 3061 9299
6 3294 9317 974 38 2078 9417
3 2873 5912 1848
3 2047 6525 3929
5 487 4211 5814 3625 6871
4 36 5484 6439 3801
3 5491 8063 4506
3 862 757 9901
1 2871
0
1 5418
1 2678
5 8917 5246 8656 7979 5422
4 5548 2210 2734 8212
0
5 7373 3868 9807 8513 9901
0
0
5 6820 3769 2794 9425 446
1 9135
2 51 4631
2 2146 1474
2 4552 9255
1 1959
6 2263 3226 3249 8993 4875 4481
1 680
2 7199 9979
0
0
0
4 5758 9077 6491 9028
5 4452 9532 805 6107 8114
5 170 1822 1389 8543 3376
4 6525 6093 70 9111
3 3179 4946 6826
0
1 334
9 7861 7511 3337 2069 2729 3604 4955 7762 8512
2 9615 3114
1 3173
1 6461
6 7532 6890 2124 9779 1748 8450
2 6702 7074
1 7005
3 595 2621 6819
3 8772 9421 2028
0
3 1415 6171 5971
5 1292 5458 2410 9236 6630
2 6786 3931
4 1312 894 8377 8745
1 5564
2 248 1976
4 1073 1819 2677 1472
1 6977
1 1807
2 1194 2342
1 1969
3 1178 9093 7658
5 8636 6339 9614 9475 444
3 2076 3328 6619
1 7559
0
1 9982
1 4146
2 5114 2944
0
0
3 4849 836 4616
1 8312
0
0
2 2618 7559
8 7882 3211 3327 3512 6960 5254 7543 5831
6 3816 2137 4341 8465 3305 1705
0
0
1 3893
3 5636 6085 9541
0
3 2034 3680 3885
3 2938 4268 3053
0
0
4 455 4768 1865 2399
1 6996
5 3403 4522 5078 3021 281
0
4 9956 8755 5322 6315
0
6 4548 1034 4836 5927 8429 3115
4 2028 190 8542 1481
4 4429 6190 4531 4135
0
1 9668
3 9415 5096 5248
2 4848 7944
0
4 2227 1989 4685 8010
1 8918
6 62 7510 9889 9629 710 4546
3 7379 5177 186
1 482
6 1860 275 926 9917 9096 8173
6 4903 6078 5526 7514 1296 3011
4 6737 5033 7115 9319
0
0
2 3319 4891
7 9578 2777 5047 2013 5659 9302 4746
1 8750
2 1823 705
0
0
0
2 5482 7627
5 6703 2571 7191 4136 7107
2 2224 372
6 9782 4428 2001 2484 8283 2886
1 7000
1 1872
4 6415 3389 7849 4211
5 1919 7096 5752 849 5387
5 1119 6467 3777 6214 2190
3 9198 2756 4327
0
1 5466
2 524 185
2 1324 299
2 6860 6187
8 2340 8962 557 3249 8807 7813 952 5565
3 8297 5001 4709
3 1797 8287 5566
0
4 8395 2011 8229 4458
4 9997 3064 4177 1929
4 4576 1966 4708 7448
7 476 6438 5034 1588 2157 7067 7240
1 7944
4 9276 6525 4150 5966
3 2929 8704 2206
1 215
3 5036 4887 7368
0
2 6376 1741
0
0
2 2409 9715
4 9626 3838 8826 9823
2 6715 8010
0
4 9420 4286 6014 5025
0
0
2 6730 3430
2 4645 1627
3 1510 710 2314
3 9414 8090 1092
1 463
2 698 8734
7 1282 3011 5661 2064 1571 7063 7478
0
4 1353 1198 7910 2229
5 574 7100 7863 3422 4132
5 3321 8409 7500 5363 6005
13 3210 5222 8264 4063 8424 8654 2870 2358 3768 7573 1021 5753 259
0
0
1 7219
0
3 8574 4653 6240
4 9571 1694 2246 1115
6 1132 4911 1993 6726 8145 4658
2 6317 4513
1 715
1 5807
1 9
1 3609
5 9702 8661 786 9664 7133
6 9640 2564 3824 200 7803 9781
0
0
3 6883 8959 6829
6 7143 8804 8292 2971 6737 4109
3 8952 6805 5063
1 4295
2 2818 5111
2 7675 6917
0
5 5393 4505 8639 3989 7124
5 6638 8423 2327 2000 9445
0
2 997 463
5 9340 5677 3808 2858 1679
2 6545 3612
0
4 1194 8312 6002 2189
2 7945 6537
2 6346 4749
0
2 5479 47
3 180 6435 7035
1 6715
4 2427 6638 1625 149
3 746 1790 5100
2 1804 662
1 8935
0
0
4 8796 9179 4116 217
0
0
1 9511
3 3906 445 5980
3 8617 9344 6110
3 9333 6589 9694
2 7773 9970
2 4513 3781
1 4386
6 8725 7819 6189 8825 4891 5850
3 7846 189 2024
5 9271 1333 7580 940 1771
1 9123
0
1 6973
1 8580
1 9818
7 1951 6550 304 6879 7143 9380 825
0
0
3 5659 100 5965
3 5066 6472 8997
3 2397 7039 617
4 869 1664 2467 7390
2 4918 5030
1 469
2 106 5829
5 8731 8576 6116 5572 4066
2 2662 7445
1 940
1 9636
1 2588
5 9045 5612 6415 6776 1377
2 8566 289
2 3695 9582
4 5702 7101 9349 1127
0
5 9534 9776 2001 1178 529
1 4571
3 3627 434 7785
1 6851
1 7958
1 4488
2 1919 3402
2 7288 5140
5 7175 8467 6854 8060 2925
4 3966 3443 6341 5243
7 9194 1724 4998 6326 6323 8080 969
5 7820 9975 7724 302 7429
9 4475 5654 725 8643 7417 2088 4922 5038 4043
0
1 9560
1 3599
1 3529
2 6810 3181
10 1437 4341 3952 1470 6842 8464 7728 8623 5156 6022
2 1625 6468
4 3637 2164 2181 2756
1 2156
1 792
6 9279 9438 4620 6657 1028 4406
5 4404 2506 1112 1974 4972
0
0
5 2997 4343 4746 8860 4440
2 6124 7085
0
5 6230 8107 5343 935 4352
0
2 9653 7746
3 2158 5574 5560
7 446 6414 9585 2493 4425 2430 3824
2 7091 7426
1 5300
4 9806 5474 9222 4858
0
0
3 5119 6809 3084
0
1 71
4 7264 2066 1988 1411
5 438 3547 8114 7377 5667
1 2935
0
0
1 7694
9 9946 2657 3271 9363 9075 4073 4511 5796 2685
2 3781 113
1 9128
2 1210 9047
3 4162 2070 59
0
1 635
3 6183 3990 9346
2 8028 8283
2 6652 3680
2 9334 4848
0
8 6513 9437 5609 618 5502 8161 7650 1287
2 8527 9396
1 4849
1 9227
1 205
2 283 8703
3 3826 9579 455
4 7820 8142 6592 1211
2 9903 3121
0
4 5311 4222 3129 4290
5 4170 1333 2023 2158 7579
1 9065
3 6914 8621 3777
0
0
3 3911 334 391
3 6821 6647 9172
1 6135
3 6268 1151 4462
4 6236 952 1813 6685
0
3 545 4278 9982
0
1 2612
3 3623 3158 5741
1 3525
4 3311 245 5054 8315
0
12 9865 4198 9872 8963 3041 8140 421 3542 4593 8521 9358 5315
2 9732 9961
10 9736 1372 3327 2644 8057 788 8837 9332 9031 8159
0
6 3656 9817 7334 5706 6095 5174
0
2 6309 5803
1 5467
2 1447 8771
6 9838 5920 2526 5361 5853 3838
1 6438
6 4682 1847 7913 4875 794 7340
0
5 9055 2038 4390 2744 3042
0
5 3832 2148 9106 4170 855
0
4 6122 1968 172 3646
6 8097 3730 8764 9055 8843 3735
2 721 9154
7 1373 3670 5648 3806 3153 3256 5409
3 824 5153 2817
5 1459 2861 4017 3413 8122
2 3862 7818
0
3 2317 1651 7658
5 9169 3838 5893 2488 8514
1 8918
4 1426 3318 4691 8049
1 4415
0
6 6428 9984 7715 3900 5719 200
0
3 2195 7755 2785
1 6094
1 780
4 8345 2778 9448 1052
2 9943 8583
3 743 6114 4735
0
4 6300 4247 4907 4710
2 9762 9177
9 8863 394 1196 7134 9210 2096 9715 6291 9494
0
2 3573 4937
2 9366 7485
1 6659
3 9387 2364 8121
7 6957 2536 3283 1340 1419 7513 8628
4 90 3238 3927 2429
1 5650
6 3946 18 2970 1778 3118 2787
0
0
1 5341
2 1967 7724
0
2 6656 8544
2 8821 7687
4 2490 4943 3612 1912
2 3950 8582
1 1800
2 4229 2881
2 6923 3987
1 7364
2 7101 4052
0
1 2714
7 9220 7729 7251 3041 6603 8724 9057
2 6352 9967
5 8621 3670 609 7303 3905
0
5 9011 9907 1322 2188 2045
2 2852 7883
1 8983
5 2095 4710 3037 4075 831
2 1936 3958
1 6513
0
1 6648
1 6197
3 376 2527 4840
0
3 5901 1028 3712
5 9587 8152 1453 1467 5456
1 7916
4 8521 5647 1735 2792
2 6373 2681
2 3187 5603
3 8520 4715 6623
1 9832
1 865
0
0
0
1 6244
1 5331
1 9058
2 3837 3868
0
3 3946 4116 5947
7 1388 4800 8516 2168 5063 3636 4218
0
8 9493 4674 7689 9401 3757 4089 2737 5617
3 9970 8907 6630
5 7447 6922 5003 8062 4899
1 3205
3 1462 2057 5586
3 4827 9432 3683
4 6104 566 8760 7490
0
4 9288 9108 1993 3969
5 1324 9152 1101 4651 6282
1 2641
2 1760 9482
0
1 1415
0
7 6569 2517 1784 1008 2100 4592 7269
0
4 7169 5240 9816 3985
0
2 5000 6461
4 7694 7513 7172 3031
3 1565 3072 6336
1 5186
1 5799
1 8500
2 683 8686
2 4715 6908
5 2564 6749 794 6938 2445
0
0
0
3 3643 1889 4477
1 1349
0
3 6800 9303 4175
0
0
2 4153 3579
4 3438 1628 5491 2413
4 3420 4143 6749 9479
2 2126 448
5 3181 1779 9075 5256 6854
0
1 395
0
3 3841 588 2764
1 1682
0
6 6117 6129 3636 7598 5086 4503
1 8014
1 8636
6 4404 5067 6030 135 4990 8399
3 5367 8696 6349
0
2 7544 5137
4 7949 9687 2823 3505
1 4395
10 2269 1831 1304 4615 3194 9783 5308 8043 2865 4320
1 6427
1 6877
4 9749 448 8474 4592
7 2134 3117 9370 4340 5567 2784 3649
0
1 2328
7 8424 2906 9101 6001 1417 5131 6670
5 9064 7507 5025 7422 9981
0
2 7692 5662
3 831 9138 3494
1 9197
1 7747
2 930 3118
8 829 9931 2995 5448 6852 4464 4249 9512
0
3 4766 6552 7937
4 2203 4486 9008 8117
0
2 9128 4156
0
2 762 4198
0
0
0
3 4624 7687 1723
2 9457 8426
1 1769
0
5 2423 4886 7248 3695 9416
1 8520
2 2958 8000
8 6085 200 2609 9768 8874 5793 7139 8023
3 1228 6200 7117
0
3 6554 2816 8297
0
0
2 2944 5408
1 3179
6 1836 8101 1341 4364 3652 3480
7 1290 8017 7289 9878 1222 5018 1110
0
5 2317 1014 3530 3365 1584
1 3428
4 5330 5277 5587 4727
0
5 2621 8982 5682 1760 7687
0
3 8415 3551 5353
5 3987 2539 621 1124 9524
3 8007 6156 2081
2 4713 2866
3 843 4158 6513
4 2912 8207 5754 310
3 6089 7194 6780
3 7692 3434 4148
3 7410 8493 783
5 8264 5129 6776 3997 1914
0
1 1427
2 9169 6768
4 79 1145 6298 771
6 4736 9347 6079 9594 9234 1976
2 8900 5547
1 2538
4 9897 575 2078 4543
1 2978
1 9442
0
1 7102
1 2871
1 9142
4 483 2686 3483 3354
3 5529 4413 356
4 7567 4867 9154 1215
4 4477 6636 8429 6199
9 9457 9930 6500 9129 4072 3294 1155 4075 3649
3 4147 3507 1189
1 8069
2 1217 4487
3 225 7074 5701
0
3 146 3214 1462
1 2835
0
9 9391 4274 6419 8426 2135 7242 6569 6924 7024
1 4370
3 3313 2798 9667
0
1 4796
3 6943 6971 222
2 9227 4742
1 6019
1 2802
2 2290 8178
2 5107 8105
1 6262
4 9520 4854 1674 6185
2 4798 4271
2 3003 6541
0
3 8855 8546 6923
1 8296
1 8981
0
3 6797 6987 20
4 2527 4647 4563 3240
1 2427
0
0
0
0
3 5716 2925 5788
5 8465 3270 2326 7922 9031
2 7591 8566
1 818
5 7979 6342 1596 6692 8342
3 374 1936 609
9 493 5592 8187 6715 5885 1902 8069 6277 9445
0
7 138 8304 5475 6091 2868 5997 2676
6 516 4911 7157 5381 2438 368
5 5274 8601 6881 3834 2725
3 7833 1690 343
3 30 4023 3658
2 8151 6667
5 7454 6685 5054 2123 216
4 1178 2766 9154 1874
1 5095
3 6413 8179 7110
6 6904 6810 6217 5254 2111 3491
2 2042 73
1 4375
1 2445
3 9203 7131 1793
2 1210 5744
8 8273 5788 85 4598 8983 6626 7146 5860
5 2980 5276 622 2000 5871
8 3365 5960 5159 4160 3504 2718 4448 205
4 7409 2455 8603 1929
0
3 7256 4291 2196
4 2708 1855 6320 2219
3 7296 1776 8714
0
2 2784 5484
2 2708 1162
8 393 9441 8342 733 2100 376 6439 5045
1 2454
0
3 7384 6783 4616
2 7014 6262
3 297 7843 4870
4 5944 8889 493 1929
4 4659 124 8781 3170
1 5388
3 5331 959 9366
2 5368 6642
1 3222
3 3778 3028 1011
5 710 9511 2046 2128 8769
3 5697 41 8794
5 1932 4375 5486 744 3676
1 7656
2 8679 3555
4 7776 5434 4300 419
0
2 3450 7024
4 2912 5747 2968 6781
5 3474 1291 4842 7703 3544
3 7772 424 2351
3 8462 9558 7832
1 7995
3 116 5474 3148
2 9100 2363
1 7107
2 9290 9912
0
0
3 6076 3591 6152
4 4117 2731 7738 5843
0
3 4017 7039 5312
5 4574 68 9067 138 390
2 5758 3513
6 5287 6413 1893 5710 6762 1
1 8233
5 8720 7408 9278 7579 8038
2 6668 8166
2 9449 2247
1 5032
4 4012 6957 5720 7275
0
6 4151 4889 7423 2608 6967 1932
2 7173 5894
5 9820 223 755 8542 9422
3 2622 675 8199
3 7881 393 4258
1 5759
4 9505 8229 519 6739
1 8128
0
2 956 4796
0
3 9556 2923 7757
0
4 6648 2734 9458 6684
1 1187
1 8205
4 6800 5895 2855 9768
2 2868 1268
1 6142
0
4 6859 7561 6288 3380
1 518
0
1 2370
4 1347 6157 4135 681
2 6976 9458
0
1 4802
8 7061 6244 3375 2125 8052 8770 4286 9887
6 5529 7288 4641 9251 9372 6545
6 2164 8875 2048 7268 7587 8636
0
2 3860 4844
7 9573 6563 605 3281 5171 7966 9097
2 845 5871
2 7288 1972
4 7364 20 287 350
4 7326 7227 9940 1487
1 4804
6 6439 970 6470 4036 7176 5115
2 3228 2954
0
4 2145 5675 9532 7101
1 9105
3 4921 1638 3978
2 7745 2886
2 6531 8188
1 9856
3 4293 1298 4454
1 5157
0
2 6267 2989
0
0
1 2189
3 7135 2158 3390
5 3059 2458 9021 3642 9761
2 1599 6371
0
3 1740 4490 7798
0
7 7267 7132 9857 115 5769 9354 3055
3 5503 6036 5087
5 8633 3273 3062 3068 6371
1 6036
4 6217 4676 3188 935
2 6017 8518
2 6488 6889
1 8710
2 5362 7292
6 8445 5411 9202 4253 4052 2749
2 148 4166
7 8680 4600 2708 7942 4471 131 5204
0
0
8 9288 9337 5986 4743 8278 7160 137 5811
6 7929 1874 3047 2168 9074 1158
0
3 1557 6620 2563
2 5113 6233
6 3866 4098 7335 86 4454 3044
0
2 6811 2451
2 2420 2716
0
2 205 7564
6 3444 2920 2197 9960 8159 6633
4 3851 6360 4554 9189
5 8265 3266 2910 1303 9493
4 1201 766 8297 7220
3 3993 7638 8698
3 8226 569 8059
3 9272 6723 2824
0
1 7995
8 9056 5401 3547 6089 1868 9736 4053 4396
5 7959 4212 6551 9861 4501
2 8723 1360
5 8603 2933 4773 9874 2916
0
0
2 8227 9429
4 3899 569 6681 9462
2 2817 4132
0
2 1360 249
0
9 287 5967 5442 8373 239 7471 4802 2816 4005
2 8135 334
0
0
1 4559
5 2292 3276 5001 3687 3227
5 9451 4753 6268 6974 7227
6 5714 8908 8959 6448 9001 6913
1 5940
1 7757
1 2896
1 8040
3 2822 6906 1718
4 6551 6388 1193 9105
4 4866 495 7543 3818
2 7552 3524
2 8121 2317
3 8460 3155 4968
4 9718 2144 4045 8386
7 1710 3994 8439 7009 9126 1426 2123
7 1201 7302 9708 6053 3076 9437 589
4 1038 5605 1077 4716
3 366 3858 7896
1 2997
1 4210
0
7 3909 7950 9929 7122 1334 2062 1003
4 8641 1298 2255 1302
5 7373 468 8368 6306 6426
4 9193 7247 9774 2297
1 6810
2 5301 2454
5 2958 2710 1660 6935 1986
2 7598 5452
10 3112 7846 9923 3511 4185 2488 8080 5635 5458 9620
1 1839
3 4514 2989 1220
3 4553 2732 6899
5 4658 2258 8264 7121 1347
1 9769
0
4 1758 130 4311 5885
8 6672 9745 7869 7715 9174 2425 776 5661
1 3139
0
3 1822 1810 7640
0
1 4034
4 4445 6501 2392 2114
3 9691 8325 1038
1 7579
4 6267 6337 5531 5778
4 1236 5045 3885 7950
1 8848
6 5300 1725 4550 1279 117 303
2 4189 335
7 1944 1974 2651 8823 8337 3877 1341
7 2294 2143 9003 7191 9627 968 7717
0
1 2572
5 1712 4442 2409 5805 5401
2 1048 7473
0
1 9648
7 8894 9157 9796 9186 8109 9578 6781
1 6214
1 8569
2 2840 9608
9 3055 4601 580 5447 5839 8012 4344 6929 8539
2 461 9337
5 4448 7988 4719 803 7616
0
5 2901 8366 186 7526 1052
1 1640
4 8189 171 2615 1936
0
0
3 1721 7494 1886
5 451 2285 4204 5931 1382
6 8268 2213 9257 5630 7861 5569
1 6046
5 9165 6070 3502 5173 2559
3 7188 4113 5187
2 3271 2275
1 3462
8 2984 6933 8049 1987 7104 5086 9166 7719
5 6701 8546 4722 8032 4847
1 6946
4 1980 641 7760 6550
3 7552 7947 2097
2 1347 3637
0
0
5 6946 3123 9970 695 7375
1 8551
3 4215 6105 2004
4 8132 7372 8669 6855
7 4991 1806 7700 7859 5208 7219 32
3 4269 1987 9865
2 3638 4501
3 6182 6464 5966
4 1296 1313 7632 1610
3 8433 8259 92
4 7946 9438 5035 9335
7 2333 9814 4965 1679 8683 2823 7845
3 6017 2642 3426
0
0
12 9415 5863 8829 3626 5322 6055 866 4799 8172 1067 9423 8680
3 8389 4806 8594
7 2938 7580 9038 92 9189 9760 8135
4 3830 3163 658 6873
3 7130 6551 4399
1 5492
5 8232 5680 4184 2517 2749
4 9041 6576 8825 2312
0
2 962 6839
0
7 883 6654 113 2694 2475 3772 7554
3 4580 3862 3579
5 6783 4098 9802 394 8732
4 7384 7886 7214 2438
3 5636 4009 8231
2 8670 8988
1 3793
2 7897 2774
5 5272 1090 5137 3857 725
5 3860 3416 2885 3433 8445
2 1619 9028
1 4910
3 8988 6182 9475
1 2628
4 3078 2800 3274 393
4 8138 4552 1315 260
3 1677 2662 7847
6 7613 3511 4606 1100 4344 1160
2 256 1248
5 2734 2958 2343 725 884
3 4542 5036 3021
0
6 7765 4703 6747 3641 9322 265
2 6628 3516
0
4 2228 4849 6681 7119
5 284 949 8620 1885 478
6 5505 8439 2502 9034 1011 3890
0
0
1 8771
3 1315 6930 4704
1 6742
2 8392 349
2 3931 833
5 2421 4865 9765 907 765
1 9648
3 7146 1821 2810
2 3383 6264
2 49 1288
0
0
1 3353
3 6776 9724 7410
4 3653 7826 1337 9878
1 8326
7 7375 8324 1138 3577 3899 9388 4407
1 2743
4 420 6893 8005 8435
4 93 5200 7474 8502
5 8266 7229 7470 7888 3821
1 4488
0
0
2 5607 680
3 424 2019 2168
2 6438 1242
1 1210
1 8702
0
0
1 4699
9 9462 3976 6636 9779 3617 4989 5496 2833 615
1 6229
3 2724 5147 7193
4 7983 1095 2777 2746
1 2371
0
1 205
7 8600 3725 8763 7598 9236 8922 947
5 2754 7891 2690 8760 9037
5 2078 3261 9114 2141 8940
3 2449 467 502
1 8436
1 9075
4 5492 1833 2875 5817
0
2 5826 9702
0
2 6082 436
5 889 7039 7513 4435 9593
2 1994 3355
1 3863
1 9977
0
0
2 2977 170
0
7 6302 3400 313 8659 311 1112 3809
2 2226 84
1 3638
1 7645
1 4894
1 2901
2 9665 9768
1 7713
3 1388 4853 8686
1 2313
5 1829 332 9783 5715 3177
2 6765 3808
1 1619
1 7804
0
6 1385 3965 6421 8133 4657 5953
2 5766 7796
4 298 8283 9634 5817
1 6771
3 9451 1187 2529
0
2 6005 2233
1 2541
3 5065 1375 400
3 7055 6716 3990
3 5966 6537 3230
0
2 2649 6917
2 211 9973
2 377 8853
0
8 5680 3772 8853 2640 7883 1948 4227 5992
4 8121 9780 2772 9396
1 4901
1 3173
2 1432 7061
1 2371
0
9 762 9482 6986 2946 9290 5359 765 8036 1141
5 7454 7071 8973 4380 9758
2 6134 7564
1 6804
1 1176
5 8378 1468 4089 9522 1360
3 4521 3113 5282
2 1813 9341
2 9370 2896
4 4691 6095 5877 8767
2 589 1772
4 2958 9479 5179 4983
3 2788 1094 2897
0
2 930 3722
6 1298 7354 6656 7332 3294 8122
2 3838 5270
2 8273 6120
1 5856
6 9510 7662 8468 3088 2735 6590
0
2 1880 445
0
5 9716 7166 6080 7014 1794
1 2948
6 2207 7902 8256 8892 4820 4601
1 5660
10 9270 522 7969 5658 5407 503 6890 5157 5507 7508
4 4500 1632 6419 3884
1 9536
2 7336 893
2 940 3200
3 7500 7384 1800
3 5312 7052 7557
0
5 1987 4571 6242 1830 8409
1 9166
0
2 7858 1223
0
0
4 2635 2283 7149 5728
4 7691 1656 6448 258
1 1337
3 9246 7390 2792
3 2514 6806 8521
0
5 9208 4641 6689 3774 8788
1 7950
0
1 4132
1 4419
1 819
2 1651 6742
0
3 6766 8225 4535
3 4498 8846 4202
3 9393 7924 2173
4 8131 7851 3983 4371
1 9409
2 2651 5264
1 8928
0
2 6656 837
3 157 1350 882
7 4445 7607 2663 1358 1683 6857 1248
4 4315 82 1936 5496
1 6155
3 7967 9212 2870
1 8717
2 3783 4883
1 8861
1 7406
1 8668
3 3992 9899 2377
3 4014 6475 516
1 5307
3 9713 1007 5497
4 694 2205 7142 4490
4 1397 3110 1673 3467
3 9646 3363 5059
5 3939 6221 4329 2984 8918
1 7252
1 3988
8 7506 4497 5369 4176 1258 7549 1657 3533
1 8691
0
6 4728 721 7239 5886 7886 4773
3 9054 9157 2026
1 1541
4 4127 6562 832 2127
3 8842 5725 6895
1 270
0
5 4370 70 7537 4664 4752
0
1 3808
0
2 1275 243
4 1493 32 3196 9054
3 276 1745 4283
4 5981 6480 174 9163
0
2 2742 7094
7 5592 9106 1190 7657 9794 8719 5224
2 9337 9702
0
1 3944
7 1780 84 6771 2937 3726 6318 1353
1 4367
6 730 8238 9049 5512 320 1393
3 5073 3180 1466
2 4390 1835
7 3138 8893 6636 7493 9743 8078 638
2 4528 1917
0
0
0
6 2056 764 9843 3763 7522 5691
7 5603 3167 8866 3009 6946 2896 3178
5 1804 4973 7008 8696 4280
2 7528 8867
4 2569 2445 8310 2193
2 8917 3440
3 5029 9753 3625
0
2 1237 9441
7 1301 7168 8320 2594 8666 6101 1663
3 4849 1982 5206
4 4775 9852 4854 621
1 7976
10 5977 6879 9727 6338 95 1872 6649 5173 7975 118
1 8041
6 6385 770 4871 5064 7558 2388
1 5763
0
2 2995 730
6 9409 9005 4480 6177 6905 8632
0
3 5098 975 1776
2 9725 2954
3 4263 4025 5238
4 6428 2963 9090 1147
4 5800 2322 6202 5592
7 6089 5422 6392 7988 2766 9409 6342
5 2148 9672 7887 302 9279
4 6689 9589 2445 4228
6 3604 7013 5370 7682 77 9308
2 5774 4025
2 3947 7678
6 6661 9093 9339 6766 140 2856
0
1 3628
1 683
9 5254 6686 3945 3629 3161 4886 3143 3717 2060
3 2341 115 6877
11 9548 1398 5817 5487 542 5727 646 3112 5784 3046 3250
0
1 8435
1 6050
3 8560 3431 6804
1 3588
0
5 6941 1772 5633 502 4978
1 248
0
2 6972 5495
2 932 3877
4 2417 740 1052 1735
0
2 5110 742
5 1141 9181 5370 5235 169
3 6740 4413 3101
4 7871 4680 9869 6359
0
3 1598 1936 3298
3 6317 4230 5900
3 1400 729 9600
3 2671 9911 1576
5 3167 8817 8182 4971 4293
0
2 658 1224
2 626 9964
5 3933 3029 4675 477 6965
0
3 4156 3043 6952
4 2909 4896 5266 2851
3 2440 3832 8147
3 3739 8438 5689
9 9865 2527 1030 7645 9956 5480 7819 4355 8835
1 6663
3 3106 4613 8882
5 1887 4946 8734 4643 9151
1 6198
0
0
1 8861
0
3 4150 9499 2748
2 3611 3014
2 5532 1051
0
1 516
2 7707 4387
2 4281 75
2 9609 4703
5 7575 6933 8256 500 4684
3 8117 4231 8180
2 3524 1062
6 8148 3355 7651 9473 6634 4326
6 2398 5489 5619 5408 983 7658
2 2370 7565
1 2563
2 3967 732
2 1931 4776
8 7377 3638 6915 3693 9991 9147 8664 8757
6 6151 6609 2507 6005 9384 3501
6 7511 2944 9441 3265 7626 1525
5 4251 7628 6794 7229 916
4 6300 9500 7694 4441
3 6875 390 834
5 4578 6824 5191 6614 9120
2 3216 1987
6 1604 8448 6306 9560 642 8563
5 8246 1498 8885 7726 4464
1 2910
0
0
0
1 1949
3 650 3675 3045
9 6197 8006 5062 5804 9320 7982 2006 5006 9394
0
6 2640 2662 3824 7042 991 4546
2 6362 4420
0
0
0
7 1091 2689 6300 999 3451 2799 8294
1 4829
3 1643 2426 6783
1 2911
0
0
2 1813 7455
1 9865
0
1 1557
1 5971
5 625 6340 5314 8220 154
2 369 9394
7 9920 5840 5999 6121 9566 6115 653
2 8900 16
4 1876 6764 1118 8510
2 7207 7546
4 7048 3257 5821 5794
4 3469 4900 8686 7443
1 2572
0
2 6628 5522
3 9736 9732 2273
0
8 33 3585 9050 1380 3426 4220 7565 8115
6 9090 4398 2166 436 1785 5882
3 8944 4580 1863
0
0
1 4452
2 544 6518
2 3135 1422
0
1 7614
0
4 5893 2732 1040 5651
0
3 8543 8226 2873
3 5584 6070 4508
3 6689 3997 9893
0
3 2059 6220 8340
3 5142 342 7629
2 2690 8544
0
4 7321 4220 7714 9102
2 7521 491
0
0
1 3467
7 6512 5501 1495 5386 9961 868 1222
2 9769 7364
6 9901 8350 7632 2126 6144 2480
4 2974 154 8971 6298
4 4855 7454 8368 1490
2 9236 3183
2 6401 3222
2 4344 2968
5 5511 3900 3269 6081 3630
5 411 8520 3803 5464 7837
0
9 1197 6849 1695 7934 6093 4792 1887 6520 3563
3 1178 5173 9844
0
2 3462 5418
2 8917 725
1 6941
4 8392 2194 9859 6672
3 432 2794 3837
6 1593 2081 2423 7347 1221 2219
6 2189 8431 3632 4563 7174 9906
1 5181
1 7978
2 463 5651
1 9615
5 637 8552 7762 9012 1178
2 4985 5687
6 9647 7817 5114 2863 8834 6151
4 8872 6174 6232 7755
5 5901 9204 2758 5004 2337
5 5176 7650 6120 9900 5925
2 1667 1411
5 3503 4224 5211 9736 4168
2 2525 5578
1 2912
3 5744 1508 2965
3 5807 6255 1722
2 8955 8806
1 93
3 386 1039 1126
3 2954 8223 4244
1 8609
1 6908
0
3 465 1829 232
5 230 2723 7234 560 1152
2 4587 3946
4 1712 6491 7224 4962
3 8995 9930 5448
2 1447 5465
1 8297
2 689 9130
1 7386
0
0
0
2 2313 6855
3 3000 8204 7194
5 7332 7279 3202 1730 4486
1 6006
2 9663 9532
3 9429 7792 3744
2 1250 3302
0
1 2743
4 8139 4331 3504 435
0
1 6432
1 5393
1 6244
1 7962
6 2031 3749 4008 7322 916 8138
4 7779 4354 2274 9219
6 4470 974 9074 3171 4517 1893
7 1040 5176 612 5414 7278 9881 6105
4 2796 3944 2555 5547
1 6690
1 3600
3 3751 584 6723
1 9995
3 4335 26 5282
0
8 3148 469 9038 6955 9381 4646 2837 669
4 9434 8543 2960 8730
5 8862 2466 6452 5515 6250
6 4234 1695 1577 8942 7457 1537
7 4041 8975 3634 3627 3721 9 4809
3 7312 4535 6332
2 609 2764
0
3 2249 7597 4264
1 4264
2 1122 815
0
2 7445 4387
2 8923 3263
3 7466 6551 1066
5 536 1 937 3433 3939
0
0
1 9142
2 6978 9841
6 6381 7890 5002 4413 7760 7965
3 8778 6134 2077
3 567 4085 1873
1 8121
1 8829
0
6 6767 1432 8791 7442 7293 1605
0
3 5720 2355 1321
2 1795 5726
3 3413 6401 2450
2 5374 5393
0
5 2957 3175 6548 154 1178
6 178 3433 4134 8214 8957 6728
2 2398 2149
7 3152 7922 1096 6439 8277 5411 2456
0
1 807
5 6215 9198 2416 2100 7524
2 9264 8461
0
2 9044 9251
0
2 2471 2870
9 1134 9507 2213 4344 7413 8636 4055 8043 7023
2 1801 330
2 3532 671
3 9752 8295 2970
0
1 7398
1 7411
1 2774
9 952 4348 1994 4598 8714 4294 605 576 2381
7 309 7400 6034 984 9388 1117 7875
3 8174 9036 5961
5 9667 9239 4216 5619 9019
3 7820 3952 6606
0
0
0
3 5431 1362 7872
3 5036 7229 5670
2 401 4166
1 8027
4 2071 6548 3486 4153
2 7845 6160
0
0
0
2 2178 6736
0
0
2 30 8186
4 6420 4982 9108 9976
0
2 507 4711
2 2843 5721
3 5606 6179 7874
2 1619 7813
5 9289 6363 9763 9311 4611
5 4665 7726 2407 5905 8905
2 6564 7981
3 9981 7434 8481
1 9635
1 7565
2 2570 2141
6 618 5750 5136 8831 2460 2096
1 9777
1 8615
5 7842 9494 1258 664 9131
3 6075 9189 8668
1 2030
4 7367 4948 5147 3155
8 7908 5667 646 7758 7306 8785 9012 7871
5 1464 5108 3573 4169 8511
4 8123 9937 9847 1099
4 4409 1318 4955 2151
1 599
4 1323 7332 5722 2734
1 2442
3 6244 156 1242
2 349 9985
0
0
0
7 5228 6900 9291 524 9149 8738 7536
4 1309 9031 4341 7719
5 5186 7542 4498 9979 4314
0
1 5874
1 6976
0
1 2699
3 6778 7125 7244
4 766 1223 8944 4184
2 2526 3297
0
2 8747 4780
6 6323 9477 261 6283 3214 7678
8 8889 9843 6126 5475 4573 4366 516 2659
0
1 4900
0
1 2472
8 82 8262 7706 1175 6552 5474 7062 8591
0
0
2 3593 4517
3 8972 8698 9632
1 2871
2 1133 3967
0
0
9 4349 9558 4704 1123 1670 2274 8469 9282 3739
3 1971 4524 1934
3 7366 1758 7859
4 6700 9305 2086 2800
4 7156 3061 6287 113
0
5 1242 7679 3197 736 2240
5 1738 7503 3579 7049 1617
0
1 3274
7 7485 9050 5348 4821 3542 569 7875
0
1 9482
0
4 2126 7208 475 6215
0
2 6402 9202
2 5401 9277
4 931 3397 1935 8392
1 4286
3 818 9620 9429
3 4503 9868 672
3 1758 6874 7651
1 7398
2 3291 9499
4 1619 4548 4619 8736
4 3764 6332 5744 193
2 2483 1452
0
0
0
4 3237 9678 7498 9577
4 1620 6161 5433 6149
2 1986 7332
0
5 3379 5983 1215 6998 9646
3 5096 1307 5424
1 4002
0
0
3 8018 186 2702
0
5 5204 2958 6228 4273 5119
5 4576 3470 7201 5662 6954
2 2958 2316
4 983 5725 4790 4010
1 5818
2 3715 2937
7 2135 6400 6790 7357 3124 5786 3130
5 5597 162 2664 4855 3156
1 4536
2 2321 1146
0
2 3013 7653
1 152
3 6732 7629 9597
2 4631 3286
3 9843 9916 6122
3 2054 3269 5670
2 3574 1762
4 9171 1705 61 6889
3 4451 2618 6039
1 8283
0
1 3046
2 1599 9442
3 9660 7580 5191
0
8 5909 3130 9091 6093 3329 2995 5249 3444
1 9815
0
2 6670 6049
1 7713
4 5192 3472 3179 2456
0
3 2736 3939 6468
0
3 5064 7293 2641
1 2175
1 2213
7 7872 7745 1983 8574 2574 7335 9121
4 2343 2252 4107 5812
3 2290 2992 7628
0
2 4438 2635
0
3 9325 5874 205
3 8639 357 1615
3 9739 2677 6908
1 3122
0
3 8294 9726 3544
3 1068 7528 5170
6 1316 4383 2594 2725 1853 5967
6 665 1637 6467 6421 5715 4402
1 8798
0
1 4965
5 9722 7157 4612 7467 8487
2 7463 1210
0
2 4127 2439
4 2952 9681 3055 1851
1 5497
2 8410 7379
4 7456 9428 3266 9370
0
2 146 9134
6 9946 4723 1978 6964 5268 8571
1 2703
2 7747 2037
6 5307 7522 9625 2915 6008 2782
5 9958 601 1073 6711 6075
6 9284 4284 7881 9569 8074 757
1 6819
1 4981
0
3 8490 4150 7672
2 4420 2599
6 377 1688 2700 4540 5469 2897
9 252 7342 2644 2747 5139 4843 7121 2769 3971
4 6982 2303 7038 8072
1 4726
1 3900
2 6442 5374
3 1017 7626 6309
2 6959 8668
1 802
2 5336 8262
0
2 3638 8844
1 8455
6 9961 7413 1323 3897 8900 9824
0
0
0
0
2 3506 9134
4 8585 3282 6811 3987
6 4998 3873 9203 6326 9867 7361
3 8569 299 350
1 882
1 1122
2 6275 7382
0
0
5 6317 9074 4836 8049 933
9 2128 321 6512 4579 1187 5894 1215 877 216
5 5919 4905 6176 8294 3845
0
1 3208
0
6 7557 4651 8586 6091 5943 6929
2 9623 9409
3 1468 9768 7983
0
3 9434 5428 9084
1 5044
1 2110
1 2292
2 6846 5853
9 9127 8725 5727 4005 6285 9052 5676 5512 8779
3 3957 4204 3956
1 1584
3 1352 188 2371
0
5 2735 9000 2715 2292 5838
2 6962 560
1 6217
0
2 3086 7166
0
5 3005 2836 4715 8038 9351
5 5912 6818 9149 4087 3944
4 7260 612 2868 2638
6 6810 2756 5844 1941 7251 1992
4 4005 3777 4846 1993
2 2243 9093
6 2416 3231 7345 5444 3297 4644
0
0
0
3 2949 7709 6043
3 4679 5714 9200
1 1368
0
1 6507
3 4597 9947 7754
2 4262 6288
1 5438
0
6 254 8156 760 9317 8245 5153
4 1026 1981 916 5270
1 5814
3 88 8562 8710
3 8355 870 9762
1 9031
0
4 1040 3338 2218 6865
2 4412 7221
1 6100
0
1 2891
1 4238
0
4 6950 7347 7382 9844
0
7 7875 6787 7623 3034 3618 2091 1275
0
1 6647
3 5818 6950 9842
6 9980 4891 3228 4106 583 4255
1 7028
1 3019
3 1829 9398 4232
3 5469 1011 8955
4 6619 8548 5910 4369
0
7 7072 4315 5916 8469 4844 8093 8298
1 2451
3 8776 4238 7811
4 4676 3933 968 6761
4 5961 2664 4319 6335
0
1 2935
4 1342 1939 4454 2916
1 3138
0
5 5444 7204 1064 8493 1285
0
4 4140 2330 3048 3085
0
1 6123
3 5995 6186 9138
3 7913 5661 3403
3 1052 1788 818
6 1022 9427 2973 6347 6815 9672
0
6 734 9517 3261 2617 1765 6789
2 8616 8623
3 4311 5710 7093
1 6341
3 5320 2004 794
2 5411 4048
0
5 2204 3543 6322 3236 3035
1 120
2 5240 203
3 2376 2956 8709
3 9607 2835 3600
2 2586 9665
1 672
2 8505 9848
1 6674
1 5554
2 983 6109
0
5 6005 4466 2095 3285 2954
5 2054 137 7900 4120 2706
1 2006
2 6297 2889
0
2 7875 2802
1 8580
5 172 9315 9001 8308 1540
1 8591
3 4988 8750 113
0
4 5940 4179 5202 9468
0
1 621
1 8414
6 1492 3096 9210 9977 2225 6498
1 3722
6 9553 4324 5204 799 5858 9108
3 7323 3015 9075
0
6 8170 3619 9334 5450 3095 904
0
2 143 5798
1 3586
2 1475 7498
4 2317 1490 741 365
9 9906 7567 4706 8108 7653 1028 8858 9810 4556
1 7
5 7698 1704 2445 914 3841
4 8120 653 3702 6805
1 9827
3 9852 3081 3254
2 6821 7361
3 2051 6021 3923
2 6618 288
0
5 7647 4836 4044 4364 70
6 4837 4235 911 2886 2599 9755
7 8479 3764 3035 4188 8890 7768 3799
0
1 4799
2 1239 692
1 8918
2 5948 9657
0
1 1261
2 8678 9093
0
2 2162 2303
3 320 988 2904
7 5289 592 2386 664 4127 1695 4882
2 5413 2194
0
0
5 3667 9310 6557 5968 8568
1 3070
4 1772 5927 5452 5354
4 561 6044 6850 8265
2 8387 2379
0
3 2450 3076 126
3 5719 6343 2246
5 491 6415 1465 3219 2349
0
2 3353 8167
2 4003 6467
2 9287 8234
6 2738 782 5361 2122 2042 1479
5 7058 6814 8575 738 7979
4 2185 9094 6099 6922
3 538 3034 3081
3 1851 4885 2601
0
2 9320 6310
0
2 7833 8482
5 8173 2313 8499 3160 2785
3 1660 8920 7672
2 3574 2985
2 8301 1637
3 2269 3402 2368
1 7869
4 9950 6362 9225 2904
0
1 8241
1 672
0
1 7291
3 283 7371 1487
0
6 8487 8922 5664 5809 7948 9572
1 3068
2 5872 3242
1 4415
3 6933 295 3522
1 7463
3 1950 167 2449
0
3 179 7593 1679
8 2884 9748 5497 1127 2907 5017 5660 9745
4 6053 7662 2470 5359
3 3421 8138 8110
1 6911
2 3964 3981
4 8981 3634 6714 9973
2 5162 3921
1 2410
5 8214 6771 2662 3070 4437
2 9747 1206
2 572 7337
1 869
1 8760
3 4526 6906 2919
3 8038 2467 9875
0
1 4686
4 7835 6743 8510 1340
5 6171 8881 7057 9453 1338
2 8620 1360
1 6962
5 1089 2265 9597 7826 502
0
3 8089 2041 7988
1 1822
4 7838 2203 468 5374
2 7125 8961
0
6 1152 5955 9933 2419 2446 6387
4 1482 2973 2395 5198
0
3 9761 9640 4215
2 5919 5634
7 1117 8398 339 513 6067 4677 4772
8 7157 6406 2030 728 769 1675 4961 3930
6 4551 6199 9991 8876 2435 3481
0
0
4 4212 7997 1482 4283
0
2 3382 6102
0
6 3811 644 8806 8540 2278 7645
0
4 1093 6652 3205 2620
3 6551 2054 7772
2 306 3875
5 5346 5857 9884 6673 119
2 7493 577
3 4026 7999 3670
3 689 2748 2645
8 6102 3290 1903 8047 6435 398 3235 1430
1 2228
2 4035 1474
4 1399 8604 5514 4268
5 3114 19 4313 7275 9506
0
4 7870 7219 7832 6949
6 5984 9654 8971 1779 788 5644
1 4932
0
0
2 6100 7579
0
1 1715
5 8909 7601 1880 5564 206
1 9713
4 6330 4063 6426 9284
1 2366
2 2305 2711
3 2489 9954 9793
3 7915 3140 5312
4 1518 5983 1639 7574
3 3688 8101 1391
1 9801
2 6011 5586
0
1 2789
0
7 2097 3909 8220 5537 4841 29 3507
2 1722 4610
3 9570 9064 6512
4 6721 1956 4615 1008
1 8740
4 9519 3309 9291 3571
3 2924 1396 1301
2 2080 3520
0
0
1 622
1 6889
1 8365
5 4409 5716 3338 8429 77
2 9839 7888
2 9556 2482
2 189 6293
0
3 8917 618 679
0
5 3469 4190 4965 2663 8873
0
3 2525 5916 8234
6 1318 3263 2915 130 8423 7603
4 9899 907 2691 3486
1 6747
2 2716 3373
1 9114
9 2466 377 6229 7867 3552 8144 5190 2356 8352
0
1 8346
0
2 5265 1464
2 8154 8606
0
5 1981 9096 8759 3792 4391
1 621
1 2430
1 1800
0
6 4529 2370 4721 6646 1948 9342
2 9602 7688
3 7583 3530 9166
3 5722 7114 3171
1 2915
3 6005 8871 8697
5 626 5750 4966 6628 3003
0
4 2521 6291 2997 8422
2 3505 7546
6 9500 7066 2794 4742 4358 2136
3 5891 9234 5979
3 9491 3070 5474
2 4861 4346
1 9901
3 216 2634 6588
8 3850 7364 6984 5388 3542 6008 7310 3376
4 6306 6981 820 1264
2 6571 650
0
3 2504 6048 395
1 2888
2 3444 8161
5 4477 2301 912 6854 4636
4 6182 2141 5393 6340
0
0
0
3 8289 1636 9036
1 3593
2 5035 3801
3 8132 2915 2545
2 908 8196
9 7773 4040 9633 174 5071 3779 8077 95 7178
4 8303 8020 959 1146
3 6109 2854 5084
1 4255
0
4 9072 862 9897 4568
0
0
0
1 5206
0
2 700 3990
0
1 6911
4 1761 592 8446 5216
0
1 7755
4 7844 3997 6428 1518
3 5308 7229 6528
4 8457 3851 8807 6879
0
2 9698 5947
2 3006 7567
6 9952 1475 1973 675 5977 3992
2 7603 6335
2 8883 5331
0
4 5742 9135 1944 6330
3 1641 112 6019
2 7262 828
5 2203 0 6206 7972 1683
4 149 3076 7558 3762
3 3778 2901 2328
3 3574 4008 9415
0
7 9842 3079 7299 6332 7433 1496 4588
4 3426 6905 7211 6845
3 3475 288 8449
2 9309 914
4 9718 1409 139 295
2 3599 2802
3 7313 7829 96
9 6402 455 3312 6002 5706 5095 6298 3434 1518
2 5518 8186
2 2340 1951
0
1 9100
2 5683 4383
1 1040
2 5766 5848
0
2 4590 6470
2 2796 3499
0
4 2509 3491 7104 5398
0
0
1 3363
0
3 2133 4480 359
4 2427 2158 3861 7765
0
3 1810 1531 1596
1 5807
8 3866 2753 2523 5454 5029 8298 8821 3509
3 9434 774 9461
0
0
1 6525
5 8796 5381 7053 444 3903
1 9071
4 759 9879 2820 4663
3 1937 9227 5073
3 5467 8831 4549
1 7173
6 406 1587 2458 6770 340 7813
6 2610 914 973 9187 3361 5085
2 8373 6245
0
0
3 3441 3977 6785
3 3570 7002 3992
4 9747 2668 4040 348
7 1677 8377 1806 4340 669 8869 7730
1 1935
0
2 2532 7843
2 1866 1661
3 1026 8704 4091
3 7504 1253 5761
3 1414 5636 8437
0
4 7331 7301 9154 3656
2 1555 941
4 5129 914 8599 2465
10 256 4831 8508 2834 694 8010 7207 9023 2106 7291
2 5699 2298
1 6236
4 235 1169 817 5810
0
2 9608 5498
1 4457
7 6689 380 3441 9963 647 1948 4337
2 1906 3750
1 91
5 4804 5603 9078 1265 9382
0
2 3026 4937
0
2 2026 3167
9 8444 2466 774 5083 1447 429 8282 2164 9075
3 1060 7332 7656
4 2677 5057 2485 8244
1 9414
3 3370 4240 4626
1 7859
0
0
1 5044
6 6645 2100 3412 555 593 5405
2 5142 5542
1 2415
2 3043 9266
6 6548 3621 647 6248 4057 3958
1 9715
1 6750
2 3663 766
2 359 2217
4 7679 1090 8806 3207
3 2098 9399 3730
1 5137
2 9530 4097
3 4820 9963 8167
3 9290 6049 3252
2 6019 1469
3 9056 1801 1949
3 164 9199 4978
2 7107 5631
3 7450 8857 2128
2 1048 1405
1 3958
6 2280 9641 8949 7727 5487 9748
5 7244 9634 6956 4439 9169
3 2419 5431 7709
4 6057 9800 5022 5503
0
2 6242 8198
4 5607 3751 4455 8623
1 3878
0
0
2 6109 9570
1 7719
2 1433 9790
7 7243 6513 2949 7657 4909 5620 442
2 3006 3645
5 7384 7624 2966 5657 8551
1 3003
2 8406 4106
1 245
2 8074 8432
1 3181
4 496 5451 5948 160
0
0
0
2 710 9929
2 672 8066
4 2272 2951 4713 3954
3 4146 6348 8739
1 2256
2 2584 8217
2 8297 160
3 4548 6947 7190
7 7815 8328 6229 9313 2151 952 7474
7 5932 760 4975 5119 4855 789 4522
1 7539
2 9328 6655
3 2393 8662 9199
3 8663 551 6922
0
2 8312 9045
9 9612 7271 260 4099 8893 8540 7242 7318 9946
0
4 9746 1242 6889 1814
0
2 6564 4598
4 8273 5528 3546 9575
2 1587 3247
5 5938 7643 4187 1005 4024
5 555 1770 1746 9204 1682
3 6438 3383 3827
2 454 9094
3 7115 1696 6827
4 3188 3717 7985 3356
3 7945 5408 9646
5 2724 3753 891 2907 1936
3 7859 8475 7607
5 5381 6240 1583 931 2479
2 8905 9421
2 4245 4387
1 3121
1 2833
1 1969
2 7812 1175
5 6935 4944 4015 4911 9437
0
1 4699
0
2 6950 5014
1 7687
8 8266 5975 1364 1740 8899 4223 4363 3639
0
0
5 8107 6740 8912 1256 1388
0
0
0
4 2090 9962 2052 3696
4 6845 2839 2772 2865
3 1135 8746 5796
1 9275
2 0 2953
1 212
3 3402 9235 4704
5 774 1322 5829 2763 2661
6 8154 3625 7395 7547 8217 7178
5 9502 1265 7057 6749 3580
3 6383 3190 408
3 2536 2315 5746
1 4302
1 917
3 3549 9020 1985
2 3446 7543
4 4697 141 6865 3909
5 5557 8544 389 6275 529
0
2 9355 1400
5 3839 1716 5685 1092 8257
0
0
0
2 5479 2965
2 1165 7889
1 277
6 4441 9464 8932 6566 9811 5913
2 4376 813
3 8714 9510 77
0
2 1234 7868
4 5672 581 8236 6550
2 6554 7978
3 6455 2915 5566
3 7501 2861 8182
9 685 9108 1659 3734 1433 6524 394 3362 4458
2 331 2881
4 4709 2247 6049 1303
0
3 8818 6149 7708
3 8864 3888 5038
3 1595 9989 560
0
1 8087
2 4648 2938
7 8999 6546 8802 9407 3059 6314 524
0
0
4 2292 1979 6603 6866
4 9458 2167 6723 6500
2 3271 8818
5 2237 7839 1309 8460 7419
1 4300
2 5818 1936
0
6 3906 8923 4052 8207 8176 6458
1 1466
1 4300
2 6134 56
6 1654 6181 28 1099 9029 6725
5 9594 8861 8391 3888 518
2 1352 9202
3 8256 4245 3423
6 2361 4305 9557 8942 770 7926
2 6910 1475
3 3491 3591 8346
2 8877 4987
0
6 7675 7437 1699 4013 168 8426
1 1947
0
4 6451 4761 9933 5856
1 4117
0
2 4952 5830
0
1 2766
0
0
0
5 7094 4060 2755 6728 4400
0
7 5742 9139 3417 4142 2897 6778 9255
3 2431 3659 2782
2 3413 9429
6 5704 6623 9027 4890 9278 4832
6 3574 6603 622 8120 3533 1367
2 1590 7862
7 2602 1527 5003 7103 6023 4449 2050
5 2617 3759 4970 2350 5394
2 6724 8682
0
2 2937 647
0
7 3371 152 5564 588 4417 9742 7056
2 1736 9046
3 776 7038 7233
1 1101
6 2704 4778 6136 6219 9502 3122
2 1061 1464
2 9189 1133
3 1224 7724 2189
5 6759 71 9409 5639 2413
0
5 9436 9563 7643 727 2854
2 4474 9070
6 5548 2545 1834 3409 2439 5574
0
2 9998 731
7 9082 3659 2873 2007 8945 7253 716
2 1430 8346
1 7002
1 557
3 2418 5797 9992
1 8702
1 2904
2 1049 1834
0
0
3 2919 384 1029
2 9808 643
0
0
1 1352
0
0
4 2164 378 4925 6745
1 8753
1 1240
1 6935
1 5542
1 4942
2 8435 3328
1 5947
1 4073
1 838
6 4114 8122 1717 5981 1484 875
1 6056
1 5720
4 3678 431 3081 417
0
3 4642 132 7166
1 7057
10 2667 6192 8927 176 8971 8371 8871 6233 90 316
3 7945 3821 1027
2 1250 338
8 9546 240 2054 6207 4800 904 2885 6192
5 5650 5498 6546 4206 2043
0
3 9765 826 469
0
0
1 3138
2 8632 2900
1 2636
5 4401 6692 6521 6831 3084
1 6905
0
2 729 8142
5 7463 526 9478 5815 2819
3 540 9729 3222
2 8620 9233
3 9995 8747 8420
0
6 6760 9876 5717 9571 7401 3868
1 6435
0
3 9194 1685 8425
1 5072
0
4 3079 7390 6218 6455
4 4913 4626 1943 1402
0
4 4600 3952 8945 6381
1 3208
3 284 3532 4959
0
5 3188 3112 7908 1482 7949
0
4 4296 7233 6601 7747
9 6429 2934 4963 9540 8785 9545 3542 6107 7367
5 7083 7954 5389 6922 5683
3 6514 7776 6045
8 4891 8881 669 8909 3832 4189 6400 8353
4 6923 7466 4457 8682
0
3 8470 7463 2588
0
3 1424 2489 9606
4 3208 80 2000 9901
9 2449 7702 3720 9595 1455 5617 4988 6931 477
2 2696 6571
0
1 8283
3 101 5477 2030
0
4 6759 7795 5889 9804
2 4397 2246
2 8890 2725
2 8228 2866
1 2618
3 7891 6420 5882
2 3555 8571
0
1 8723
2 6906 9843
5 5229 6813 9723 9597 3952
2 5111 8296
1 2758
1 9554
4 1358 4325 7467 7997
0
0
2 2164 9060
5 6103 1646 8635 8748 7360
0
1 8166
0
9 8624 5603 3293 2456 5622 8330 176 2924 3978
0
1 6200
3 6158 2087 5352
3 6307 4410 1902
6 2749 8099 7397 6136 222 6492
1 7855
6 6259 2398 8674 1829 4782 7029
1 8480
0
1 9018
4 1781 4842 7001 1172
1 2995
2 299 2556
4 1926 9661 1060 2645
2 5313 1466
4 8876 3811 1521 3222
7 520 2245 802 1891 240 6585 839
0
2 9415 2527
6 7568 3784 3309 7346 9984 1762
7 3385 9199 2881 5796 6911 1664 2973
3 1068 5935 2757
5 6170 4846 7741 1867 7683
0
4 9048 8071 7563 4329
1 4715
2 5383 6124
0
0
0
0
1 8051
4 749 1678 9990 4434
3 7398 646 6874
3 8270 5294 5501
1 7410
3 628 6571 6834
1 6973
5 5866 3003 427 3971 9126
2 7846 3965
2 8007 3549
2 1735 9320
0
2 4704 70
4 2158 2904 6890 4805
3 9660 725 5931
0
0
0
1 9369
1 4232
4 1748 9086 93 7323
0
1 5931
2 9785 9532
4 6134 6881 5190 589
4 6030 301 1982 8371
0
0
3 873 7038 3205
6 2312 333 1404 9883 5851 4348
0
6 6428 4743 6893 1491 1733 7545
1 9325
1 8418
1 3453
2 4161 1760
0
0
0
2 2057 9457
3 3064 8973 1885
0
0
4 4701 8018 9635 4576
6 2322 250 2552 6755 1593 4042
0
3 7792 2055 6869
4 6732 9625 6786 6853
6 6531 7971 9852 9158 1542 7865
2 6006 8083
0
2 1657 1679
4 1784 1619 1610 436
3 862 610 9114
1 7959
4 4316 932 88 958
8 9005 8963 793 7958 1235 8354 257 7701
1 4622
3 3714 9573 6921
4 2369 7467 6813 2563
1 5469
1 510
5 494 4648 1558 3325 170
0
2 7386 870
5 6087 1964 2969 1034 2552
4 3247 5957 9602 1810
4 4576 1639 1370 6513
4 637 3625 4496 3973
0
0
4 6278 8024 9455 8366
4 7079 1555 2093 3193
5 4856 3408 3895 6414 5219
2 9412 2775
6 2936 2963 6297 749 4675 2493
5 4642 1701 873 6786 256
1 6846
2 5282 2030
3 3532 2376 3153
2 4218 114
3 392 2916 3999
1 4399
2 5286 5649
0
0
3 6232 1368 3511
0
5 9911 9464 7004 5400 3010
1 6911
0
0
0
6 5881 7591 9292 1654 2891 683
2 8626 2486
4 9505 8515 9824 2987
4 4628 3121 5892 7961
3 6593 3093 256
6 294 3790 8151 2449 4862 3507
3 4792 4553 9769
1 4881
0
4 738 9262 7355 1437
0
0
3 5765 8485 1092
1 8416
2 8058 1006
5 7568 5022 7246 6703 7037
3 5847 5542 7370
2 7221 5766
1 4584
3 7745 365 3154
0
5 5471 1562 8220 7777 5298
0
5 3003 8127 1277 7098 1732
5 340 8844 5383 8340 7168
1 2787
2 8432 8468
8 2672 1667 8433 9470 8595 7387 4105 7110
1 4669
6 1499 922 3129 7552 9515 698
0
4 8830 7590 8165 3470
4 2900 948 3048 9966
2 9854 8131
4 4495 7616 3994 7737
5 7059 1947 7102 7421 9029
0
6 4313 3542 8366 5866 8085 5532
3 5863 3180 8823
0
0
10 6509 4959 2303 8020 4456 4144 6285 8401 5601 4719
2 6182 8229
3 9815 6713 3433
1 9138
2 3605 7959
0
2 7517 4938
1 3270
0
3 7224 3488 4364
3 6592 7113 3083
1 1790
6 4598 9699 3363 8974 9856 2742
0
2 1486 7469
6 7486 6649 5011 1326 4442 3277
0
3 3342 3173 1745
0
4 7996 1167 4019 2956
1 5079
1 9791
0
0
4 1158 7516 9990 54
5 5553 6796 5895 9303 4197
0
2 8557 9963
2 1011 4799
1 5347
3 1541 1685 2130
5 1279 6266 6343 9812 7365
4 9162 3505 4670 3881
2 5600 185
0
1 4238
1 4584
0
0
0
2 7106 5607
5 2803 2532 1695 1178 6907
4 2602 3478 1362 1544
2 2563 4118
3 343 4387 7720
2 5429 733
3 6199 6030 1800
4 1255 922 2964 578
3 6153 660 9352
2 8349 3413
3 5766 8694 7816
3 1134 2694 5367
2 3234 260
3 672 8448 4293
5 2234 3883 6873 9177 90
5 3354 1149 8673 8243 9412
1 2816
0
4 1332 3385 9119 1717
2 4280 203
2 2792 4536
7 7432 1947 4117 7439 3140 5465 3035
0
2 8275 5338
0
8 9520 9416 7310 8188 6507 4699 4905 4750
3 5919 1426 7106
3 2523 2103 334
0
3 3165 3370 4086
1 93
4 5987 3048 6783 5314
4 8406 270 5564 7480
1 3280
0
3 4409 4146 26
4 349 1400 5295 3348
1 1145
3 9880 2227 5401
11 6188 8120 6516 3069 6549 6397 7555 5399 3619 7069 4333
0
3 9679 4257 9387
0
1 9888
3 5500 3180 1615
1 442
6 1587 3381 7151 7540 8950 1597
4 9841 3565 9523 931
1 3688
4 4055 6917 4622 818
1 2701
0
6 6044 6296 8865 7829 9076 9319
5 862 3622 7906 1099 8038
4 9080 156 1286 6788
4 1645 3338 2101 6283
4 4346 5057 3579 7725
1 6050
0
2 6574 5511
6 6157 4543 4152 6179 7327 1943
10 2208 5504 7905 5961 3028 2768 8330 6304 5107 5183
2 3030 2342
3 1405 7653 2602
1 4917
1 2749
0
1 6689
7 1717 5450 4611 5078 8986 420 176
4 3199 7496 5467 221
0
1 7727
4 4303 5946 1499 1171
0
0
4 6939 1894 5170 7839
1 2164
4 331 8487 9132 3837
0
5 3807 4325 260 1564 7646
3 3353 569 1543
1 8290
1 3498
6 4418 2144 1686 8319 4641 5604
1 6859
8 2988 9153 5670 8445 859 7707 7677 8053
3 6347 1567 7347
1 3214
2 9741 1620
4 5795 3403 1483 9928
0
4 249 3339 2363 3857
3 3499 9632 1413
0
4 6388 6667 4061 2593
0
5 79 5844 1980 9058 5775
6 9984 8001 9593 1130 3894 6166
0
5 3353 8471 3059 1732 9747
1 4765
4 305 9505 7361 3130
3 1359 7714 1181
6 726 4300 3365 6572 280 7536
2 8228 9279
0
0
7 6111 5662 9982 1705 7980 9604 3279
3 1959 7611 4160
0
1 5639
2 1516 3015
0
4 807 6352 8776 6344
2 1779 4925
4 9444 3982 859 8935
7 7602 3676 2779 3763 9019 498 9153
2 9048 9102
6 5605 1371 2679 3358 6161 663
0
1 4053
0
4 9647 3966 2153 5894
2 4616 8773
6 2112 7765 3685 6354 8806 1241
0
11 4592 5071 7641 545 3167 4867 8551 1430 435 1864 936
4 5068 7411 221 5224
4 1034 8825 6008 9384
0
4 2935 4267 9776 1504
2 7119 4788
1 1812
1 1902
1 1017
1 7595
0
3 6908 1280 8336
3 6564 2492 1385
2 4447 1490
2 9698 9292
2 5802 3185
2 5711 9963
6 6943 3361 2375 2062 1497 6501
4 8681 9963 742 522
5 3921 5491 3053 195 9798
2 927 5763
6 3286 9726 8823 3324 2884 7769
1 9138
4 6017 9462 9707 9130
0
0
0
2 7553 8411
4 5982 742 9216 5969
3 1860 3329 7162
0
0
3 6319 1347 6965
2 5923 545
1 4189
4 6453 6120 1422 6865
3 9455 7909 6250
4 4445 2676 7087 425
8 3604 7535 6820 961 812 1468 6215 5729
3 355 1049 3820
1 2239
3 1888 6986 8072
0
1 9906
3 6737 5078 7188
1 9077
4 9327 1821 1726 8844
2 4994 7398
1 6310
4 212 4697 1038 8089
7 9748 1046 6300 747 4811 2420 1349
0
3 4427 3466 7158
0
1 7532
4 2550 5256 4929 6521
1 1324
0
2 9623 9426
0
0
2 5670 9917
0
3 7440 2923 1118
4 1014 2652 3774 702
4 5193 8723 4346 2685
1 1432
4 7561 8264 8527 4629
1 455
8 5393 9180 4470 6807 3366 6420 9011 741
1 128
3 6539 912 7273
3 332 9275 7134
0
1 7880
9 3034 7000 6231 5114 3365 6063 4591 6588 5419
1 9213
6 1795 7353 454 8178 9827 5045
4 2893 747 5162 8584
8 9974 6574 9837 8296 9118 1662 9586 294
1 9128
1 2394
5 545 2704 6937 1027 4466
6 4009 8326 8374 7450 3287 8496
7 1032 4836 5276 7142 6233 1930 8812
2 1263 3083
1 7730
0
9 7577 2097 3451 128 2489 4766 6032 8055 5614
0
1 8636
3 191 8246 2265
3 4277 64 4490
1 4397
2 5132 9917
1 3678
0
1 5947
0
3 7752 678 166
6 8633 4400 5821 7465 5940 9899
3 2164 1604 6844
5 5811 157 7040 7174 8495
2 9620 7455
4 5136 2058 8151 6964
3 7988 4760 1489
2 1328 866
2 8259 6839
8 6203 9986 6002 6048 7282 542 1081 7428
1 152
4 1552 2068 2139 1189
1 294
2 1296 8829
4 4687 6158 3072 3972
3 110 2748 2910
5 6485 5494 3606 6360 8003
3 5305 5705 5144
6 8547 5374 8560 2073 948 1345
4 9185 2324 4718 3750
1 3671
0
0
5 7796 6388 5773 2240 8586
7 5826 4148 9327 393 4963 8069 9199
4 1413 766 5662 3290
4 1893 7851 7168 5616
5 4816 8657 1605 9870 5512
8 1696 6826 4173 1025 7189 3959 9816 421
6 5936 8877 1649 2092 1826 6749
2 5211 9842
7 8728 6990 4919 5807 6358 891 5493
3 3121 4666 4634
3 4563 2674 1072
1 2317
3 8442 5870 7090
4 9176 3908 9056 236
2 3930 2606
0
5 8739 3630 4686 1234 1926
2 3416 5030
1 8733
0
2 8355 6167
3 9533 5134 6468
0
1 9823
4 6021 5489 4168 2263
0
4 9875 6853 9484 9770
0
1 1830
0
2 4642 8502
3 8702 7293 2643
2 4264 3260
0
5 4415 6927 3273 5575 2256
2 9861 7528
2 6900 1967
0
5 8804 4765 6144 1044 4269
8 9510 1557 9300 9012 3113 7467 6487 3676
3 501 5375 8433
4 2910 5878 9534 8127
0
6 659 8435 5846 9274 3878 5844
0
3 9038 6461 7161
1 5347
0
5 6454 8205 875 776 3328
3 5940 7707 2676
2 2742 5919
4 3986 8866 2829 9353
0
6 982 9591 8553 1954 3560 4152
2 6205 8879
4 6070 6262 2096 2446
0
1 4457
1 625
0
0
5 6096 2013 329 3938 1327
0
3 6282 5676 2675
1 6654
2 4304 2041
2 5822 641
1 2635
7 8474 1475 8877 3140 2353 4764 880
2 3459 8545
4 9465 8862 6027 7643
0
4 2693 6048 3592 3458
3 8970 6204 3193
1 7440
1 7640
3 8844 5105 6231
4 4873 6965 845 8615
2 9961 3119
6 7913 7081 9654 9182 7358 194
1 328
2 2310 2826
3 5919 8220 4619
0
0
0
0
0
4 9759 3220 3902 1944
2 4753 2227
4 1295 2620 9317 6627
5 2858 239 4664 6616 2964
0
5 6415 1630 9449 6342 9388
0
4 5868 963 6646 3193
0
4 5916 7118 2541 2667
5 1268 9455 2377 3280 947
6 5618 6657 419 1426 3565 7113
8 3179 1463 3 6322 1022 9897 1860 2337
1 7815
5 2507 4212 4695 7303 7543
4 2860 2961 6455 4715
1 9579
5 6423 8654 8350 1046 7070
1 5651
2 80 3869
7 1939 3642 1595 1809 8282 2674 2743
2 7043 3674
7 974 1660 7956 8234 8568 2763 155
0
0
3 1849 4603 9319
3 6230 7676 9319
4 5818 8804 5564 8410
1 4820
0
2 4566 6178
2 4972 8117
0
2 8582 9653
5 1651 811 8587 536 2296
4 4801 4921 5421 9764
0
0
6 6245 5712 6577 9432 3083 6287
0
1 290
1 4841
1 2136
2 8363 4023
0
4 5243 4477 3162 5796
1 420
8 1101 7056 1575 6261 721 7575 5003 5722
4 1924 7995 3641 1507
2 6991 7289
2 4490 1099
3 7267 9424 6159
2 9714 8831
1 3905
5 7336 8449 5084 2966 1948
3 6008 4068 6166
1 183
3 4811 3139 9012
6 2510 8392 3777 2029 1224 646
2 2870 1479
0
3 4829 5397 6687
0
4 1241 2863 7418 8951
2 1368 6710
8 5268 4729 9789 3751 5013 6050 5314 5533
4 502 9909 2831 4438
3 2269 9958 3995
3 7284 975 3763
0
3 6667 8546 8918
0
4 838 2446 7078 1682
3 5882 4606 4921
1 8227
0
4 6287 8359 1556 3946
2 6611 8621
0
4 8942 2588 2004 4378
0
1 5766
0
1 4678
6 2297 4073 1039 7312 837 4048
3 9177 8120 6334
3 818 4106 8414
6 3278 1948 182 2977 5327 345
3 2936 256 2292
3 8585 4681 2045
2 6524 2398
0
3 3807 5665 1307
2 2554 7045
0
1 4025
1 6772
2 2264 3667
1 6363
4 177 1356 8076 9268
1 2569
0
2 6586 7417
5 4751 8489 154 9968 3160
4 4479 2980 1432 3325
5 1226 2852 1588 4371 7000
7 765 496 6640 8202 9023 3807 8038
2 4136 8207
6 9041 1893 6933 3063 7291 862
6 968 2570 3422 7988 9115 8610
4 6248 578 7222 6127
1 8764
0
4 3195 1239 2181 2937
3 2105 1975 3121
0
1 4357
5 1275 2871 87 9954 4369
2 8426 3149
2 7947 235
2 7652 1188
1 5457
0
0
1 1736
3 5520 4479 4842
0
6 8459 7521 5252 6608 7744 268
5 2010 5995 7546 6594 5561
1 7246
4 5428 9119 439 646
4 7085 8580 6776 3285
0
1 6626
1 8918
10 8437 9760 1917 1499 42 6384 3194 6573 1913 6989
4 652 751 1717 9947
1 3525
3 6187 8471 934
0
0
0
7 5548 7442 8977 2404 4257 6305 3597
3 835 1725 6763
0
0
0
7 5258 1337 5641 3194 9370 2189 8968
1 5457
0
1 5306
4 8509 1192 3382 6802
1 6257
10 3564 141 1691 3944 8469 6418 6714 8083 6621 4388
1 650
5 1518 4122 1638 983 1634
3 9178 5957 3070
1 7645
4 524 6666 1568 666
7 6124 5538 5514 18 6592 3783 5084
1 2483
7 4211 400 796 8832 6210 2978 1180
0
0
1 1529
1 5721
2 7600 1456
2 6288 1099
2 9755 5043
0
4 5215 7158 3475 117
0
4 4917 414 6050 6964
3 9178 9499 395
5 461 6964 8007 7576 280
1 1762
0
5 1309 9855 9804 8305 559
3 624 7034 2090
3 6527 425 222
6 9109 6729 2449 4254 6146 13
1 3838
0
1 2727
5 9877 8850 377 1682 7812
7 9557 7772 7733 2339 2101 2521 1885
1 4489
1 4390
3 4709 2934 2870
0
0
0
3 2237 1089 2782
3 2209 1439 6944
3 9736 4682 834
1 5728
4 7858 9739 7757 5272
3 7526 3048 7591
5 3757 2127 2421 6516 713
6 8995 8251 9425 1497 5573 9855
1 4963
7 7722 7331 6343 5217 9068 7065 4969
3 4699 7646 560
3 3126 8474 4138
1 1665
2 738 421
6 319 442 7591 2333 8378 9742
0
2 4592 778
4 6278 9530 5308 1931
3 2362 3880 1528
6 9216 9980 7286 6352 3056 8632
1 209
0
2 4963 5375
0
0
1 813
0
1 4317
5 9909 8942 2505 9073 892
0
6 4087 6888 305 2427 3780 4323
2 12 9865
1 2046
0
4 5440 8431 3358 5508
4 2019 92 8764 4341
1 1242
5 724 3976 9640 9362 7234
7 5186 9000 8292 4458 2160 5614 7811
4 6814 6754 1122 2290
2 4510 2708
2 2148 4178
4 5477 3884 9736 152
3 2054 2471 9020
3 2661 8995 8064
2 1740 7361
0
2 1510 9795
0
1 780
1 2134
1 4791
1 8776
1 3043
2 992 9605
2 451 3439
1 4726
7 3374 9449 4760 4274 4956 4280 3656
4 5952 9484 7351 4662
4 7028 16 9412 6094
0
1 5492
0
5 2173 4639 3110 1887 299
0
0
4 9427 9522 5298 4684
1 2739
4 2490 2935 8169 7159
2 6537 8964
0
3 30 8574 803
1 304
5 899 7125 4577 3082 4182
4 6002 5427 3326 8900
2 1008 530
2 5069 7616
4 5980 3242 5001 3777
4 4318 4171 3458 2911
1 4581
1 5920
0
1 6768
3 1145 5566 574
4 9741 7370 504 9124
5 9999 8266 322 7289 7969
0
4 9445 8253 8079 304
7 785 6111 2992 7568 7000 1750 4992
6 1466 6928 9415 1155 6171 2440
1 6483
2 8000 1266
4 6236 7442 6623 442
3 3923 9169 7280
3 6122 8438 3657
0
4 1828 5917 4220 7348
1 2597
6 7896 4628 8313 6663 3047 6134
4 143 4801 3233 3380
3 1155 3184 6624
2 7316 5389
2 2702 5721
3 2818 1287 4084
0
4 6177 5716 2986 6588
4 7515 4788 3950 237
0
0
5 7117 4156 5575 4102 1238
4 4099 4061 1396 3798
1 415
0
2 6314 8071
4 3216 4688 5224 3118
2 5789 1665
4 1661 1800 1242 7387
2 72 9123
3 163 3227 5554
0
4 4442 2170 3214 4810
0
4 8757 5162 6960 3741
4 6201 7052 1330 9875
3 1421 802 8776
2 3971 8986
0
1 8399
4 6295 7098 133 1090
5 517 8314 237 1407 2110
3 6067 6538 9784
0
4 2882 6870 1627 7784
5 9752 2648 1327 379 1116
4 4977 8835 273 9591
4 1562 9549 6262 1075
3 2148 9058 3407
4 1309 5455 2805 6116
1 4228
1 2413
0
0
0
3 2653 2131 3643
0
1 3698
0
1 3453
0
2 5169 6513
2 359 797
2 2150 992
1 8922
2 6087 3885
3 3333 4753 4932
3 1384 3446 6976
5 2914 710 6421 597 4301
1 5418
3 5105 8806 4856
0
0
4 4920 6563 1920 1225
1 5975
0
3 1387 462 3504
1 3938
4 2787 8544 5750 5172
2 947 6437
0
1 5892
5 3804 4355 5480 9137 6661
0
3 2626 9934 4409
4 5111 4638 4311 2413
3 5390 6725 3216
2 3605 8368
1 9044
3 3199 5137 4034
2 5540 6524
5 6372 4198 6790 4719 3610
5 9147 5808 8601 6732 7851
2 5863 6423
3 2885 9078 502
2 5574 4846
4 3692 9054 4549 6662
2 9563 5717
1 9048
1 8041
2 3684 8512
1 694
0
4 1639 1122 4628 8621
5 7490 2641 6766 8359 8122
7 628 7851 8336 4397 8095 2466 5004
1 8225
1 3640
4 145 4567 1472 3965
3 6207 4571 3651
2 748 8280
7 9714 8740 695 2965 889 3763 6706
0
3 3440 1919 1949
1 559
5 4202 4788 3640 3881 9948
4 6083 8626 9353 2647
1 1772
9 5920 9769 1979 1961 6685 5791 297 6845 8221
1 4665
1 5540
3 8691 5465 1703
0
2 2413 2809
0
0
5 9906 4542 4611 1301 534
2 8912 9570
4 2019 3441 5338 433
0
0
1 7706
1 2099
3 9486 5834 6537
1 8590
4 8157 4458 7199 1605
2 8580 7514
1 1950
3 5463 6157 47
0
0
4 5872 4345 6921 9162
0
3 7368 6771 8199
1 2264
2 4424 8875
2 6525 936
1 8762
4 9859 8392 7597 2314
6 9769 9494 7873 6025 5638 2935
1 6619
1 438
4 9530 3003 172 8547
6 4957 7614 7343 9294 3455 6184
5 8217 8900 4750 7331 5354
4 6367 872 7312 9304
1 1795
6 5837 5872 1679 4014 5091 5367
4 2785 3845 1351 2319
4 8509 5477 1501 3079
2 530 599
3 4560 2321 4107
3 9710 9866 3474
1 1354
2 5105 22
4 560 8992 7 6667
5 5428 3593 8032 2676 3016
4 4211 3358 2923 2201
0
2 7312 2816
2 2647 4856
6 2967 2431 3061 4978 5874 5965
2 3076 2442
0
0
3 4096 2173 1889
6 2511 6555 8122 2949 3910 2363
1 8225
4 3213 7309 4570 8062
4 9045 422 9754 3768
6 8498 8739 883 294 4921 988
3 7559 7431 8842
0
4 8667 8790 678 8545
2 5045 1963
4 5862 4182 91 1111
2 6698 6573
3 8518 3287 2891
1 9769
6 2764 6279 9891 7216 3539 2572
5 3769 1360 5165 5216 8218
8 2465 3528 6301 4970 4793 743 3652 3369
2 6855 9215
0
2 2809 9786
3 3417 6928 7466
0
1 3912
0
0
2 9074 2545
5 2269 8086 5556 4315 4676
3 1601 5038 8219
2 3240 1518
3 3484 1296 3736
0
4 2863 6038 2734 8290
1 1563
2 9961 8508
1 6607
5 8677 4261 7877 8294 7470
1 4157
3 3214 4974 9277
1 4010
0
2 3983 1878
1 2880
2 8234 3683
6 8806 2907 744 9482 5374 7378
0
5 1150 3557 4445 8717 7804
3 4905 3906 6763
6 3329 7486 238 1825 5943 2867
3 2525 8362 2568
3 6413 3065 5494
3 3218 3749 32
3 9608 3479 8350
3 3533 4474 3859
4 801 4489 6763 4664
1 1134
3 3475 8516 6600
0
5 6548 3648 1390 8511 6139
4 294 299 9635 7845
7 572 636 2382 4620 7826 2718 6770
0
0
5 981 4134 9585 555 6165
6 8348 2730 6686 4758 1955 6334
4 1971 9679 8099 2166
5 4709 9 391 7492 1590
3 8844 6991 4053
0
2 8601 1419
3 9943 7104 8691
3 5335 2762 376
6 9725 8266 7658 1654 7824 141
1 6355
3 2019 5295 434
1 4965
1 9123
4 7993 140 9616 6763
0
1 5544
4 1129 8702 7773 4447
2 5276 2681
3 3464 1335 9512
3 8239 7154 4460
3 2414 9903 8378
1 3988
1 4040
3 7846 9145 3973
2 1460 8493
1 2701
5 3598 7354 6949 6935 4676
1 8321
5 5585 6566 891 9749 8432
1 2329
4 2973 1651 8359 6620
3 4377 6402 696
2 3287 8199
0
3 5717 7755 9076
3 3602 3666 8114
0
1 4953
4 5228 4920 6187 989
2 8000 1651
6 5701 6862 3338 1476 2760 108
0
0
1 2028
0
3 3923 2206 3540
2 2328 936
5 695 1843 2008 3934 7581
0
2 3628 3026
4 5173 4170 4072 2592
3 8898 4321 4241
1 6029
3 8392 4822 8274
3 5961 8361 8918
1 1529
0
2 8061 6348
1 7373
1 7319
3 7564 4583 45
3 6361 3779 1544
4 647 2429 7077 8084
3 1133 6105 2855
6 3916 5030 1335 2525 9166 5172
2 2198 8495
4 3951 3987 740 3656
4 2895 2843 5957 4148
6 9951 8250 926 3974 3198 2042
1 1884
0
1 1451
2 334 8935
0
2 1772 6619
0
4 7272 7518 9536 2965
1 4631
4 6087 177 5403 3852
1 9031
1 1003
3 8058 8518 3524
3 8663 8799 9351
1 855
3 5199 8572 7103
0
0
2 7196 1696
2 7921 6466
3 7571 1498 5920
0
3 7679 3877 4435
3 9454 9192 897
3 749 4866 8296
2 7113 9139
0
0
3 3214 3609 9579
6 8219 6093 8398 6714 9119 6641
4 9758 2256 439 423
2 299 4950
4 6715 9117 7595 5968
3 6300 9362 4791
1 4072
5 8443 9508 5347 9485 5007
3 8988 73 2852
0
1 6715
0
5 8070 6644 2447 2730 1321
3 1662 7488 4559
3 942 8737 7696
1 1901
3 138 6922 1147
8 9070 6965 9154 8154 1207 4111 400 7308
1 218
2 6029 3841
0
3 9982 1822 2865
3 182 8258 3240
0
3 1769 7712 7844
6 2935 7296 822 3750 1135 9268
0
0
2 2536 3552
1 254
2 8196 7858
4 500 2252 3171 1367
2 357 2970
8 5972 8228 6840 4021 9854 980 3390 2783
6 454 3936 7232 9923 9436 7094
1 9369
1 9074
4 6637 4223 4817 1896
1 9100
5 115 4636 5603 7372 499
0
1 4932
5 4773 7708 3342 5980 7423
0
2 8445 965
4 6512 4844 4359 3159
3 7061 7190 3575
3 6524 5285 9034
4 878 6854 7516 3785
0
0
4 1822 2854 3421 6423
1 583
2 95 6135
4 2066 8205 1555 8438
9 9145 2091 9556 9998 8102 1203 1724 9312 9475
1 1639
5 7411 6150 8791 6566 8668
1 3718
3 2697 357 6320
1 1992
0
6 4972 8364 277 6618 5103 7858
0
4 2868 8585 4841 8357
2 3167 1920
1 253
3 7039 8874 1451
4 1601 7303 3453 8837
3 9314 1531 9981
3 7364 8391 3677
3 6652 1868 7795
2 7020 5875
4 6977 4089 5794 5931
0
0
1 4414
0
5 6501 4324 6285 4735 2436
0
3 7063 8332 6039
4 4456 9186 1480 3633
3 9676 6472 2700
5 602 9035 6573 2585 9073
2 1935 3030
2 4954 5151
3 7473 483 3385
2 7170 3105
4 7448 2952 9388 4963
0
1 51
6 6785 1061 8551 4827 9150 2219
1 3059
0
1 88
2 2178 5336
8 8027 2188 6335 7756 7664 2611 1632 6677
1 7534
0
7 8360 1917 5253 5619 1722 3927 488
2 5742 4150
4 5630 9009 6278 9929
2 2034 7861
0
0
1 8312
7 7773 6754 2924 9648 380 3227 3423
0
3 6384 622 4179
5 6621 8652 4955 6455 5169
4 7978 4387 3069 3050
3 3723 9315 4593
3 9065 6248 4670
3 6027 7010 9246
0
0
1 4613
0
4 4076 5205 2553 6994
1 3367
1 6307
4 1880 2745 2101 541
4 2634 6497 7371 8199
4 1447 7057 7388 5947
3 8225 764 3222
0
1 760
5 2174 1146 6437 2150 9238
1 6929
4 242 2701 3497 4456
4 707 6716 8689 1068
3 9477 2319 8222
1 1266
0
2 832 9246
1 4858
3 327 8113 7589
0
5 1066 7287 1278 4680 2773
2 9951 9532
0
7 5390 6659 7080 150 5796 6133 3921
2 8225 8682
3 7263 1314 1255
1 1427
3 8233 5697 5463
5 6788 5532 6620 1551 684
1 7842
0
1 280
5 5921 3202 155 4269 4164
0
0
0
3 3167 1419 6438
3 1787 7415 4760
2 9412 8319
0
0
6 1827 256 8774 7539 2955 2798
5 9968 1861 510 551 5872
3 4132 6576 8776
0
4 5473 5454 651 1489
3 3307 7142 9916
4 3307 201 7274 7347
5 6031 1140 7331 2310 348
4 1430 3321 4083 2052
4 6028 5149 5959 3341
1 2242
2 9553 7094
1 3671
3 6329 1835 679
3 7252 6748 8315
0
2 6871 1561
1 5547
6 4061 700 273 4719 2490 2034
1 6952
2 1659 829
1 2514
2 8633 2031
2 562 6232
4 2374 8872 6075 2272
4 7709 7012 4624 3495
0
2 665 9602
3 4682 5170 9589
0
3 4648 3757 7214
1 9018
2 3647 8583
2 8388 761
6 6147 9793 5308 2708 4125 1881
2 8138 8753
2 8314 4709
3 4302 1377 1746
4 7735 2269 1692 7005
3 8167 3538 7440
2 5124 2379
2 5708 8726
2 9020 6594
0
2 5387 4404
2 6032 1698
0
4 584 6215 695 9906
2 6344 3789
7 6094 128 4073 7367 8843 8324 6824
2 4937 2519
6 8435 7728 715 1160 776 115
0
1 530
1 2314
6 6605 8163 7316 6336 2821 1739
6 8172 8916 6736 8120 7363 9419
1 2493
1 9413
0
1 3656
2 2521 7003
0
4 3647 5630 2341 7511
6 7598 9617 7688 5029 7885 4583
1 5746
4 9324 3091 89 5083
5 3503 7799 426 1687 4702
2 2312 502
6 6412 7787 2209 2625 4079 4391
0
0
3 8540 8307 1
1 3015
1 4010
4 6790 8194 8352 7351
2 1444 5378
0
5 9464 6918 1239 6159 9423
3 6344 6433 5658
0
6 6042 9804 9669 6407 3042 3806
0
1 1998
1 8056
8 1803 1587 948 9034 3503 9915 1214 9479
0
0
4 5068 4486 5747 6053
0
4 7789 9111 5742 1398
2 7134 5223
0
1 2763
6 1464 2383 8540 9415 8581 8738
2 3916 1383
2 4846 9793
3 112 1315 3402
6 3644 5320 2423 6737 4681 7118
2 6203 3024
3 7946 9900 9979
2 6108 4265
2 7080 5367
2 1114 5065
0
3 7954 6317 4594
0
2 3880 8266
1 4342
1 8280
6 7922 9057 2658 1621 3635 8408
7 6728 962 2551 3271 9570 299 5786
2 8669 8821
4 5715 557 3263 9110
5 2283 9035 352 5772 4687
0
4 641 80 5305 8186
2 3717 746
0
0
3 2031 3547 283
6 390 6031 8378 160 2178 2988
2 7268 157
2 2004 5438
8 2150 1954 9987 8917 1921 4237 6081 4557
1 5763
2 360 1187
3 2446 8114 5864
4 9762 4929 5252 7215
6 5027 6621 4099 9810 5858 9798
6 3217 1321 8461 2820 5117 9002
0
5 9503 4990 6991 19 9063
3 3676 2538 2024
5 5772 654 4027 268 1728
0
5 1463 4 2909 6133 815
2 530 2000
0
5 1533 4606 5495 9194 4237
5 2447 782 2435 1780 3580
3 5078 2980 5756
0
0
0
6 2315 6988 7898 8964 1283 8569
3 9121 2975 9948
3 406 5040 6381
6 1466 3364 1780 8561 7729 4517
5 9161 7008 2205 7613 7045
5 4228 3491 3370 815 1635
4 9875 9062 4615 8184
1 424
2 3315 7880
4 6856 7409 8796 8007
3 9750 6955 4177
1 1093
1 3270
4 4134 1927 8058 9440
1 7557
5 7627 7638 584 5775 8836
2 9380 424
1 5894
3 1309 3280 5929
5 796 7979 180 882 3698
1 1414
2 8590 559
5 7867 2214 3608 2780 2985
1 4228
2 8368 9045
3 1579 112 4951
1 1318
3 6439 2883 2908
0
5 5313 3922 1350 2817 660
1 9086
3 7275 5400 6082
2 2023 8623
1 5098
6 6588 7217 922 1242 9765 9027
4 1496 6030 3513 7718
7 1660 1495 5720 4820 5113 8385 3448
1 9710
2 5052 6393
6 5442 1012 7433 1048 7449 1664
2 4181 9069
0
1 4151
0
5 668 2591 2667 340 4573
5 1367 202 8241 4578 1280
0
4 6769 6832 3828 3642
3 6149 137 1508
1 4078
4 5503 3248 1830 3887
3 3209 5513 150
0
2 748 9375
2 9423 4522
3 6287 3657 6827
0
0
2 4972 6673
0
2 1003 859
0
0
1 1676
3 1077 7192 7527
1 7971
4 6647 6482 1090 6281
0
1 5633
2 1173 2460
4 3688 1208 8435 1293
7 8336 5288 416 9435 1795 370 2480
0
0
2 4210 7103
4 5035 6049 7431 9934
3 2475 6467 8271
2 4400 4847
2 9188 9631
1 4788
2 1736 396
3 3054 3740 9644
3 1272 8926 6494
0
2 6977 5294
7 615 1730 2588 7198 8741 7263 7902
3 8442 6962 5823
1 4865
4 254 5587 6332 6958
0
7 4574 7735 2884 7728 3669 3798 4083
5 7070 7895 1546 9903 6667
0
5 8980 3820 2076 1583 6414
1 5255
0
0
1 1589
0
3 75 9036 2840
3 6941 9811 1637
1 8426
4 7156 1939 8305 4185
1 2741
1 5763
2 4839 6794
2 1637 268
1 9291
3 3196 4708 287
0
0
0
0
6 4059 1818 883 5606 7855 1786
1 1145
4 9278 4296 2158 7492
0
1 4189
4 3593 4806 1211 820
6 90 483 4706 3991 8105 7038
1 7471
1 2439
2 8409 8070
4 6583 9246 3090 5726
1 376
3 2890 1062 7106
4 9081 5152 5708 1523
0
4 7261 5848 404 8862
5 4816 5172 1638 752 9847
9 8515 5026 4371 7760 3464 5696 321 8691 2208
0
4 3177 7687 9315 625
10 1564 1319 6405 5696 4283 1209 1115 895 3986 3966
1 4651
1 3381
2 5408 2351
2 3227 9792
4 9427 9276 3765 2778
0
4 1648 5243 1126 2494
2 3680 2807
1 2303
3 1415 6921 2900
2 9589 3365
2 4810 1439
1 5453
3 9668 419 5023
0
0
4 1534 6336 7445 1402
1 8326
0
2 9864 9770
0
2 7242 161
6 7773 4029 2635 1573 5962 5862
2 4910 8241
5 7935 7525 3958 1775 8122
0
2 4749 5435
2 7847 2748
1 4851
0
6 7850 7439 2009 5782 1204 8412
3 5455 8435 9541
3 7846 5591 6587
5 6168 8373 438 7417 3916
1 5262
1 9180
4 4771 4682 4735 5556
3 9117 209 807
2 7246 7493
1 6642
1 5818
4 5698 96 2487 6950
0
3 4368 3678 4087
0
3 3474 186 4118
4 2607 2968 8587 4678
5 3364 6310 8416 5134 1417
5 5387 9078 11 778 4918
0
0
2 3467 736
0
3 515 3718 2280
6 5212 6829 5660 7892 3077 6519
2 1807 2931
3 976 5874 4768
5 3959 2237 2852 6911 3046
3 2895 7129 5305
5 3517 2502 4925 1822 7871
1 5144
1 6724
3 8409 7 3083
2 1949 8985
0
0
1 7995
3 1309 3941 8379
5 2141 7156 4466 1135 2596
3 3061 3342 3390
4 2034 507 2985 4988
8 5716 6046 9252 1680 9199 9086 6414 4611
2 8519 5707
1 3547
4 7647 1171 2519 2778
2 1318 9105
2 4399 1983
6 2957 4445 4600 3459 44 1067
1 3678
3 4643 4897 3465
6 9023 1682 3307 4476 2635 9556
3 8912 9140 8469
5 2962 8256 5774 4210 8942
3 3555 8942 2550
0
2 1551 8301
3 7604 1880 1140
5 1345 1500 4662 5570 4277
1 1324
0
5 6122 8102 1262 8309 6788
3 3852 6220 7109
3 5224 3448 1029
6 8731 2798 2038 4170 7707 215
6 7504 2739 2629 2705 6913 1260
1 6879
1 6410
4 82 8673 98 3085
1 5362
0
3 3868 2643 2260
5 1297 8694 6402 306 5200
2 2492 1239
2 1389 1177
5 9309 5051 9364 8248 2515
2 4611 6348
4 2098 7874 4969 4723
2 3336 8661
0
1 3466
5 7042 9225 5419 5647 1915
4 2566 7465 9880 371
0
2 3381 2128
0
0
2 530 4055
1 3430
7 1912 7027 8720 3039 4190 5155 1687
3 1112 8217 7544
0
3 7850 6091 2600
0
0
6 5208 6579 1781 3002 4569 3417
5 843 7190 3533 3723 5422
1 6643
5 4591 398 2290 8424 2137
0
8 7353 2875 5523 6194 2129 3574 3763 3867
4 7102 8911 4929 5162
5 8321 9380 7838 3141 2471
2 809 640
2 56 2569
0
4 2240 1363 4978 26
1 5955
1 7578
3 9651 5643 629
0
3 2040 6559 1508
0
0
0
2 7669 6692
3 7497 5407 9401
2 2694 4946
0
0
1 8158
3 6414 2184 8172
1 5588
4 3646 2245 225 8638
0
0
1 2371
2 1518 6890
3 6305 6182 2753
2 537 6127
5 331 4514 4014 5085 4601
2 9837 6866
0
3 8841 6394 103
0
1 7114
2 1992 2678
0
5 8262 9409 3538 106 8997
0
0
5 9980 1541 2522 9315 100
6 3048 6663 2514 3784 8250 2805
5 3898 951 5294 4379 9728
0
2 6355 6046
2 3479 7071
0
1 6262
3 3753 5083 3506
1 2004
2 5497 9142
0
1 4331
4 4974 389 5387 7254
2 334 5778
0
6 4628 483 4624 5612 8300 2993
3 8747 29 2738
2 5376 3461
5 4179 6466 4417 3340 9417
4 2100 9399 3973 4898
1 1680
0
3 869 1324 4022
0
0
5 6324 8274 3117 1975 4170
2 5980 2011
3 6172 9780 1444
2 4910 87
2 2068 855
3 9935 339 2924
6 8723 9790 9733 7259 1206 1598
0
2 9841 6656
1 5411
4 3754 3525 205 6037
0
4 6127 8553 265 7222
3 6581 4699 5174
2 5343 2909
1 7122
3 2123 7727 7643
0
0
0
0
6 1142 5388 9684 4201 4103 57
4 530 5407 1651 6844
5 7842 7997 3246 2662 3228
4 5714 6483 9202 5399
6 9328 2939 2093 7521 5934 8626
1 2978
1 9903
5 1279 9300 5863 1581 3437
2 9946 3939
2 2321 9438
3 2264 9725 4954
0
1 9579
2 1640 752
4 69 5301 9007 8157
0
0
6 3155 8007 7126 797 251 3378
5 4475 7779 9765 2512 3557
6 3587 5712 9470 8734 3397 7322
2 5022 6257
4 8251 6008 3995 1831
2 8051 2572
0
2 9058 294
1 3413
4 5308 5639 285 7113
3 5155 4439 3954
1 1014
3 8215 5241 213
2 2527 8572
0
0
0
7 6204 8434 4040 3897 9977 8170 836
5 1864 4052 5982 6621 8903
1 1133
2 9967 2757
1 6410
2 6008 4147
3 6140 6161 7468
2 3831 23
4 1209 6958 7400 9169
0
2 2404 8681
1 7838
4 9670 8537 2566 1747
0
4 3607 76 3888 6969
1 6129
1 962
2 3060 5006
2 7729 8922
3 3240 5282 9412
5 2173 6772 6628 8551 3971
0
0
1 3787
2 3644 6224
0
8 7842 6829 7594 9352 920 982 6302 4736
0
1 4302
1 1300
2 9277 5157
1 8336
10 8053 7655 8801 6167 8859 7972 5402 4606 3010 3987
2 5495 8629
5 4419 8531 7646 4802 5706
0
3 7249 9022 1240
8 7553 3986 9619 2741 7137 7479 9922 8283
0
0
3 204 9627 8301
4 6960 3451 5460 4698
5 8561 5240 7902 3924 9340
0
0
4 5788 2900 6844 8744
3 8256 3846 268
2 752 8244
4 7312 9076 4381 9932
5 9385 6911 4269 576 9877
6 1145 7545 5513 9149 1682 5317
2 1588 8896
2 8425 4491
5 3358 6952 8487 2332 5098
0
5 6863 7961 621 7629 9643
1 6406
1 1090
4 6076 6427 516 3450
5 5970 1292 8118 9470 1149
4 4922 3256 9185 9980
0
5 9001 3689 8287 3356 36
4 6572 7 8137 1088
4 5651 9394 2409 8445
4 4333 4709 6851 2093
2 8623 1772
3 9554 6541 1761
1 983
4 7779 9179 8212 1602
1 4002
4 4545 4253 2541 2457
3 6378 2460 3877
3 721 5736 3688
3 8071 6354 5388
1 3688
4 3788 3343 9977 5508
0
2 160 696
0
2 1722 468
6 7964 453 9138 3233 5683 3981
2 139 9303
3 4993 3439 4495
2 4721 6862
6 6175 5806 3686 2813 7092 916
6 8002 8787 7630 5058 2884 8242
4 5589 8242 988 2363
1 7919
1 794
1 2533
3 8270 3524 9567
2 9368 689
2 7280 4427
5 4628 5884 1583 1432 2069
2 2450 2629
6 8364 5264 4506 3213 9650 9731
0
7 3740 7215 682 6365 5160 5769 3003
5 1549 986 5605 3424 3947
3 2370 4302 5685
6 2778 8442 7107 1980 6092 6076
2 4978 9747
0
4 4723 8669 7481 9795
0
4 9838 5695 8683 4593
2 7506 3106
1 6355
1 3838
2 7786 4349
0
2 3412 4641
4 3026 4189 2046 3717
0
8 1996 7041 5758 7711 7370 699 3306 6713
5 3342 7260 6214 5002 6936
3 718 2455 9196
1 8295
5 2141 6538 7406 1634 9506
8 902 9588 4539 7899 813 6955 7576 6346
1 455
1 9198
3 6326 7312 2347
2 7077 4595
2 8855 847
3 1973 3314 3658
2 6911 6824
5 5990 7099 1933 7406 4535
0
5 4235 5068 8718 6732 8052
4 3070 8666 3035 484
1 1812
4 9546 7667 5283 4223
1 9104
8 5140 829 5673 1564 7673 4562 2501 7018
2 7053 3686
3 2909 549 8442
2 6814 8028
1 1902
2 4904 4692
0
5 1354 9277 8658 3532 6475
9 884 5011 668 2700 6014 5125 6528 757 5061
2 3352 1551
3 5349 3914 6421
3 3734 3716 8048
1 3893
1 8695
0
1 792
0
1 7165
1 9121
0
1 8414
2 6135 7962
1 1266
0
6 5310 5848 9384 5597 3890 9638
1 389
2 1375 4104
2 5413 7135
5 1552 8944 6298 9241 1806
1 6571
2 6316 8345
2 9028 4578
2 4598 9105
0
8 2953 8526 2488 8152 8654 1602 2944 7961
0
0
4 8773 436 685 8462
1 2965
2 7456 1360
4 1080 6759 1042 3900
2 8738 882
0
0
1 2938
4 1733 9131 7738 2477
5 2297 9798 8667 653 8018
2 9436 3474
2 3892 7140
3 429 1508 8998
3 9183 4293 6939
1 1573
4 1447 8406 1411 2099
4 6197 1407 3538 6603
1 4282
2 9745 1634
5 3507 617 3630 6446 2095
3 2624 4202 5810
1 1296
1 9643
1 5848
2 7532 1029
0
2 2201 5211
0
7 4790 7853 9631 2933 7436 2659 6135
1 1696
0
1 5636
0
3 4178 801 5578
0
4 2980 8205 8199 7616
2 3281 8248
4 9855 7135 2730 7423
5 8555 764 1336 8088 3105
3 3355 2033 330
0
1 7977
2 5172 4601
3 7474 9749 1567
6 3945 4584 9140 8934 768 3347
0
1 4060
0
3 3072 330 2044
7 4160 6528 8696 9079 1886 2752 3715
1 1084
5 2866 2328 7829 9594 1863
2 5976 1615
5 9570 914 6467 2130 3360
3 2362 1674 4451
3 3364 6297 3464
6 2477 8342 841 2577 5846 8481
0
2 2891 7086
3 3391 7697 557
2 5221 1979
0
1 3270
4 4825 3020 9889 3392
0
0
0
2 6874 7196
8 2597 5846 3423 4517 920 8979 6061 4052
5 9755 6618 9841 3247 8421
6 199 7895 4372 8462 4865 8291
1 2213
1 2141
2 4065 3717
1 8138
6 8547 9710 5929 7517 7419 6949
3 8739 4481 8989
0
1 2556
11 3748 2114 9946 9034 2450 9425 6136 9506 4621 2400 2928
4 6161 1163 6085 9530
3 900 9643 7428
2 891 9663
0
4 4791 5803 7865 5458
3 5744 6648 6903
2 4852 4176
5 2363 3038 8774 8269 4329
2 4907 3485
6 2995 7953 5947 538 7139 4160
0
4 8869 3270 6742 8860
0
1 768
0
0
2 5712 185
1 1320
1 3990
5 3594 8688 3068 2844 9268
3 5817 540 9235
1 7603
2 5535 8961
2 6508 5970
3 7034 3207 2083
0
2 8308 7293
0
2 4283 870
0
1 8900
1 7788
2 8609 7092
4 4498 8564 3762 6528
0
8 3325 158 4759 5885 4681 2193 4905 1832
10 3240 1467 1407 2197 7590 9694 1076 2497 8442 6787
1 6255
0
3 1566 4055 6649
10 3292 8007 2826 9785 6927 3621 3380 3139 3683 102
4 3416 3261 9114 3013
0
2 2289 2368
10 5609 2697 2839 3638 9822 3750 1232 1981 9974 7666
2 5300 8186
3 5636 8747 1882
2 2162 2437
1 1455
1 8071
0
8 9439 9203 4057 6234 4246 2928 9516 2932
4 5716 1416 7296 9946
5 3625 2705 6049 7306 5907
3 2310 2928 9147
5 1733 1561 4454 7239 2056
2 4392 350
4 9420 5214 6962 1514
3 9655 9048 6973
1 4262
0
1 1657
6 9690 6650 9257 2042 3024 2901
1 5084
5 6129 5888 5264 4753 5111
4 6322 3777 2136 1333
3 2038 899 9559
2 510 2749
5 3761 3079 4235 9976 733
3 1054 1633 6719
6 5977 2950 6426 6017 3978 3133
2 3697 3681
1 3436
6 8481 298 3121 5860 5940 7977
4 6265 8430 2885 4302
1 9275
4 2047 4061 4793 8630
4 4143 8739 436 5879
4 3000 8423 6297 2688
1 2521
6 2166 338 5451 8927 2999 9386
5 9817 5705 3951 9962 1660
1 7053
4 8652 565 579 6306
0
3 6019 6771 6626
4 8220 3118 2941 8526
0
1 1334
3 3560 87 3015
0
7 9956 7773 34 5341 1346 6003 6553
4 2368 4985 1034 1371
0
0
2 2788 8604
0
3 2891 8773 2138
0
3 9193 976 7805
1 3464
2 3905 1992
0
0
2 3636 6571
1 6784
0
2 4907 4974
2 7659 6983
5 7131 828 8856 3426 2839
4 5502 6657 4851 7991
0
1 2158
6 3880 3736 1180 5501 7442 4000
2 5913 6206
5 9789 7101 489 5407 7252
5 9344 3677 8557 4380 7279
3 280 6962 557
0
2 1145 2154
4 4734 5705 5473 7096
3 710 2003 2223
7 9538 3692 3846 6765 5253 8286 8194
2 807 9615
2 7106 8076
3 3231 2297 5987
5 5811 9690 4447 1704 2087
1 1207
2 9863 9981
1 3885
2 7243 5946
2 2414 6988
1 7918
2 7129 8390
0
1 7457
2 1637 5137
0
3 6874 3625 6332
0
3 4231 7473 8265
5 518 1273 6569 2442 842
6 6499 228 5534 5515 2089 726
2 7597 6011
1 5976
1 6374
3 1772 3969 8161
2 112 6349
2 6154 1482
1 6638
6 2372 2605 7032 5834 6861 2251
5 2644 4114 4410 2796 9128
4 752 9597 9516 9575
2 5964 8178
7 5373 3458 212 1686 2347 2806 6532
3 5613 134 8223
0
2 6663 3522
0
7 9283 1383 8784 2665 3684 4801 7666
5 3219 7730 8520 3753 9780
3 3933 2394 8959
4 6480 8787 9033 2590
1 5469
3 2553 2885 5980
3 4801 4907 1762
2 9388 3547
5 4157 658 4293 9060 6362
7 6413 6705 8371 1845 8067 7439 7140
6 9067 8974 3016 1334 3069 426
0
1 7959
3 732 1661 6759
4 1090 2268 617 9960
1 8047
4 9286 7050 9574 236
4 1819 7017 440 1528
5 73 6255 8165 3238 6362
3 1666 2841 7927
2 6607 8694
3 579 7953 1470
1 7875
5 2293 9657 877 8907 9842
1 7232
1 4398
5 9265 8622 5382 8500 7091
7 283 9467 3408 9864 5517 9175 651
3 6448 5443 8511
2 8702 7644
3 5458 8438 93
3 812 9608 7099
0
1 696
8 2486 3119 3588 8287 8407 7874 3714 7282
6 1231 8353 75 8365 6428 270
3 1630 1356 8843
3 71 7474 6528
0
5 5258 6264 766 7818 3509
5 4785 3162 6064 8273 2541
3 327 6564 4756
0
0
1 5956
2 2077 983
2 7885 1429
4 1152 1090 8165 2754
2 2213 9699
2 6810 5997
5 7897 4548 2291 6911 8603
5 882 1077 123 9633 1831
1 1573
0
4 3986 2953 3934 5155
3 2345 2348 4948
2 7500 5639
4 2775 3208 744 1854
3 2545 7918 4115
2 560 4425
2 5081 5250
1 3241
6 8798 8493 6278 2780 5320 817
4 3115 4040 4003 1123
5 4944 2785 2073 9953 4613
1 1785
1 997
2 3930 3765
3 8590 2934 3846
1 9070
5 4973 7351 3446 3419 5239
2 4968 801
3 8480 2396 4544
2 2427 2178
2 8774 2003
2 5767 1354
5 8619 3736 2601 7035 2733
0
2 2366 2863
0
4 6739 6501 6427 6300
2 5546 2396
5 6676 8436 8349 2279 1696
1 7872
1 1822
2 6783 744
1 7891
4 7246 7040 1761 9323
3 8566 4628 9093
5 4326 6426 3803 377 6341
5 7761 4155 3194 2134 9897
5 8542 679 1215 8054 8787
2 5300 9903
2 8114 2927
3 5127 8590 7339
0
6 9501 7450 3448 6594 4418 8262
2 6725 1981
2 203 6402
2 9648 1239
2 7564 6011
0
6 6275 6361 2601 5848 3035 9383
1 7274
2 8992 9894
0
1 6193
1 8762
1 9196
3 6542 4977 5746
2 5194 3678
8 1088 6937 8354 1014 1380 1497 6116 191
1 5428
6 8896 5294 3345 8445 3093 1217
0
1 1392
3 7949 3397 2156
5 2957 6029 8995 5891 9121
2 80 4697
1 4804
4 3794 7182 5029 8885
2 2878 3464
1 7650
1 8882
1 7838
0
2 8843 6800
7 9886 6410 7143 8810 8925 478 7378
1 9478
1 7620
6 5999 1039 7729 7558 9276 855
3 9411 5793 8911
5 2124 7486 8855 9078 8288
3 8533 4680 6888
6 989 7221 2694 9540 8138 888
0
5 8243 5002 4881 2529 8552
8 931 4118 537 4297 2409 9224 3812 3676
3 4060 7752 0
3 3697 9060 2207
0
0
2 8195 4036
1 1223
3 3671 9500 3298
2 3506 1823
4 4012 1455 7070 7913
2 1827 4756
0
2 2390 2052
6 4614 7481 6598 3807 8911 6343
0
3 4074 8645 545
1 6657
5 8758 4611 5433 2819 3723
3 8024 941 5173
0
5 2645 7784 4399 8566 8233
6 3371 4371 1013 1093 729 5662
3 7458 6740 2850
8 1750 7886 3525 1917 2931 4836 6604 9199
7 9913 3461 1332 8499 172 130 3186
1 1419
0
4 1278 9163 4143 6470
2 2734 3762
0
0
2 6079 6041
6 6074 8866 8860 1147 7106 9294
3 4404 1351 6959
0
4 1975 7995 1890 8525
2 3597 3656
4 907 767 1614 2604
2 7556 2784
1 8583
1 2471
4 8458 5188 5633 2700
7 8036 7858 4390 9353 217 8761 4925
2 2739 4249
7 9353 259 8505 5065 6708 9516 5402
2 9792 9117
1 785
5 3015 1850 2313 2531 9027
0
0
3 3983 3068 9274
4 4376 7994 4547 2577
5 6445 2103 8355 6955 2753
9 3113 5214 3656 9800 3235 944 1555 7066 5660
6 718 2705 6555 3401 230 511
2 940 5449
2 6766 6306
0
1 7875
0
3 9171 7856 3542
3 3222 5968 182
2 832 6283
6 445 8039 1120 388 1860 9700
0
3 8286 5124 2312
10 8104 5484 8827 4345 4745 5787 5236 4386 2852 2945
8 1215 5274 5415 9570 8272 1434 8762 9432
0
0
1 8108
0
2 8781 47
1 5220
0
1 5305
1 9536
3 125 5570 3325
0
7 6541 1852 9392 5394 3968 2024 1934
1 941
0
3 2726 4919 4092
3 1851 8428 5088
1 268
5 566 5927 7650 2571 8903
3 2065 3034 3666
3 4732 5159 8775
8 6628 2813 973 9188 4840 7441 7038 6266
3 4984 3832 8203
0
3 7455 4025 4189
2 4376 2074
4 9493 6262 5108 4943
0
0
3 9516 793 1758
3 8533 547 9144
5 9887 6800 2414 973 1086
4 2685 3536 3636 4314
0
1 9732
0
3 6051 6127 2526
2 6344 7913
0
3 4294 8319 1763
1 612
4 4077 8628 4810 6
2 6272 8
1 6487
0
2 3750 2573
1 2727
8 6518 265 6537 877 1715 9538 2792 1326
2 1588 3749
1 5756
6 31 8372 5409 1804 6460 9963
1 7591
2 3813 6806
0
3 5597 8083 4860
2 4284 8451
3 1637 4073 8488
2 1283 4389
1 4008
2 8167 3380
1 5317
2 7053 958
4 9679 1106 2678 1849
2 7149 7627
0
2 5330 9467
3 6232 8920 1587
0
6 8346 6536 2280 5088 3098 3138
4 5033 235 2474 704
2 4841 6900
2 2416 4301
0
2 2907 8924
4 979 4315 656 7429
0
3 6165 4587 9764
5 1724 8311 3395 8385 7659
1 929
2 8861 6667
1 5331
1 7563
3 5642 5778 8859
4 1928 5806 3157 4649
0
2 8542 2621
1 2880
4 4376 6244 9075 9477
3 9922 5746 871
3 4579 8069 8196
1 1360
4 4265 5153 5797 6364
2 9094 4781
4 5750 4096 2606 2235
0
0
1 2094
0
1 3636
5 8470 7017 8580 5124 1004
3 6080 1140 7866
2 5656 3195
2 6667 3161
2 6134 1446
3 3156 6745 3155
0
6 7603 5211 9866 3602 81 598
2 5452 5095
0
0
0
4 8316 4954 1574 717
2 8326 4855
5 6461 9327 6234 9515 6100
5 959 3262 5169 2913 1051
0
0
0
1 8462
1 6723
1 6634
1 1567
5 8633 653 962 8963 462
4 3814 3640 6810 4133
0
1 9180
3 6381 8796 9814
3 9635 9454 2413
2 7804 6659
4 5705 835 7277 7088
3 8118 8775 9695
2 7752 5789
0
2 5337 9985
3 330 2482 3573
1 3881
3 3547 1877 4345
3 3711 1903 9319
7 8208 2504 9895 865 6088 7966 5770
1 5853
0
2 5927 7713
2 638 6007
3 3588 8041 1351
5 7526 6349 5702 6949 243
6 6371 202 8520 1695 3509 5717
2 6944 8225
5 6619 9138 2890 6415 406
3 5931 2480 3877
2 1878 5919
3 8151 9602 2034
0
0
0
0
0
2 4477 7747
3 7312 3419 8049
2 4062 416
3 7234 5535 2275
1 4229
0
2 8219 2585
1 4701
0
7 6619 4606 2555 1910 6400 9716 2676
3 4610 3735 8462
4 4692 4050 5011 9179
1 5033
1 8302
1 6355
0
1 6600
1 4264
2 7773 8998
0
0
2 1772 2201
1 9421
5 5618 9715 1026 2552 3176
2 6539 856
1 4147
1 8656
1 249
2 2601 5087
2 38 81
1 5729
5 7921 2940 4545 453 8183
0
0
4 227 9183 6854 9078
4 9157 384 3273 3667
0
3 3329 8750 1654
3 1982 5063 627
2 8199 7498
2 8859 2012
1 9106
5 8736 7948 8925 304 7618
3 5311 1533 5803
4 2570 8494 6687 9974
0
3 267 9100 6619
2 6871 1298
5 9333 4462 9027 4640 8734
0
2 2828 7090
2 7012 4900
1 4463
3 1676 2340 7732
0
0
7 2703 6840 8669 685 6811 8282 1499
0
1 6724
1 8432
1 6827
0
4 7796 3054 5516 9178
1 1762
4 436 9441 9515 5626
7 2086 6833 9929 5416 5000 8243 360
3 4802 196 7769
3 7135 4958 3273
0
3 1354 359 2634
1 5294
2 9976 6939
3 7747 6435 7081
1 2956
4 7005 7113 338 165
1 9058
0
3 295 9273 9894
1 833
2 6572 4359
2 5791 5022
1 6279
4 7352 3905 2086 4178
4 6242 7445 418 6528
5 7545 7465 9272 5831 7664
3 3979 9083 9803
2 4189 749
2 1138 764
0
2 627 1173
5 8816 7373 956 899 4638
0
1 9567
4 8355 6272 9337 3988
4 3505 6881 1593 8738
0
3 9433 4025 3072
4 5298 3513 6810 5980
0
3 6681 5764 4830
5 9992 1529 5735 7635 2611
2 5661 8648
1 75
5 7566 2755 5710 8505 4742
7 874 4280 8915 3900 4277 5718 5398
2 4522 8153
5 4667 6827 2345 3766 1100
0
1 5508
2 8697 4726
1 1804
0
2 4665 4351
5 36 7081 4456 1850 8810
7 7092 42 748 477 6736 865 3095
0
1 518
7 5589 6291 1595 3818 1297 8952 8379
3 3939 2398 1827
2 1562 7293
1 8546
5 1146 2646 6172 914 1354
4 3135 7038 3370 9713
4 3574 9518 7867 2280
3 2422 4711 9382
7 4542 5181 4038 4048 2635 5495 1894
1 3788
0
0
1 2896
1 7972
3 7665 1918 8499
1 4413
1 9635
4 1360 8610 1835 5491
1 7656
4 3929 6988 8493 3467
2 4986 6514
2 8435 9292
5 9549 6011 7125 3761 9611
2 9801 2401
4 4375 4321 729 9227
6 9999 3155 2592 1825 4661 2252
3 2097 4790 3999
4 5326 1133 5217 5669
2 8299 8743
0
3 7303 3234 8132
0
8 1034 1934 5709 4713 1406 3648 2798 1217
1 8047
6 8999 4377 4197 7092 1193 1886
3 9860 4792 6605
3 2720 469 6212
1 7833
4 8994 468 4019 8791
5 3554 476 969 6578 4826
4 5104 5509 9176 4835
2 802 8502
0
2 6806 5300
8 4584 1490 1164 2870 260 7829 3991 3524
4 3252 6996 7033 6035
1 9428
0
2 496 7511
0
3 6581 757 6739
5 4579 857 9547 9895 1750
3 5923 374 8642
0
8 177 318 7953 9965 8213 651 4382 2954
5 8385 4829 9390 3612 2649
8 3140 2681 8001 984 3835 421 2001 2790
0
1 807
3 3638 4684 4436
1 6539
1 6234
3 9843 635 7897
0
4 8698 3699 2363 3548
2 5838 6004
8 1220 7985 297 4018 5580 6778 2988 8804
3 8652 6527 5735
3 1588 7139 8340
5 5349 7312 3564 3426 7381
2 3878 906
4 1787 1064 6666 3833
4 2291 3126 7548 7986
0
1 421
2 3021 936
6 8738 8673 6242 8511 5454 2670
1 357
0
1 2801
6 6436 3343 1566 7957 3139 3547
3 7761 171 9212
1 3153
2 2068 4415
0
1 3026
0
6 9021 3963 6441 3968 6656 7929
1 9778
6 6316 7801 6586 3831 2532 7466
5 9331 6922 4566 8814 3932
2 3498 1430
3 9500 2301 2207
0
0
5 1639 9752 8548 4903 6450
0
2 4025 5908
4 4039 2196 5748 7156
5 6114 4563 4265 1468 1048
4 4865 8973 3945 3281
3 369 121 9791
5 7488 6687 6862 4712 2262
6 2454 9534 5607 8014 3787 2553
2 5743 2409
0
2 7931 8431
4 5619 8714 3233 2199
2 4270 5491
0
2 5241 6286
0
10 757 1243 2721 3497 2674 6754 2062 918 7237 3090
0
1 7388
1 140
9 5625 3490 829 5554 9694 5996 6314 8973 5276
7 4099 4481 6304 7373 3613 935 6704
1 4352
1 7950
1 5965
5 8166 693 6834 8746 5252
1 3425
4 9449 3130 2593 4083
2 163 6834
2 178 3579
1 6046
0
2 7107 4386
2 7988 4631
1 2081
3 4560 7568 7835
4 6483 8309 8054 9045
1 3144
3 9698 2094 8166
0
0
2 263 8527
0
0
1 1345
0
1 9200
5 3264 5728 5338 1982 2916
3 7107 6551 4289
0
2 1455 3919
9 3951 5374 1670 1210 3771 5810 2962 3026 4972
3 4342 9639 1955
1 6438
1 455
2 7036 7292
1 2217
0
6 1273 1504 5191 9254 1567 8763
4 6716 5719 6966 3269
2 6244 8749
5 6528 431 6732 2235 6903
5 5467 6901 4062 8434 7080
2 2255 7007
2 2289 6542
3 2054 2418 9386
3 6334 3412 260
4 6366 6997 223 8775
4 9663 6187 1848 6746
0
0
0
0
1 9811
0
0
0
4 6406 9272 2822 7842
4 8110 4796 5542 4686
1 6310
2 6785 8695
4 4366 8696 6021 5412
0
3 5170 9204 2324
0
2 3466 5618
0
1 6347
4 3867 2402 2541 3274
2 1772 7323
4 4295 919 4085 9997
1 4359
3 8131 799 8632
4 411 935 4446 4929
1 4726
1 2030
3 2790 8955 9493
5 483 7379 8705 7137 9284
4 319 2831 9972 7971
1 4510
5 6611 1087 28 9714 2978
4 3232 745 3783 7786
0
4 6197 6851 9058 7090
3 2652 2511 7242
2 445 7900
1 434
2 1679 1761
4 7581 147 1776 9876
0
0
3 2438 6518 1032
4 7985 6322 9634 4130
6 4906 7658 367 3427 4343 9660
2 4988 1682
2 4894 6628
3 1396 2243 8089
1 2123
9 8345 930 4963 7905 658 8667 6848 4996 8204
1 3260
4 3117 1562 1868 359
2 110 7791
0
6 1578 8928 9892 3841 3014 152
3 3954 1462 8490
0
1 3530
0
1 5173
4 3581 3197 6460 4440
2 1331 5178
1 1926
3 1400 7816 2939
2 9473 7233
4 5634 9841 8553 4249
0
1 9369
1 2912
5 5848 202 8179 1266 3510
1 5479
2 6037 813
6 8646 1578 7472 8565 7725 6881
1 1210
1 2742
7 4912 8097 8865 4521 3295 21 9655
1 6804
0
6 371 1175 9843 5913 6452 5331
8 1732 4662 2551 477 5797 9868 9958 1516
1 4931
2 9796 9493
1 3165
5 1240 513 9077 5038 2370
1 3838
2 2240 2711
6 9634 1013 9467 8599 881 1095
7 4365 3897 5563 4989 6400 3952 559
4 3684 92 9599 1790
5 84 7836 1685 7996 9816
6 6268 9729 502 8848 6245 2662
1 7146
4 1570 1758 2082 1711
4 1047 5740 3450 4380
6 2694 7223 7568 1117 3151 5521
7 3489 120 3038 7696 503 4973 7862
7 3153 6745 7293 5373 8390 8179 9672
0
5 4675 1830 5407 6018 3564
4 899 3867 4391 239
1 6673
6 6520 9320 1981 7745 9294 9954
4 98 5600 5443 678
0
2 5817 5282
5 7646 5513 5124 487 9427
4 3415 9324 58 6057
0
1 372
4 399 7713 285 525
2 7413 6169
1 6437
0
5 4590 3382 2314 268 8635
2 3728 7712
1 8435
0
2 7853 9807
2 4844 8519
4 1822 8079 7406 2153
4 8181 866 1469 9661
1 6111
0
2 5962 2227
0
2 2569 6826
3 3158 7632 3685
0
0
3 9965 8609 5596
0
1 8894
2 6722 668
0
1 3154
8 1082 4140 9496 463 8084 4585 1828 3355
3 762 5183 2717
3 8564 4513 2265
3 8846 7506 9477
2 2065 8307
0
0
5 627 2829 7500 1934 1112
5 1662 5527 3060 2628 3966
4 3183 4940 7939 8542
4 6374 4487 8736 845
3 7613 6740 9499
1 7850
0
3 2519 9753 8744
3 4958 6212 1049
1 5736
2 7539 9317
1 7981
6 3651 2574 2592 6286 5509 9978
3 9638 1243 7943
2 2622 1191
4 2840 1411 2642 1122
4 8932 4959 1986 5868
4 8590 481 2491 9497
3 5703 1821 128
1 4662
3 3199 5495 9102
5 4030 9115 5460 611 8353
2 204 8706
5 1314 5390 5575 6876 424
6 6740 188 3592 2691 2793 4963
3 3866 1685 6108
3 7656 4543 7206
1 9976
5 6541 7098 6693 252 9874
0
1 5255
5 9532 6276 6170 5228 6254
4 602 6903 6328 8983
1 2668
1 2201
0
0
0
4 2000 5363 2621 4891
6 2278 983 3600 5366 4151 9968
0
2 1640 1107
3 9607 2033 9322
3 4386 2162 2949
1 4289
4 3257 1174 8973 3627
0
2 9264 1066
0
8 8152 7811 3400 6994 1804 9958 3233 8243
6 3448 3530 1501 2534 7821 9095
3 944 8359 9589
5 6202 6747 7518 5083 9494
6 6281 9039 9413 9246 2089 5489
4 1722 7901 567 2371
6 3317 55 6819 1572 3655 173
4 3296 6689 9136 792
1 2106
2 701 4976
5 8316 1855 8365 5156 5033
3 2969 6959 138
1 4055
3 673 8900 1780
4 2571 3204 8522 8089
1 2588
0
4 7583 739 9934 6174
4 9225 630 9735 9937
7 5609 7728 295 4202 714 5186 3205
3 9539 4324 9532
3 3622 3114 9044
4 908 2363 4392 13
4 6890 8142 7455 4017
5 2241 8215 9698 9873 1678
0
3 2743 3237 5283
5 3343 2875 7611 9943 2798
1 8900
1 9785
1 4451
1 2573
2 3986 155
0
3 8634 3205 4697
1 3231
1 8439
3 4489 8469 2545
0
4 3269 9077 3736 3645
3 7130 5305 6676
1 6906
5 8663 8633 9410 4417 5874
3 2878 5427 9018
0
6 463 7476 3683 1872 318 2907
2 5449 5587
3 5661 1319 4901
0
1 9769
0
2 8852 8696
6 4731 811 2827 3946 7102 1993
5 1813 8900 3480 7805 2447
6 5633 5975 9754 4264 3552 7942
3 2708 3754 2060
3 4124 1950 3775
7 5864 1968 1461 2526 329 4628 7730
4 7129 9072 3062 247
4 8793 4893 4710 7029
1 3213
9 2721 6474 194 6621 7545 2949 8950 2783 5690
4 4046 4368 2867 7459
0
5 4096 1211 8368 9276 377
1 992
6 8508 3483 8450 2592 7323 2357
3 8986 3037 8817
4 3046 7443 3446 6642
2 2739 8046
4 5224 5044 6619 1431
3 7141 6233 4027
3 4419 6703 6199
1 3416
0
2 3635 4846
2 9927 6370
9 9479 9037 8850 2681 9045 4912 3925 5742 7970
5 1639 4918 8606 5406 7149
0
6 1193 868 6046 2930 9372 6825
9 8149 7707 2677 9477 3200 1671 2564 8870 2326
2 2774 5952
5 9393 3704 8308 3865 9218
8 5663 847 5012 9772 730 9575 3088 2456
2 3523 7962
8 3909 3836 3728 4497 4703 634 8480 127
1 7545
9 9944 9004 8088 6160 4857 2313 9507 1207 9980
1 1518
1 9632
6 4744 8875 7730 5710 1375 5352
7 2469 9940 2358 4657 2931 9183 7098
2 5181 8285
5 2361 6349 3230 8332 7340
2 5597 7001
1 9117
0
2 6921 6906
1 1938
0
6 9081 8594 1152 975 1648 2730
2 6391 1352
6 1265 8551 4636 6503 7658 8079
0
2 5746 2366
5 2730 1211 8643 3271 5891
2 8600 3935
6 3185 5398 4147 8080 2227 2840
3 6624 8571 3000
3 664 6685 4414
3 8679 3577 5579
3 7968 4285 2148
1 5838
0
1 6122
1 813
0
0
4 3415 6391 2057 4248
1 9901
1 342
5 3168 1021 9835 722 381
0
3 1214 9449 2189
0
3 803 2399 6461
0
5 7859 406 5228 1331 7162
1 3041
5 7433 1094 4151 4923 2286
1 5650
3 4218 702 8867
4 3485 4678 6658 5018
4 6146 1849 6952 5667
0
1 6277
2 1179 9637
2 1544 2727
2 2712 4387
5 4931 1396 6919 832 4194
5 957 6404 8350 7967 9192
2 1793 1099
1 556
1 3846
1 7140
1 7455
0
1 7844
0
0
1 4797
4 9623 3117 3465 5062
0
1 5906
0
2 1308 6950
5 3292 7456 6190 4713 3257
4 7694 1360 977 9155
0
4 3272 1466 6401 5320
3 9252 7270 7990
2 6600 747
8 8739 6544 6795 8296 759 3969 1901 8407
6 1832 9609 9517 305 658 9454
3 7347 8953 2796
3 9121 393 7793
0
0
2 3622 7834
1 4686
7 4987 1178 3929 3256 7161 7057 1314
5 4439 8733 6687 9079 1163
5 6922 2952 6683 2764 5708
3 417 981 2635
4 5713 4008 4462 5706
2 6914 7850
0
2 9402 4280
3 4240 2852 3864
3 7415 3722 2024
4 1956 1977 448 4689
5 2656 5456 2764 7520 7364
6 5585 1020 4907 7978 5213 9
2 85 4579
4 8590 3622 5300 2702
5 417 7575 3636 2322 8677
0
0
4 5385 3029 5620 9124
2 4701 3007
0
0
1 2974
4 3285 7792 2951 3295
0
5 8074 310 443 1819 885
0
5 2938 7333 988 8516 7530
5 1075 7172 7337 7373 736
4 8069 5178 6257 6001
0
2 2166 9507
0
4 9657 5800 4732 4522
1 2945
3 4498 7130 6277
4 5216 3570 9518 8312
1 47
3 5743 1106 2398
1 6703
1 3198
0
4 1842 9314 4718 8547
2 3380 7368
2 1999 1955
5 2361 6916 9323 2555 5097
0
2 624 8533
2 2626 44
4 721 4152 2521 7341
1 8882
1 7292
4 3037 3013 6608 8005
0
4 7965 7629 2301 1304
0
1 8776
1 9855
0
5 3486 6634 7568 1516 6946
3 9439 21 8486
3 5758 8594 5194
2 7189 4556
6 1040 2608 5419 634 8625 4959
5 5818 3459 1439 8804 3457
0
0
1 3154
4 3092 4387 7522 501
4 294 2662 8648 8416
5 4259 3707 5248 4008 5171
6 584 3547 5152 2152 205 2666
1 169
1 6393
2 3161 3540
6 7885 8804 1596 9872 3099 4567
2 6663 5491
4 2956 535 1731 764
4 5183 3318 4127 4923
1 3236
5 5044 5808 4023 4166 2799
0
4 718 1552 4097 7036
3 2439 7440 4377
0
5 6518 1441 1264 1762 1099
7 5790 2157 1307 9525 3309 4011 1731
4 1539 647 8757 7381
2 2557 7075
4 6535 8309 1726 6652
0
3 7361 88 8024
3 3756 4883 9189
5 4633 5003 2676 2114 2741
3 2417 8821 1884
1 3240
0
1 916
4 7647 1412 4723 9766
0
1 455
3 1114 5431 6487
2 3622 2641
0
1 9300
1 3062
3 5372 2071 5415
1 6984
6 9494 2443 2143 5563 4228 9077
0
0
1 8468
2 8225 5809
4 8517 3783 6403 7614
0
2 9114 7007
4 297 9158 3252 3173
2 6698 9398
3 3478 2988 4088
4 6049 2725 7347 783
0
2 4816 3923
4 7498 883 2662 3731
7 8550 6572 6276 4683 386 400 1564
2 3466 8610
0
0
2 5418 3574
2 179 5419
0
0
3 3538 6215 5073
3 3156 8350 3978
0
0
0
0
3 2041 1563 2061
4 2120 192 656 1736
1 9118
2 1614 5624
0
0
5 4901 6384 3265 7795 8889
5 2045 5755 9751 7917 9887
0
5 9574 6877 9588 8274 6727
3 6468 6966 9022
1 6063
3 1567 92 7497
2 9769 1407
6 2478 1565 9986 3184 559 8039
1 3566
3 247 2639 2908
2 4988 8867
0
3 7485 8586 7090
3 8844 1722 7107
2 182 7140
0
3 3231 3645 8734
5 5677 9215 4578 5215 118
6 9749 2021 1924 8121 3774 4301
1 7002
0
2 643 997
3 3807 3495 989
3 4275 5362 2366
1 3233
4 3173 2289 1558 2885
6 4663 8765 6631 6916 4153 1725
0
0
0
2 2556 4529
0
1 2742
6 6516 1027 7712 2867 8085 9962
3 9964 3348 8462
0
0
6 9672 6140 4605 3076 6870 1535
2 7646 5587
2 7970 1849
1 189
3 8137 8550 2888
1 8741
3 3034 6954 4675
0
4 8416 711 8813 1589
1 3264
0
1 7038
0
0
0
7 5801 9670 9650 3951 7123 2615 7974
0
1 2351
1 5535
5 9581 3783 6748 2986 5129
2 8636 4955
1 557
0
0
2 8514 6296
0
0
3 5607 540 661
3 5225 4150 7999
1 2860
0
3 4790 3702 6125
1 6193
1 205
1 7219
2 5580 7938
3 2451 3651 7263
2 6939 9169
0
0
6 7736 836 3661 2779 4642 4643
0
1 2462
3 6600 3837 1590
2 6939 482
2 6737 64
5 2896 9780 1987 1391 8138
8 8673 8342 903 5517 9004 4523 8645 5741
1 999
1 2246
3 1634 248 1134
0
8 284 7069 8028 8393 9157 8328 8733 2293
0
4 3995 4465 3433 4972
1 436
0
1 3803
6 3214 7428 9348 826 7431 8525
3 5408 9725 4525
0
2 6850 4180
2 696 4498
2 3678 8546
0
2 188 4856
8 9360 9879 5778 5593 2403 4576 7154 4476
7 1091 4804 5574 154 3380 5048 1207
0
2 7658 182
0
0
5 411 9198 7038 6050 3118
1 3003
6 4865 1438 7282 731 8489 6482
2 6600 1349
1 721
2 6827 2082
2 9856 4983
0
1 559
3 1037 8298 1194
2 889 4065
4 5083 8294 5923 9769
3 7135 88 6695
2 2278 2897
1 4180
3 189 2747 7270
1 6434
0
3 9576 9947 2126
6 5894 6755 9658 1008 3641 4274
5 8220 6969 3981 7712 3181
7 3208 2245 8153 6338 1878 2330 8956
1 4324
7 90 3977 8301 2608 5546 6474 3575
4 2729 424 8233 5717
1 3678
4 9039 2600 9281 1382
5 4456 4914 7510 9097 1616
0
8 8787 432 7739 5919 8799 2233 7564 5052
9 6458 7555 7648 89 14 281 5215 23 7628
2 5940 4454
0
9 1088 9347 4542 7304 9454 2187 5825 3786 7066
2 541 9171
3 3566 2472 6363
4 6364 4205 3826 6229
1 8572
3 1169 2199 7431
1 1385
2 1896 1674
2 3549 8054
2 1628 6976
3 1947 1047 8100
0
0
0
2 446 6023
4 2549 3194 7174 2031
2 4580 1194
0
3 1740 6725 285
7 1523 6594 5149 625 9655 2899 1856
0
1 4364
7 224 7352 981 8164 5457 2213 135
4 4382 7950 4680 6428
3 9177 1142 1296
2 5594 8620
3 4399 4057 2303
2 4985 2966
1 9893
4 9491 2794 2928 3641
1 515
2 813 5492
0
5 1210 71 6733 1447 6305
0
4 4205 750 4946 6660
2 8268 3763
0
0
4 6573 301 2781 9489
3 2689 4684 9759
2 8777 3957
5 6067 8245 8236 6539 5498
2 7108 8869
0
4 6732 8459 7161 1733
4 4972 4320 1635 6124
2 1114 7087
3 3484 9940 9970
1 7146
1 5252
2 838 7052
0
3 5044 6911 3751
3 2944 1867 3036
6 6386 5689 336 4913 3544 5966
3 2878 3975 2312
2 3644 4927
6 2501 8165 3691 7663 6166 302
0
6 5832 1585 1729 7417 5456 3570
2 2151 5719
2 3863 6177
3 7166 3919 89
2 9320 9215
1 358
0
1 1415
2 5517 4611
0
9 9876 3629 917 7661 7707 203 7595 6648 6303
3 8773 6597 5076
0
1 5866
2 2569 9215
2 1210 6890
4 7280 1879 6952 7865
0
3 8485 2819 1590
2 9073 280
4 2289 1636 2409 6432
0
3 5268 2148 7820
1 985
8 2435 3865 2949 4487 2978 5685 590 1490
0
3 3757 9445 4912
3 8156 4592 3565
7 3371 1518 6034 1309 737 3349 5694
1 3786
3 1480 6086 2185
1 4150
0
2 2637 7415
0
6 8420 9341 8237 9500 6664 4565
0
3 8988 4922 3040
1 6470
5 1291 1718 2780 2264 6726
4 9670 3911 193 1966
4 3013 4765 8305 6832
1 4867
1 491
8 6082 7877 4041 1799 6348 3827 2646 7136
3 2193 9439 9012
4 2217 162 4567 645
2 2694 92
2 7154 9663
4 7413 6784 2986 4310
9 1341 8976 3136 9354 2626 2233 2265 8685 7239
1 9558
0
3 5722 4391 9768
1 7728
3 6149 84 9065
0
6 6923 6050 9382 3731 9069 8068
0
0
0
6 8642 6755 7209 7720 201 7736
4 5991 2778 7155 207
4 6626 6603 7962 5517
3 8220 8568 4076
1 3893
7 2131 1028 4841 526 9936 8363 1228
5 536 759 8542 4211 8243
4 7214 9728 5322 6317
1 992
3 4445 6626 2338
6 9580 9278 635 2329 5368 571
2 1594 9451
1 9576
3 9638 7469 4871
0
2 5105 1464
3 5397 1886 7595
0
0
8 9545 6912 2626 1492 2753 1006 9084 1987
2 4148 6710
2 6681 8172
0
7 4737 9870 635 3758 7612 9139 9316
2 8632 7770
1 5748
3 7066 6298 4584
0
1 5574
1 805
0
3 7758 746 6659
1 1351
6 2676 4740 5973 3565 999 8583
4 6522 1926 8559 1697
0
0
3 2552 899 9820
2 6516 8773
6 1149 8337 133 8944 5679 1325
2 1717 8890
4 2585 8069 2513 8000
3 6007 1570 9537
5 75 4285 2416 1035 7549
0
3 4130 243 7349
9 6604 7229 2839 4395 1264 2157 2329 4232 8739
1 585
3 470 6938 1511
2 3042 190
2 0 4331
0
0
2 6626 567
0
5 5295 8371 9092 13 1080
4 2313 3979 779 8591
4 1967 3158 1489 491
8 3680 650 5335 7806 970 7375 6166 7450
0
4 417 5751 3877 9687
0
1 2749
0
1 7260
10 6753 7902 2566 7290 3119 3780 5625 961 1967 5351
1 1887
3 4189 1445 6771
6 9934 2866 611 7571 2151 2513
4 7944 5510 4136 1701
5 8123 3077 1371 4263 6438
1 2264
5 2944 1419 7999 5478 4227
1 8647
1 2204
7 8966 7446 5719 9039 847 397 9005
1 3680
1 2644
2 5343 2141
4 7038 1465 7955 3529
0
7 4003 8758 5789 1151 8959 4452 841
2 2410 268
4 7834 6438 8306 4158
2 2964 8047
3 3090 5866 4623
4 7485 7322 9123 9115
1 2527
0
10 407 4604 6500 206 4995 2776 7829 2358 8438 1048
0
2 170 4690
2 1944 7496
1 803
2 5517 4953
3 4860 18 6224
1 9415
1 4576
0
3 7767 6624 6729
4 6686 6732 234 8316
0
3 5608 2149 2685
5 7266 4692 7035 2038 5561
0
1 1589
1 6220
1 9967
2 9235 9541
1 6182
3 5412 9985 9153
0
4 431 5317 8875 9770
5 8948 8364 8028 8235 3021
4 8120 7413 8803 5742
5 1347 1698 3883 8354 2774
1 1912
1 2011
0
7 167 1394 1464 7202 9227 7892 6193
5 1292 8747 1075 260 7284
1 8218
5 5972 1397 8341 635 4765
2 1217 7347
0
5 6272 580 694 6660 979
2 1023 9368
0
1 5110
0
6 2384 4063 7227 6837 1224 457
1 2252
0
4 8219 7063 4616 2816
1 9069
3 7737 5456 2777
1 9291
0
2 166 5240
2 185 7410
0
5 659 4161 8354 2549 4408
1 1140
8 4979 555 1730 5174 2798 797 2548 7261
0
2 3931 1678
1 4395
1 7000
5 1455 3581 6473 7844 505
1 8425
6 9254 2552 3919 6881 9591 1224
4 4255 6461 8941 140
2 9453 3326
3 8723 1875 8325
3 4101 1173 8396
9 5598 8915 3061 5452 7290 3484 6393 6619 2868
3 1101 2552 3714
0
0
5 7476 9625 7010 5677 3914
2 529 6923
1 7972
4 841 4138 2279 4970
0
2 4684 2363
2 7954 2425
1 2541
5 38 1867 1380 7935 9652
5 6021 9523 5356 124 6663
0
3 2409 6288 189
0
2 1838 6207
1 7883
4 5408 8495 3348 562
0
1 2995
4 5081 474 7891 9289
3 3286 974 6047
0
4 1419 8180 9244 477
4 7351 2435 8231 7490
1 7988
1 5261
3 6910 8102 655
3 6667 7349 7457
4 6431 4107 1873 2626
0
1 627
0
0
5 9451 9313 9086 5946 1975
0
0
1 1034
3 2229 2611 6134
6 267 3158 3475 2098 6604 7036
4 2907 1849 8433 7959
0
3 7014 91 2223
1 3091
6 2746 128 9472 7651 2755 381
2 5182 8564
1 3513
2 8302 2148
1 7372
2 7246 8128
1 5418
1 5114
1 1934
5 8185 7137 6324 4407 9539
6 6218 2813 7112 1745 2764 9974
3 5235 9278 8862
1 3838
0
3 6786 2766 4954
0
5 7506 3770 2208 7704 9080
1 1236
0
2 9475 1022
6 7946 116 6961 147 4242 7067
0
3 4300 2122 4879
0
2 203 817
0
1 9393
4 3670 5347 5307 9847
1 3724
0
3 5484 2622 2527
0
3 6161 1207 9182
3 9293 9611 8386
0
3 556 721 718
3 72 5767 505
0
3 9140 4023 3007
0
5 4407 9454 1993 1915 170
5 2285 1481 7381 6504 2039
0
2 5341 2124
4 129 5670 5000 3969
2 1446 8717
6 6949 9293 7718 397 2881 7086
4 9376 5019 5458 166
0
3 9661 9215 8287
2 3157 1801
3 9439 6026 1434
0
6 7715 8139 3235 6945 3986 1675
0
3 407 4244 1066
0
1 9409
6 3644 4281 4028 9184 2697 8741
1 5748
1 3981
0
5 658 8941 5658 936 4308
2 5467 730
1 8011
3 1048 7595 3402
5 720 646 6126 1966 3808
4 992 6896 7036 8822
6 9045 4093 8550 2671 502 1513
0
2 1834 4445
5 4550 8536 2549 7248 3261
3 3525 4302 6809
3 4415 1634 7367
1 1822
0
3 9833 9360 3827
4 7310 6577 7348 5893
2 81 6316
1 4186
1 7612
3 2740 4595 1926
4 1203 8991 7583 9425
5 277 8465 519 2438 7707
2 9047 875
3 3049 2821 8584
2 5086 131
3 5276 621 4613
3 4535 9421 3592
1 3036
6 4901 8481 2405 4 5226 1834
2 8108 3946
3 1605 9948 7303
0
0
2 434 4835
5 9417 8852 2120 8142 4166
2 203 4597
0
1 4417
2 6991 6930
5 9640 5164 5030 7967 2714
7 8040 7094 4667 503 2279 1840 5689
2 6070 5626
5 9534 374 5697 1567 9517
5 3135 6952 9295 213 2121
1 6468
4 4965 8383 6659 8781
1 3717
4 5346 2753 1813 1424
0
2 8048 63
0
1 2296
1 5572
0
1 5317
5 3445 6771 7268 2028 1922
5 3934 6657 3821 2779 1916
7 6941 8520 1721 3832 8194 8217 7059
2 1762 6172
3 6672 7252 4800
0
0
6 4510 3824 3327 608 943 4749
3 5114 6085 3734
1 9121
3 6315 4045 7532
1 4414
3 7496 6215 1375
4 8584 2758 2951 3208
3 1086 2875 4856
2 6701 5864
3 2880 7676 3148
1 1673
0
4 1785 2792 8613 9615
1 669
4 3101 6806 7697 8463
2 676 9321
0
0
5 3036 8700 1779 8470 7555
2 2875 3297
1 5054
1 493
6 2829 7066 8985 2920 8791 1941
1 2974
0
2 656 7762
4 8903 4204 3950 736
0
6 143 6300 1808 6100 4413 5991
2 2693 4552
0
1 9134
6 6996 5545 2504 8325 1381 4761
4 4716 2342 6325 3480
3 5837 3626 5111
1 2085
1 8071
2 8267 5550
1 8353
3 9838 287 6309
1 5237
2 8465 6750
2 6666 5147
3 1938 8220 1971
1 2268
9 6658 6854 7364 6027 1194 1912 7294 8790 1515
3 926 499 3971
7 7241 2525 8383 4492 2532 7985 9582
3 3743 4557 6289
0
4 5136 6271 4122 5734
5 6587 6608 5471 1454 6668
7 1412 7665 6384 4045 1725 9407 4795
2 7938 6381
5 2634 566 6976 8152 3394
2 4026 718
1 8478
7 5828 8074 1004 3932 9194 3511 2718
0
3 9495 4550 1101
2 2148 8881
0
5 1062 3510 67 7209 3169
3 8515 2691 461
2 4325 6085
1 9154
4 1967 2999 4142 5361
7 2865 8371 3677 2265 2582 4177 3200
3 8609 9199 7855
6 7744 6498 4739 6863 6223 9325
0
0
2 5119 4640
1 2041
3 2951 6686 6058
3 2647 7729 7881
0
6 1334 7689 6347 4622 6638 6326
4 5825 871 2833 9189
1 9589
1 8630
5 7715 3664 9399 369 7004
1 710
2 4415 9179
4 2815 5373 83 5495
8 1796 7316 7252 2757 9339 3578 3831 2324
0
2 583 8751
0
4 3244 904 4363 7502
2 3794 2243
4 8643 4605 4566 1156
4 959 164 9792 8830
0
0
0
6 8624 8359 7131 8260 1011 5884
2 5104 205
1 5860
6 8084 2676 6050 8999 3629 8217
0
1 5247
3 3523 4759 4357
2 6409 9638
2 2924 5412
3 7946 5460 5580
0
9 6953 3939 7072 8517 323 66 3152 8005 2000
4 9476 4588 1920 9135
1 5547
3 247 6174 9054
3 2479 5363 3499
2 1125 8668
5 257 3767 3821 9162 5266
2 8307 805
2 9663 2453
2 3879 6608
1 8114
4 5412 2897 1586 9472
4 2690 4935 7738 8166
2 9057 200
2 9852 2541
4 6862 5603 6771 9314
3 8007 8575 8151
1 6456
1 3269
7 7064 47 2309 8673 6469 5122 9313
0
6 7692 2737 1942 8647 4817 1384
2 5921 7109
3 3509 6120 5105
3 9369 6276 8004
1 5370
6 7407 7032 5990 5962 4184 807
0
2 9229 1749
5 8928 8858 174 6903 8131
1 5427
0
2 3759 451
3 5912 8018 5474
0
0
4 7166 9791 9894 4093
6 8719 1722 8407 5660 9396 8983
5 650 5382 1176 8365 7555
4 6124 8348 3457 4204
5 1659 9520 4007 9462 8242
2 1756 8353
2 8911 9129
2 4536 4416
0
5 2549 1061 7149 7867 9417
1 7382
3 4086 3349 6164
2 6600 3475
0
7 2974 383 7026 3939 4970 1177 2012
3 5029 6645 282
1 5489
2 1296 2312
0
0
0
6 1711 7247 5723 557 5489 6108
0
1 5367
1 7741
4 4915 345 9612 2818
0
1 5199
2 9210 5178
1 3505
3 6438 1134 5374
2 8239 8676
5 5750 3516 3900 2430 7367
4 2531 6675 8047 8785
4 3252 8014 5798 311
4 5822 7580 6425 3315
0
4 4355 7863 1911 2235
9 9400 8415 5717 5296 183 6035 3300 5440 6868
0
2 3688 7895
4 7718 2400 1342 9734
0
0
3 4810 3200 75
2 8236 331
8 1042 5689 8478 8457 6531 2821 3495 4315
5 8999 1202 7549 9833 8555
5 9612 6539 1735 4585 6423
0
3 5605 2938 9451
4 1392 2940 6805 3133
0
0
1 9848
1 3288
4 6626 5702 3047 8138
0
1 3034
1 6419
1 6168
0
0
4 7076 3176 5375 5392
3 3273 4503 766
3 8027 3934 8395
2 4454 6804
2 7052 9982
2 9980 7274
1 8843
3 3553 2755 1789
4 248 369 9133 8173
5 7037 2959 2868 6587 1895
5 9607 3444 8421 1140 2114
1 2251
1 1224
2 5150 4959
4 4758 7932 727 7913
2 4061 6817
0
0
5 3804 2513 2828 1316 351
5 4486 6497 2626 1493 6003
3 1360 7384 7906
1 5454
0
4 2612 710 3070 1050
4 5821 2350 183 8744
4 6283 0 6537 7275
3 2193 2095 7539
3 6941 2497 2462
7 5295 6427 6849 1638 9848 931 8784
4 1298 4854 9419 4062
2 7938 571
1 4591
11 2953 4372 7023 6707 1927 8232 693 9641 7068 1602 984
0
1 2929
3 5820 3861 4893
7 5027 936 5011 3939 6668 495 9985
3 7947 2801 1090
3 2681 9353 343
3 6913 6002 8072
3 5029 744 4970
5 2848 1446 188 3711 8159
2 6036 7393
0
3 3046 7113 3474
2 4866 4802
4 935 1712 427 8014
6 5694 8273 8463 956 5996 1464
1 1865
0
1 2237
0
1 7944
1 3988
3 5924 1318 9478
5 5636 3781 1687 4539 1997
6 1840 4019 3270 1298 4549 4648
3 9272 8723 5178
2 6170 9045
6 8464 7125 3645 9760 1695 9268
3 3281 3219 2181
1 3724
0
1 650
4 26 855 1266 7373
1 7250
4 6673 6893 434 1490
0
3 1115 9718 3995
0
6 2773 9783 1571 734 5375 8927
0
0
0
1 4503
2 2473 779
0
1 3687
0
3 3051 4332 9829
2 9628 9309
0
4 8941 3867 6044 6286
1 3159
1 3916
7 7741 4022 5553 2183 9839 8312 6908
2 435 51
0
0
0
3 2278 5122 3591
1 3637
5 4727 1544 8153 7110 8266
2 4933 9461
0
2 4414 1509
3 6630 6586 6134
3 7492 216 1664
1 1508
0
1 3975
4 8423 7550 4211 5691
0
2 6900 6274
5 1809 5884 7501 133 5415
0
6 7641 5560 7442 2067 4349 4557
0
3 6200 2656 8867
5 9711 1691 7170 5102 7108
5 8180 1610 7944 595 4905
2 992 6528
3 3177 104 9138
0
4 8891 2683 5221 7307
1 1130
3 4304 3477 9616
0
1 1194
1 9289
1 2126
5 9031 5597 5478 8636 6133
4 2329 1185 9855 2054
4 1595 8327 4796 6986
1 9117
2 5677 2427
5 5458 2894 4089 9629 3140
3 8196 9199 173
2 318 6206
1 749
3 5041 3992 6321
4 2167 2312 6630 8736
0
1 4598
0
3 1201 287 5891
3 5929 1088 8306
0
10 3014 3953 4338 1218 9188 6308 6723 355 267 4791
4 6005 5449 5844 4872
0
7 4963 4372 1142 1800 9736 1415 4398
2 3055 3910
5 1302 2316 1353 9414 9912
4 2120 8411 1960 5309
3 1206 4121 4288
1 2218
1 9856
1 7191
3 5341 4742 2426
0
3 6684 9607 3577
2 8572 6317
0
4 8397 9276 8148 9809
2 8562 256
1 9814
2 9985 4853
3 9646 8425 3440
3 4542 2131 8153
0
5 8968 3371 7001 8370 1913
5 112 3789 7695 3656 9445
5 6802 9928 4246 4209 2810
3 3297 4423 952
3 9652 5908 4680
0
4 9660 939 6355 322
4 7252 3684 9874 2951
2 6354 99
5 1161 5797 7169 6667 2934
3 487 6161 3805
6 1463 9892 8324 902 361 3742
1 2227
2 444 3747
5 4886 1053 1573 3115 2101
0
5 8445 5459 5945 6899 5630
4 182 2368 2472 1528
1 4223
3 8267 3839 2094
2 5043 7689
3 9393 4598 8027
2 8196 6668
4 5761 9381 8482 9073
1 1528
2 8787 931
5 8205 5338 5395 7476 1161
1 89
5 5995 7347 6152 5174 7745
3 9357 9366 7360
1 900
1 1510
1 7919
11 9481 3967 9460 3395 9782 213 4820 979 8445 5849 4386
5 6977 2765 5604 7937 2109
1 4550
4 1268 1363 7534 6810
2 9699 9590
2 2292 3383
4 9930 3483 7413 6928
0
5 820 5981 8740 7754 9007
1 2987
4 7090 8707 8478 2382
1 9533
3 1663 2784 2621
7 6262 9330 9824 5204 64 3053 2861
0
1 4954
3 2965 377 8923
0
1 1705
1 3838
0
2 6583 9482
7 4042 4708 5419 7332 2827 2831 6763
4 9860 2442 3664 2627
1 233
2 6091 6674
1 9956
3 7036 1434 598
1 5540
2 5047 7946
1 2397
3 2105 9732 477
0
2 9272 7595
2 5431 2928
2 6973 4398
7 5422 8534 5998 2355 9081 7185 8517
4 9334 2450 2607 4008
4 1768 6046 8351 9628
1 5920
1 8223
3 9800 7202 9782
8 4094 3373 2256 7536 124 8954 72 2858
4 1217 4586 1339 9183
2 8228 4852
0
3 7996 5558 1843
0
10 8853 8159 5476 4709 9484 1396 4034 5650 8145 6077
1 2569
3 3006 5252 3747
5 3177 8172 4592 8326 5520
3 1454 5748 5480
3 627 3370 6041
0
3 6234 3806 1111
0
5 7335 5091 8527 4492 261
3 5535 9135 6668
5 7049 3173 4896 9933 9965
1 1158
5 1749 4687 9750 6014 2888
3 398 6120 8581
6 2191 3086 4125 5070 8289 5575
0
9 3551 1452 3688 8979 7349 2718 4078 8758 5110
1 3388
1 6005
0
2 7796 134
1 2351
4 3572 9948 7001 9017
3 2309 3953 8302
0
2 7752 549
4 2995 1213 3635 5946
5 5868 1288 6871 4967 4721
0
4 1998 2040 9903 6701
2 3869 9941
5 9202 2636 67 2732 2227
0
2 488 3201
1 4413
0
0
1 7351
2 8617 4989
0
4 474 2734 5122 172
4 803 230 9579 5119
2 2480 3112
5 3989 5167 2766 6164 8817
4 9812 9925 9445 2078
5 2678 1508 8432 2883 7870
3 8020 4711 8989
0
0
3 8748 3105 560
2 2160 4669
4 6997 9582 802 238
1 510
1 7037
7 5054 6514 3730 1876 4780 6917 7518
2 6875 2835
2 3132 6518
0
2 517 2530
9 1402 3630 1886 5293 3876 3863 5901 2618 2333
4 8280 5911 5426 5956
0
2 7669 6704
2 3555 9687
4 8623 2694 5458 1008
5 8131 2148 3311 2586 9473
4 9549 2745 1639 7423
2 5098 9814
2 7996 889
2 8424 672
5 9137 7517 4377 6731 2371
4 9632 1732 7314 6483
4 2019 9814 4394 5095
6 5687 9466 1558 2861 7145 5491
5 6544 3014 1974 3753 6790
4 5387 6374 8182 4817
1 3326
1 4463
5 767 2959 5863 684 38
0
0
3 2939 1516 7133
0
1 643
2 4715 3555
1 3549
0
2 7912 3015
0
0
6 4577 5511 7013 1699 6401 4265
4 609 9402 5871 6535
3 5170 6973 112
0
2 5370 967
0
2 9025 9633
3 5261 7369 3026
0
3 988 2165 9428
1 752
2 3997 92
0
3 112 1308 6930
0
4 7947 1035 1899 6615
2 3135 764
8 8229 3510 6821 1261 9100 8860 7263 8580
6 1986 4938 5964 882 6261 8714
0
5 634 3673 8822 3135 9669
2 932 4370
5 2496 493 7713 1342 8162
3 8236 1096 1657
0
2 4361 249
7 1539 6085 2747 7340 7819 8041 8436
1 502
2 3465 1034
3 2571 7106 7279
3 6921 71 6630
6 4319 3297 7233 6131 4855 1836
1 3106
7 2212 9900 2704 858 5607 6911 6245
7 6132 9007 7001 2785 4796 4153 2993
1 2363
1 5588
3 9901 3866 5636
6 1835 6762 8046 103 2314 394
1 1744
2 4969 6288
1 4409
2 2690 9299
1 2309
5 5417 1167 4194 6516 9941
0
3 7469 262 8430
1 7859
4 554 7434 7499 9841
4 3581 632 5115 4865
4 1707 4119 261 6347
5 7035 9277 3510 4625 3601
3 1629 2530 1931
6 7128 2617 3549 3720 8746 4428
3 1467 7914 7403
2 4817 1683
4 9144 8907 8748 8132
1 3024
1 7303
0
5 2393 6785 1772 678 1217
0
2 1850 4943
4 1198 6933 9541 8117
3 9856 9322 9516
2 3324 2328
0
2 5810 4352
4 8546 2615 8243 4479
2 5320 9449
4 4452 7439 5936 820
0
0
3 4871 9897 2906
2 9196 9488
0
2 1862 5225
4 7386 3685 3171 9668
3 8079 9061 7553
1 9523
2 9181 4042
0
1 1949
1 9785
1 1011
2 9923 3194
5 6086 1980 7899 9699 1703
1 1901
9 2471 236 3480 4636 5959 6723 7309 7139 8526
3 8547 8373 4229
3 434 8425 2162
5 4158 4280 7413 349 6615
3 9661 7567 64
1 3390
0
0
1 3992
1 2646
3 7656 4622 3860
1 3579
3 9105 4858 3180
1 9865
0
2 6878 1417
4 4022 2986 9722 5098
3 3883 2907 7658
5 1109 3826 3574 8852 3298
2 6512 752
8 775 7732 104 2703 2199 1385 1762 345
2 4415 349
3 261 6628 7442
4 8848 9673 3379 3739
0
2 7851 5461
5 653 658 3914 9929 764
4 452 4417 9872 5684
5 9918 9760 3428 1665 689
0
1 7246
2 5659 2152
1 7939
3 9722 6646 4685
0
4 4890 2880 541 5713
0
3 6527 2570 4296
4 462 2194 9393 2878
2 3416 3461
3 89 940 8497
4 988 3811 1481 9334
1 3446
5 5321 826 9947 7109 3751
4 1307 2068 9100 8205
3 5784 6509 2097
8 1996 2359 9632 7677 3346 4642 7034 8465
9 4211 6500 5376 7332 4546 1629 9272 9649 6369
1 3581
0
5 6266 5321 4684 3925 4955
0
4 1546 1643 543 2087
1 1596
2 5363 4211
1 8660
2 9661 5669
5 7447 6019 7100 5983 2217
5 668 4911 5921 6960 9929
2 3860 4333
1 2168
3 2329 3695 62
4 3833 4181 3047 445
0
2 6400 4701
1 5873
2 3014 7839
3 242 7571 5443
5 8272 8819 4234 6048 1935
3 7270 5514 6823
3 9739 126 721
2 4889 9954
0
4 2460 5887 4206 5000
3 2030 8324 5034
4 483 1969 1628 3272
3 9155 8898 2617
2 8974 6218
2 9497 7557
4 4842 2840 6523 124
6 5651 5653 3277 9119 4116 3238
0
1 3367
0
1 803
0
1 6540
1 7724
0
2 3158 5423
2 8556 3148
2 8488 9086
5 8150 4647 3246 4577 2939
1 8746
2 8234 1052
0
2 1295 7247
0
4 973 5625 4184 5063
1 5495
4 8674 8904 4862 3157
4 5600 3570 1614 523
0
2 2152 6134
0
2 5191 3538
1 8427
3 1462 6765 1049
4 4817 8139 6935 7753
4 9639 2031 7084 5458
3 6783 3101 7842
4 1004 2714 6594 95
0
0
2 2829 2365
1 6807
0
1 9041
0
3 3024 2472 1042
6 8425 248 6939 4584 5663 6374
0
11 70 4565 4290 9966 4753 2398 3875 4872 6610 7796 9083
0
6 9150 6988 4532 8451 9718 9485
4 2511 2628 9958 9669
8 2095 3894 802 135 6391 5073 5999 7833
5 824 3155 6244 9135 3054
0
0
8 4175 4216 5437 8433 9383 7227 8434 9331
0
2 8247 157
0
7 6223 2520 8483 1594 5535 1950 6654
1 9739
3 906 5864 260
3 5376 1273 6307
7 1622 1825 5240 5155 1051 5408 2890
0
4 4837 5676 4505 574
1 3680
1 7751
6 6802 265 9788 9822 7707 7257
4 8518 3186 7247 3566
1 917
6 9853 6318 2993 2863 6949 3882
4 4032 6887 7363 8172
0
2 5405 2115
7 9900 8165 6445 7027 1287 4732 5662
1 7632
2 6085 8240
5 4250 6906 6526 975 8982
3 9273 311 736
2 38 9336
3 5169 3281 7737
4 4439 9276 3489 5894
1 967
5 7425 7260 1690 5808 4414
4 3695 5910 6654 5190
1 4974
3 318 6836 3117
2 3019 4116
3 7066 7114 7950
0
0
4 2591 3881 2514 6554
4 3263 3913 5649 5864
4 9020 9429 4415 4742
8 3180 2818 730 5265 3689 6497 5634 2212
1 9690
4 7159 9374 1253 1165
4 8590 6406 3252 7190
6 8924 3104 2570 626 4585 9005
3 3098 958 2840
1 7543
2 2622 1491
3 6928 1934 1158
3 1397 8415 1014
2 5270 8233
2 410 5517
6 7246 1982 4920 5475 3020 477
0
1 3530
4 2881 3339 5098 825
0
6 1024 7832 4636 7538 5140 7008
2 4147 7565
1 5660
3 1214 9503 4303
6 6140 2331 2671 4805 666 3145
0
1 2851
1 5317
4 23 3325 8296 7058
2 1591 3599
2 7651 2656
2 8024 691
5 19 6521 106 6140 7383
1 7601
9 6574 6776 8288 4878 7110 1488 2412 7981 6141
3 6804 9611 9582
2 8445 4872
3 6616 9749 9627
3 3988 6976 6588
0
1 4791
0
2 7549 778
0
8 208 1651 9165 4575 2096 24 1749 3793
3 6732 3973 4936
0
2 8894 3388
1 1593
1 7119
1 742
6 9347 1863 3701 9206 3639 476
5 2451 2136 3545 9900 9269
3 1337 1604 5097
0
4 9270 2150 4791 5603
2 9382 157
2 199 8707
1 2705
7 1849 2876 3352 2775 632 210 5194
2 4595 1751
6 7087 5315 4415 932 6138 5087
2 1745 9578
3 5874 7260 7220
7 8681 4152 7638 7568 7461 211 823
2 1051 6004
1 6710
5 8493 4088 2412 6930 3165
3 3126 3868 2158
5 6686 617 8692 376 7851
4 1915 8800 962 8386
3 1998 5625 9150
2 5129 491
4 3205 169 5424 7455
0
4 6877 7872 6298 6804
5 9139 3263 550 1834 6523
1 8953
0
3 6253 5387 6083
5 5358 5987 1951 3532 7132
4 9195 9723 4406 5578
4 123 6364 8616 1405
2 8693 9412
3 7942 9000 2977
0
0
3 823 9909 4457
1 6049
6 8859 2370 9962 1730 9338 8471
0
1 2635
2 1240 8654
4 2007 400 348 9037
3 2207 9727 6930
0
4 5361 7678 9180 7565
4 1303 5548 9288 834
1 2928
0
0
0
0
2 2900 2456
2 8054 1931
7 4766 4681 6172 4920 3499 7751 9409
3 6932 9777 7718
6 5588 8179 4427 7887 4521 501
4 530 9868 8174 8189
1 6348
2 6330 1535
4 2393 9436 1558 7440
0
1 1822
4 4619 5518 6376 1176
2 1296 9022
1 4184
2 2871 4855
1 3234
0
9 8190 1333 5667 5740 482 4331 9340 4559 3022
5 1249 2560 3416 1276 960
0
1 1326
1 1671
1 391
3 3759 6398 3647
7 2312 2156 5973 1468 1024 2126 5215
1 7091
1 4648
5 3076 5266 3303 7555 6455
5 5383 1265 2217 5814 4124
6 376 1219 1790 5330 7762 6627
1 4536
5 3120 4400 1723 312 4807
2 899 8039
2 3757 2060
6 1801 4384 2522 8976 9599 9669
0
2 5138 9364
4 3380 1007 7142 7324
5 5381 5979 7944 7307 3448
2 9745 8611
3 562 4644 5294
3 7445 5774 7103
4 9488 4918 4853 3024
6 6068 8778 9918 2488 3932 8393
0
4 6149 3464 434 8425
2 6081 90
1 9850
2 2272 5528
2 8911 2137
6 2127 491 6205 8637 6501 9515
7 1155 5593 4182 7133 9783 537 243
1 2823
1 5137
0
5 5234 6304 4097 6364 9023
3 1838 785 2342
2 9464 2670
4 4277 6650 2935 2435
5 2602 7756 5321 7156 5581
1 1807
1 3523
1 5568
5 121 1789 2787 1466 2907
0
5 3788 1594 1283 4570 9351
1 3444
4 6022 2383 7450 9082
4 79 400 6463 7933
2 2925 4118
6 5618 3760 7342 2061 2025 7669
5 3803 3177 7982 6361 5416
1 2868
1 929
2 6207 7777
2 3806 7779
2 7995 6344
7 9501 5513 2674 5994 2640 1029 2145
3 2058 2201 6051
0
7 8977 963 4158 7431 1414 2106 9106
1 7591
4 9510 6246 5738 1841
1 2739
0
0
0
1 7208
1 3340
5 9929 4967 6375 2862 2637
1 7007
3 7836 9534 4769
0
1 8545
6 5191 625 8439 9579 9315 5741
11 5678 3597 2799 6059 5389 7228 6439 7850 6176 4340 7851
7 5606 5185 1954 2625 6092 6956 3048
2 3601 7345
1 8697
2 6224 9320
2 7419 1737
0
3 6158 1563 557
0
5 288 5442 5868 9614 9224
3 1312 9039 870
0
3 9648 9289 188
4 9666 7312 7136 7155
6 9964 9339 98 1901 6571 2301
2 7234 4065
4 3321 1022 3179 6721
2 1634 9880
3 8609 2725 8842
0
0
4 3502 4193 8595 4907
7 4357 5243 4455 1189 1312 4920 5819
0
3 4545 1318 3547
4 9525 8653 3558 9350
1 2843
12 6085 4120 2750 2345 8884 9904 3486 1834 6925 7078 5071 4178
0
4 6664 3927 8924 114
4 6146 8694 1533 926
0
0
5 7383 8892 4015 6944 3973
0
0
4 4950 7244 256 5064
4 77 984 7946 5123
1 4427
4 7580 7730 7549 363
0
7 5234 8835 2773 551 4574 766 2403
0
3 4341 5083 6156
0
3 425 8396 2472
5 4778 7007 4297 5765 962
0
0
0
3 1532 8669 2932
2 9695 2054
7 1676 8491 7462 3946 3815 3209 3114
1 5535
4 6081 8746 852 6734
3 7915 5140 1932
1 8283
1 865
3 9589 1242 2489
3 6900 9608 7098
1 7252
1 8767
4 6761 5980 5473 4790
2 4269 152
0
3 7226 5841 7042
4 1056 2336 5159 209
5 535 3793 3797 8924 1893
3 6551 1488 884
4 9816 9940 2064 1451
2 6088 8421
0
5 1934 7871 1231 7234 9341
5 448 8585 1342 6746 9482
5 7187 3491 1023 581 9924
0
4 2798 7907 5810 8437
4 2532 1905 1584 5613
3 8484 8869 4007
3 179 7675 6046
4 5144 363 3663 87
5 6140 7129 3140 3305 2581
5 7665 8457 1138 3358 5821
1 5312
5 7829 7806 7061 6590 8725
2 1864 7102
0
3 5522 1750 3139
3 7788 6343 308
2 8527 7591
4 946 2758 6917 268
0
0
6 7316 3552 5952 7473 6537 5069
2 7175 1206
1 7985
4 957 8099 3921 515
1 9888
5 4865 1854 2858 7526 8157
2 3269 7433
2 1615 2235
5 3338 825 6644 957 7133
1 5098
3 8808 6095 7638
2 3906 3167
5 3169 5672 6160 2522 7106
1 988
2 2000 4441
2 1211 4687
6 1498 4142 7996 1840 4255 5095
5 6955 2165 7677 7886 6295
0
0
4 4083 2390 6059 2900
7 9641 2350 1106 6523 9593 5805 9108
0
4 9827 8876 4008 6094
0
3 2841 8041 6597
0
0
3 6922 9284 4091
0
0
7 9548 6194 4114 609 9274 757 5888
1 9785
2 38 3478
0
1 9289
5 3104 2764 4855 790 5096
2 3006 6341
2 6732 5677
0
7 5446 3374 826 8670 7850 1160 5228
1 77
0
7 5401 6866 3448 2839 6891 2757 6637
6 8238 3648 2173 5152 8051 1392
3 4792 1528 7415
3 4146 96 1112
7 5987 8775 5376 747 4150 5281 7751
2 4855 8751
1 2775
1 7345
1 9022
0
1 5662
3 5497 3417 7200
2 1050 3307
1 8010
0
0
5 71 4375 416 9600 7564
3 6652 4889 6391
0
3 9647 6715 3885
6 3591 1263 9556 3479 8516 1860
4 7079 3274 8101 7094
1 2003
2 3513 8132
2 7391 8115
2 5347 9590
4 6019 4412 4872 5176
3 2645 2541 4249
4 7513 9385 288 4137
1 202
2 5926 9294
2 4652 1855
0
4 760 5744 765 8739
1 4616
6 4988 973 8927 3085 1804 5331
3 9848 8070 1685
0
1 9694
4 926 582 8625 8865
7 1597 4352 8718 3991 1575 182 5342
3 5279 8186 7678
0
1 612
1 1462
3 2598 6330 5190
3 4601 7997 1979
1 7646
8 6412 7785 5193 2461 2429 3280 2173 3014
3 403 3061 8724
3 8935 3122 5436
0
4 5747 6074 6571 9558
2 9367 1256
5 7181 3065 6618 3061 4642
2 6426 5347
3 1640 2685 2490
3 7912 4899 7192
5 5888 9489 1334 9051 7932
3 3565 2460 3923
5 4027 8032 3217 1726 6439
3 3518 301 2989
3 7847 2871 4435
5 8800 303 4876 7900 9284
0
1 6590
2 1092 1323
5 2156 4071 8473 1984 120
3 133 4612 8797
5 8079 131 1481 5270 777
6 8519 9211 1424 5774 6168 7368
1 2480
4 6145 6019 7578 3820
4 908 1329 6776 3595
3 2158 1073 3621
3 3207 7402 338
2 263 3046
4 2134 5275 6979 4089
0
1 8523
3 22 88 4742
5 8449 1697 7101 3308 3369
8 7208 6451 4478 2933 5113 6938 1509 3862
1 965
0
2 4829 7962
2 4438 5224
7 2709 9369 988 4006 8637 208 7379
1 5995
5 283 6786 5556 9073 5885
1 6652
1 6278
8 4487 2225 1936 64 8955 1516 9987 1141
6 193 7288 9999 6895 565 1936
3 1011 9478 4169
0
1 33
4 6652 3951 4007 7811
1 4008
5 1014 5556 3225 9591 8758
1 6301
8 2675 1543 858 8951 6807 513 5742 8670
3 4348 2809 2250
0
1 4018
1 4175
1 5529
2 4002 6905
0
1 7511
2 6268 7387
0
5 5555 5275 7681 3511 5469
0
1 9890
1 6957
0
3 5431 369 7094
7 4167 817 8397 6624 4540 8664 8570
0
0
0
4 7619 2935 6989 2684
0
1 8861
3 263 3574 9227
0
1 7861
5 8151 2685 8273 7758 1849
8 5174 5094 4719 246 8648 8618 1049 2534
0
1 7092
5 1831 8388 8487 7286 6204
6 8414 932 4973 9393 3764 891
6 5857 6826 4404 9037 5173 1237
3 6460 8257 1296
1 3070
6 3794 7306 571 9562 5123 8363
2 2201 4653
10 7190 6852 7638 9844 3779 7659 6381 4154 3352 3642
3 4463 5909 5542
4 1145 4269 2425 4754
5 3629 7678 8306 4345 31
3 8783 4716 3273
2 8179 1936
1 5703
6 7843 9009 4521 859 839 5213
1 4715
2 6474 8580
5 2143 2626 5291 8149 9496
4 7070 4003 2629 138
1 2635
2 299 7178
5 2345 7483 9982 8161 7347
0
2 825 8673
4 874 9672 5374 4548
0
0
4 7161 3575 6717 8531
1 4407
3 9699 6167 2176
0
6 8574 7410 416 5480 3947 8874
0
0
2 9197 3328
3 5344 5773 5221
2 9590 3788
0
0
4 4675 6632 7498 6313
0
7 1674 3262 124 54 1971 7163 3229
1 2201
1 9041
1 4910
4 8585 5364 9514 5941
1 2697
0
5 8517 5153 2415 1350 393
6 9893 3103 1277 7222 8179 9630
4 2966 6810 1188 5634
4 6882 4347 4363 9463
4 7578 5381 3988 4563
4 4357 9129 5153 1055
3 3273 7407 2071
5 1704 3234 3832 4294 6074
0
3 870 9890 183
2 5548 0
0
1 7274
3 1749 6333 7193
1 5997
0
4 3360 5738 2342 6334
8 9625 6993 9911 7709 2629 2669 87 3049
2 1481 6730
2 8825 4704
1 9600
6 187 3465 7215 2093 1570 1351
1 9576
3 7591 6266 9366
0
5 1597 3685 1484 6145 3669
0
3 1465 2219 1987
6 7501 213 9781 8311 3994 7018
3 9478 7470 2457
4 9866 5250 6742 2239
4 4489 7648 4634 4501
2 6622 2817
1 7316
6 4435 4072 2170 6769 1287 777
0
2 3838 9880
4 4157 741 5748 2175
4 9393 5054 182 9121
2 3273 3343
4 7868 4996 1156 6980
4 8553 840 395 339
5 8829 463 1187 4934 2667
2 9570 9478
4 5352 9157 4397 908
1 2840
3 287 5864 4670
8 7084 1240 2540 3157 4090 4425 40 2490
3 9417 1380 6279
4 1414 7455 4034 1867
2 7652 9502
1 5977
1 2265
3 6921 6332 3931
4 3560 4250 1156 4901
0
1 6258
5 6767 6375 2472 6262 1151
4 2458 8338 7561 4116
3 8094 4319 429
4 526 3379 927 7152
1 9393
0
7 8334 3505 5325 538 3488 3579 1096
0
1 3577
6 5112 2117 751 1918 9782 663
3 7139 8585 267
4 9961 6666 2504 9840
3 5705 2843 3430
1 8568
4 6602 1500 2918 419
2 6945 4022
2 2514 4326
1 8861
1 9791
1 3204
0
6 7740 9855 908 3485 1951 1510
1 1594
2 6168 5527
2 7824 4464
1 6729
2 4954 8502
0
0
1 9429
4 7571 1790 6673 8865
4 546 2694 2516 4114
1 2236
0
0
3 4550 9026 2160
1 2677
1 2000
1 8775
2 2634 8196
1 8005
1 3363
1 4631
2 4206 5422
1 9805
2 6837 9863
2 7972 9252
2 318 4335
4 8274 1704 651 5346
1 5518
2 5030 4972
3 3402 1800 501
7 8221 6814 9142 1996 5072 1899 6982
0
5 740 8235 1573 4890 7370
5 1530 4948 1289 2718 8229
5 1333 7039 6723 7046 2365
2 4127 9128
1 2606
1 2247
6 694 2054 3009 1433 3702 2105
5 5954 7154 2020 1570 350
0
6 2553 9581 537 6712 5365 2160
0
2 8996 6906
2 1037 374
2 3717 5874
0
5 3802 5177 5023 1308 4547
4 8498 917 4785 5398
3 1615 2006 4607
3 637 6091 9208
2 6996 6652
1 2134
0
2 6045 9517
1 6182
4 8254 3096 4894 4976
2 1173 8999
4 5607 6503 1895 891
7 4977 1407 5754 1486 694 1120 9445
3 8537 7657 3198
0
1 1301
2 5376 4099
0
2 5758 8935
2 8630 3789
1 4948
0
5 7288 9510 1790 1196 8797
9 7485 5596 5561 9857 2878 3034 1829 2623 3916
6 650 7456 7388 5326 115 7629
1 1890
0
1 8264
0
0
1 9634
5 8290 9785 2472 4817 3241
3 7952 510 5535
0
4 7645 7373 2363 9239
2 7043 8350
0
2 8581 3486
0
3 7593 4275 7321
0
1 2866
1 462
0
3 8937 5511 8569
2 1735 188
1 6958
1 2046
5 8634 1246 4174 1462 756
7 8357 496 5757 8812 1448 9457 8222
3 6275 4352 801
7 5426 3414 7744 1082 878 7930 2877
1 7842
4 8107 7275 1085 693
2 7868 5622
0
1 7745
0
6 4295 842 2754 628 8116 3555
4 7263 182 77 9116
3 778 939 6289
4 1396 9886 7012 564
3 5051 3474 1643
1 9334
3 8014 8469 3307
5 248 6930 3349 6074 224
4 6806 8361 6375 7166
2 2198 4101
1 5028
2 7063 2969
4 6783 1335 9233 2071
0
4 2297 877 3776 7057
4 4019 2371 1786 368
3 9950 9394 1294
1 150
6 6001 6587 7539 715 5931 2928
1 2851
7 6509 100 4331 4406 3389 4377 4971
0
1 929
0
5 1834 3309 4592 683 9946
4 5167 9180 9823 4486
0
3 7752 1821 1095
2 4584 3971
2 501 3865
3 4989 1722 4022
4 6092 187 1833 1589
2 5411 6002
4 822 9123 2233 1330
2 2924 3591
6 5912 7010 6761 4956 5136 1087
1 8678
2 1375 1851
1 6455
6 4862 7978 8151 7139 3273 8948
1 342
0
3 2341 7590 4297
1 6480
1 2793
0
1 2911
2 9051 6917
1 8763
2 7816 812
7 4778 3696 5475 9227 3753 7966 3617
0
0
2 1824 7242
4 871 6944 6075 8562
4 2122 5654 685 2226
1 4851
7 8780 369 8957 4578 258 6168 2126
1 7672
7 9468 8207 8600 7906 4017 3980 6278
0
0
3 9117 155 5199
0
2 7 7994
1 2152
4 7030 4448 8697 8913
3 5821 2638 4360
0
0
1 4957
4 4600 5450 2851 9730
2 4950 1774
3 2671 3462 3329
6 204 2993 6023 2491 5927 8340
4 315 3916 2311 7249
5 6047 7379 3280 8268 2893
7 5188 2261 1374 4624 5945 5313 5522
7 5820 2475 124 508 5714 1589 8201
1 4401
0
0
1 1422
1 114
0
0
3 7220 7379 4557
0
4 8043 7314 1964 729
1 8769
2 8974 3159
0
6 9069 2928 8555 3666 5318 5179
2 9485 6666
1 8953
6 5419 6039 5057 3888 7979 3154
1 9434
0
2 9169 9215
0
0
0
1 1521
4 8433 3495 1178 8004
1 8500
0
0
5 2011 3366 1529 3344 1952
0
0
3 6082 4630 7208
0
0
3 3167 5268 3154
1 4860
2 7517 5418
3 1039 9150 5772
1 345
1 9439
1 3379
1 5492
0
4 6865 8262 5729 1665
8 9176 9357 4676 2376 8988 4752 371 7188
2 4223 4894
0
1 233
3 4477 8946 4058
3 4417 6255 8297
3 9782 2870 7431
2 421 4841
1 6546
4 7249 8490 1326 5587
1 3383
2 6059 9693
0
2 9372 8512
3 7838 1581 677
3 5859 1130 3764
5 681 2500 1102 9523 5338
1 3354
0
1 2034
0
0
5 8844 673 882 5987 7199
1 653
2 6022 1360
2 2841 7829
3 6446 4963 7084
2 5384 4872
0
7 3622 3286 8220 9292 698 2560 8957
0
4 7085 2658 6995 8093
0
0
5 4866 2214 3379 2863 8225
1 5747
3 6964 5583 9835
1 6354
2 4917 2725
0
4 1801 3363 215 5997
1 6339
8 3313 5027 9721 4517 8001 9974 7371 6031
0
4 680 8771 7590 5382
1 8587
2 5960 9418
3 1180 8861 8791
0
5 5849 3691 3632 8936 5738
0
5 2873 3147 9399 410 6901
2 4057 2420
3 1906 5692 2929
5 9088 2950 467 6626 8181
2 6698 2748
7 3412 304 172 5038 4634 9652 482
1 766
2 1063 5947
5 3662 1598 3850 7938 395
3 3984 7741 4442
3 2577 8546 671
0
3 973 8319 9576
3 113 3601 6817
1 7372
1 3030
0
4 1528 9992 2725 9065
1 1042
2 5726 8084
5 7629 308 4865 7275 3807
0
2 2194 8793
2 683 2173
3 9536 6851 9605
1 5003
2 2206 9235
4 5913 6624 9805 8114
2 4773 5058
5 9124 7314 3981 1080 6216
4 2313 2379 7658 7576
2 5024 4229
7 1880 4855 384 5917 9801 1865 3919
4 9277 3812 5029 1153
3 4267 329 5188
1 1825
0
5 6582 5705 8952 3380 3180
3 9394 2141 5704
1 7543
1 1347
0
2 9291 4990
6 4448 1044 8240 4630 4295 7880
0
0
0
1 6067
6 4140 5066 4906 7339 1836 7544
0
0
2 6952 3346
2 3777 6837
2 149 1215
2 9869 6022
2 8198 4442
1 6683
6 4099 6531 6848 2696 2179 3906
3 2802 3495 9178
4 8290 7720 1928 8031
4 8443 5650 6804 1991
1 5479
5 6414 807 7332 5592 9350
0
5 9761 5717 2900 2328 9710
1 5121
5 5561 6464 882 147 8879
0
3 8785 340 3130
2 617 7590
2 8294 1012
0
5 5718 6756 5816 6997 1951
1 7052
2 3893 7545
3 7367 5839 5486
5 8839 7549 5725 8697 7708
9 6317 9791 7655 9270 3181 1511 170 6101 2618
6 7733 7784 1798 5535 3826 7113
0
2 1047 1550
1 8074
5 6085 778 9224 8273 7114
3 3475 342 6874
0
5 9792 9063 4228 5337 8452
0
1 9315
5 7228 1869 1852 4970 6265
0
0
4 3754 1278 3538 4387
3 4677 4591 1368
1 9171
6 8465 4329 8911 860 4837 1156
1 5630
5 326 2734 1735 761 484
4 5889 7772 9357 7191
3 3991 6374 981
1 8378
2 3656 365
2 6611 8326
3 3982 5266 2606
4 7366 6474 4262 9963
3 6916 8368 6564
0
4 3599 9095 7642 6094
5 9184 1170 7662 4681 7416
0
3 3072 1860 5446
1 710
1 4075
0
6 4094 6607 5912 2185 3995 6462
2 9507 1330
1 8229
0
3 5976 6291 5352
6 2131 5892 2940 9100 1340 2888
1 8198
1 4667
3 5748 2574 5148
1 9102
3 3775 2209 2883
2 3070 1096
1 8498
5 5489 6168 3762 2646 8941
2 4747 4724
1 8425
1 8983
6 7537 3154 5713 8332 5673 5423
3 9510 3506 1905
0
3 6100 1082 935
5 7776 4990 5286 3671 6462
0
5 3055 4180 7906 9239 6276
6 3907 1325 6994 4320 7365 3750
2 2936 2272
7 9507 6647 7950 9352 6468 2093 307
5 3596 7953 7565 2754 454
2 3272 516
2 6934 7107
2 5104 9154
4 4034 7047 9604 7768
8 2413 1588 8981 644 3269 9499 3809 5796
1 7838
0
3 3165 1132 9170
7 4655 1543 7737 4826 1912 9228 7403
7 9947 9800 1532 5444 449 3809 7614
0
4 8298 3541 2728 6186
3 9699 7762 7409
2 5063 8346
2 310 9832
1 434
0
2 2289 4761
1 1639
3 9330 2581 776
2 3704 1718
0
2 3693 9824
1 1637
4 5402 4273 156 9980
0
0
1 5137
7 6142 5859 9087 7654 7265 4044 9037
3 575 7544 6311
3 7995 4897 1583
2 7345 2766
3 1164 3547 9579
3 1662 9607 597
0
2 2793 3446
0
0
3 1433 4622 5231
0
6 3848 4457 7261 4144 9663 9322
3 6737 9360 5585
0
5 9264 5499 9896 5269 5180
1 5148
1 63
1 7191
4 1575 2404 7448 7324
3 6624 958 2596
4 2081 7156 3072 9579
3 8418 9384 7463
1 2866
2 2363 6500
1 7921
1 2164
2 1178 4438
0
3 2752 5079 1770
1 1094
6 845 1046 4902 2937 2514 2079
0
2 5376 698
0
7 8217 8205 852 436 6106 4727 6317
1 3789
3 8704 6788 6986
4 3856 439 6007 629
0
1 2136
2 5936 2737
2 7043 2030
3 4642 2997 3431
3 3498 6514 6206
2 5103 9420
5 3609 5751 9418 3749 3095
0
2 3878 1636
1 2364
4 5454 8069 1227 1135
6 4890 5097 3188 9493 6294 9264
5 4717 1718 1107 7837 5717
3 5178 3392 5574
1 6037
4 6645 4351 2785 8243
0
7 8135 4278 7998 3232 2637 6504 4763
4 8470 8969 4241 664
2 588 6093
0
5 420 6994 2151 2937 7454
1 5267
0
2 359 4601
6 6806 3808 3297 7361 5514 1377
4 209 5454 2226 7472
3 1873 7537 7098
3 6742 2378 9432
0
3 3744 9582 7270
0
3 707 8273 6144
1 1050
3 5885 9074 7985
1 7409
1 2093
3 1217 3733 4072
7 6460 547 4546 9692 1734 900 8956
1 8621
2 9960 7591
3 7515 7813 4958
4 56 3378 5270 6566
3 2556 4161 5077
6 2180 5587 251 6104 320 3220
3 3546 8516 1756
7 7845 2993 511 8775 4502 4211 1356
4 9599 625 2744 1301
3 7614 3722 1890
3 721 277 5916
1 9117
6 6711 5853 3641 7215 9620 4588
0
3 2365 5797 3938
1 3666
4 7050 6875 8806 5575
3 4552 1545 7500
4 3869 7944 4556 7887
3 726 4547 4200
0
3 5691 6737 8443
0
0
0
0
0
0
4 6933 9498 2862 8683
2 1954 7620
8 3791 3753 7683 5680 3315 824 4072 622
1 3146
4 693 5293 6030 5803
3 6288 8346 2796
3 792 3747 5591
5 8920 248 6888 8282 1633
2 738 9355
5 9190 5026 1180 3951 2454
1 8053
0
2 1848 8643
2 4810 9507
3 9556 5340 3363
8 1769 3966 1359 1964 729 1750 3294 9428
3 2647 9302 1715
0
8 7913 1786 5549 802 6574 8607 2647 3543
0
0
4 6768 1428 2344 5311
2 8883 5566
1 7280
4 4488 3622 9138 889
4 8894 2540 6858 1777
2 1905 8875
2 4762 3846
4 3496 5709 1215 6965
0
7 930 5003 6735 1508 9169 522 5286
4 3107 9052 6762 237
2 1763 2860
1 2158
3 7325 7787 6666
2 2858 4380
9 2661 3053 6883 8903 808 9687 7363 242 655
1 6332
1 1200
0
1 9434
1 765
4 8679 5300 3385 9616
1 9000
0
2 4210 1987
0
4 8503 2942 1168 1442
2 3241 7714
4 7280 3291 1239 1554
8 534 2241 4149 4332 3882 2455 7295 5499
1 768
0
3 8733 680 5415
3 8730 6337 8540
1 9286
4 2955 7761 9740 4480
1 7793
5 8268 2264 9415 2839 9867
1 2342
3 9142 7146 5300
2 8547 395
2 952 7375
2 3273 802
2 3529 9639
2 7481 6618
0
1 718
2 7300 6324
3 9477 2299 6426
4 342 8253 2426 4237
0
2 5557 2205
4 3285 3440 1062 981
9 5112 3960 1100 6461 7720 7037 1867 8071 300
0
0
8 4706 3240 2780 9091 7920 4248 6600 854
2 3013 5252
4 47 7327 6650 2835
6 7897 5630 9033 1548 2170 849
5 4412 9067 1635 8108 2781
2 4560 6522
0
0
5 3181 4856 6353 6789 2504
2 137 494
2 8537 5997
3 9992 952 201
0
1 9663
3 6583 3959 6540
1 7752
2 278 6185
3 499 4844 8480
2 4042 7754
4 8808 268 9893 7172
0
0
1 6257
3 2094 8898 4263
2 9293 8676
2 9776 5578
7 4564 6219 9982 6861 9286 2597 9347
4 7648 8138 3458 2520
0
0
4 7540 1558 3364 6659
0
4 6566 2070 6079 6950
3 2502 9439 9943
4 4824 9930 8911 1072
3 5006 7922 7527
1 2904
4 493 5261 8462 5199
4 7719 1981 6271 319
3 1830 2361 7565
0
4 3178 4272 4170 998
1 2003
1 1084
2 5310 9555
3 5235 1284 4783
0
3 6874 5375 495
2 3465 5194
1 505
3 7637 2586 6566
1 1470
4 851 5582 9823 3059
1 9843
4 8054 9179 9734 1629
0
4 5588 2461 2051 2796
1 597
0
5 2431 9702 297 2741 9808
0
7 7005 7845 7346 9162 8829 4217 4535
3 3324 4040 9065
0
2 3440 9769
1 716
2 2502 4616
5 216 2032 5402 3162 3214
1 3159
0
1 6067
5 1635 3365 5670 3882 5298
6 2636 7220 2685 2980 2506 866
4 7947 5916 4492 3385
0
7 8662 9338 6040 6866 6631 3168 7696
3 4442 1372 8449
1 6589
3 8689 4501 5570
7 2256 9730 7268 578 3679 801 8889
3 3325 360 6647
1 6168
4 7066 7002 930 3413
2 4664 8483
5 372 2948 1666 4168 1708
0
2 8695 9065
0
2 9812 9472
0
0
0
3 6071 7455 8340
5 4710 2345 1208 6444 6077
0
3 6297 7726 9449
4 1266 3931 1868 9616
1 1260
0
0
5 6697 1573 8015 3214 9171
3 2077 5354 4417
2 9039 1326
4 8979 8460 7471 4952
2 9239 7008
1 3684
4 1972 7087 7855 9071
2 6650 5336
4 7657 8870 5456 6930
6 2802 3242 8110 5547 5064 5786
2 3416 6019
5 8912 9473 5484 4306 4198
1 7956
1 5017
2 1396 9968
6 6204 9180 8139 114 812 3989
4 1342 6784 9769 8222
4 6101 4670 6848 8217
2 5314 6623
2 2872 1396
2 1628 395
6 101 7707 5038 5454 8576 6265
3 6674 8334 910
2 5689 2878
2 7880 3683
3 778 2087 3472
1 906
3 2626 5747 597
3 4318 8392 3574
0
5 1234 2066 2374 8760 8122
4 4113 3029 5298 801
2 8609 2621
2 1112 5063
0
1 1060
3 4909 391 9337
4 5280 6001 9710 2582
3 6300 3866 7898
2 7039 9546
4 6458 9533 4093 5908
2 6420 4950
1 7867
2 2361 3187
2 6348 9291
0
1 1475
2 8897 2366
1 3935
1 13
4 9958 6855 4533 4529
5 3977 7364 1915 7441 2636
2 7336 7758
4 6464 3989 149 2581
0
0
2 3670 2251
1 3762
3 2735 1762 3864
0
0
2 3987 7518
4 146 6212 2931 4637
5 9553 3983 6462 4315 478
0
2 7175 8517
0
4 4666 7869 4375 5636
0
2 2617 6990
5 9814 8262 4464 3346 4088
3 8590 5130 2744
1 8780
3 7575 3579 2268
1 2106
2 9272 7467
4 5952 5346 9286 874
0
4 9405 571 9472 6153
3 3688 8591 7393
3 7985 7601 9439
1 5832
1 1433
0
0
0
2 7664 2825
1 5418
1 3906
6 1695 6638 3219 5045 7472 1751
0
0
3 3841 102 8622
1 8822
1 6783
2 8102 1629
0
1 3814
6 7796 679 2280 8070 3481 2694
2 4798 4415
1 6977
2 5330 9916
5 2415 5566 1875 8154 965
2 9409 7707
0
2 314 3370
4 8307 4301 8723 1736
0
2 4370 7497
0
4 4403 9364 3635 2120
1 8769
3 1586 6809 5179
1 2853
0
1 584
1 5240
2 7166 7402
2 7093 3609
0
0
2 1396 5756
6 1795 2854 8900 6001 112 2246
2 3328 4462
5 4407 9444 8468 8307 1301
1 8061
4 2992 3659 4427 3883
7 7496 4398 9639 4626 5368 9096 4388
1 120
4 3861 1740 8807 6719
1 8771
1 6896
1 4917
2 4559 5519
3 8063 8361 9981
7 6676 3858 8954 7350 5331 1800 1626
0
2 8186 6160
3 7313 3084 8604
1 2031
1 4598
2 8961 9017
4 4242 7104 6309 7839
2 3573 4335
8 2647 8492 8712 6328 2275 9719 4653 3035
0
0
3 6432 670 9670
0
2 7918 8182
0
0
1 4399
5 8277 6677 8395 4440 3358
2 1884 9078
3 21 9563 7577
4 9868 6227 7024 8737
1 6859
3 2359 859 4417
4 5036 1382 9668 4845
0
5 1042 6428 4647 3270 3518
3 5741 9414 3475
0
0
2 710 4187
1 9855
1 8606
9 7516 6582 6667 3470 6964 8916 6865 3944 4506
0
0
3 3608 103 7862
0
3 2234 8495 7074
0
1 4885
2 8774 1320
6 8049 4927 4940 8306 2576 3580
5 9249 9286 5040 3935 8022
0
0
3 9439 5744 4894
4 7862 7837 6715 8435
2 2645 14
0
7 4164 5798 4764 1592 2200 2798 1605
1 2030
1 9427
1 8379
2 8223 9220
0
2 6068 6807
2 9368 6156
5 4114 778 1678 2159 6031
5 1356 9791 1887 3346 8896
4 2873 716 9449 547
4 536 229 2584 1893
3 6046 7613 3761
5 3635 7716 739 7490 9385
2 3863 9832
1 3789
2 8297 7607
3 8617 9142 6894
0
1 9199
2 715 1334
9 5402 1635 1891 3467 1136 3475 6011 9149 779
5 2681 9975 7700 5729 9900
4 7170 2120 4796 1671
4 5691 2708 3879 474
5 3237 2906 4200 81 6969
4 7580 6901 6019 6278
1 778
2 6784 7556
1 2666
0
4 1264 5293 1135 4749
0
3 4130 9991 7631
10 43 2009 5101 8966 8133 3788 2475 8448 8213 4776
4 2292 374 3295 2975
9 3845 9987 2879 3791 5875 4628 8341 3725 5800
1 1224
1 7972
2 5419 3656
1 4642
1 2703
1 9838
5 6197 8785 4856 9235 6740
1 2743
2 6168 7858
2 826 9943
3 8606 3114 5592
5 5122 1602 111 4910 6585
2 3574 7813
2 6487 3379
3 7988 96 8556
8 8842 2199 379 3846 1025 8179 1528 4514
3 1629 8615 2289
2 4124 9732
2 4267 4890
2 9246 3838
0
0
1 8424
2 7113 5300
5 9338 9493 9381 2661 9769
4 2521 640 9987 1544
1 8668
2 8133 680
3 2158 1389 4286
8 5554 9150 9094 5133 2919 8972 4221 2504
0
1 5588
4 8089 3529 468 718
6 2637 3057 6281 1305 5501 2124
2 7875 2351
0
2 7234 6921
1 5157
5 682 2462 1565 8880 1482
0
5 1895 2003 1847 7947 6935
1 2586
3 3485 4742 3786
6 1353 2133 6925 9010 5060 7063
3 3777 1790 4578
10 3744 8895 3342 7824 2393 6718 3625 1122 1412 3490
3 2959 4678 3090
6 4795 9822 489 4365 2115 5418
0
1 1328
2 1508 299
2 5519 7433
2 7338 8328
1 339
3 6093 3290 3276
3 2159 3611 3723
4 8762 5689 6860 8084
3 4335 8907 5412
1 1840
0
1 2749
5 3951 1761 2075 1614 9224
5 5724 2168 6909 610 3601
6 3117 2704 4097 8349 8842 1312
8 9442 3144 2964 8194 7785 6394 2475 4932
0
7 5048 1961 3587 4330 7640 1449 722
4 8301 9321 4178 4636
5 2013 9314 7378 2552 4471
1 5413
0
4 6083 2347 3880 4055
4 9641 4712 7971 4894
1 1309
4 6836 7851 907 3054
3 7365 8250 8512
0
4 8723 1130 4783 3295
1 268
0
3 522 7868 6494
1 8822
0
2 1799 4959
6 6998 4622 8271 8984 9266 1246
8 2455 9062 4691 3824 8343 65 3444 4965
0
4 9869 4337 4885 1843
3 4392 5301 1077
4 8586 2472 6571 381
0
2 3494 9810
3 9044 2646 6344
2 956 4204
1 2730
5 5395 9879 7272 9462 7121
0
0
2 6359 7785
0
2 6724 5467
2 7458 6674
5 8508 206 7093 1682 32
0
0
5 2060 2748 6376 8359 2313
3 4127 3216 4532
1 6741
1 3402
7 3817 3119 7226 870 9643 6773 3830
0
7 562 7868 3594 9805 6045 4553 4419
2 6608 3684
1 7323
0
0
1 9272
5 7063 870 1590 2545 3248
4 675 9602 2228 7607
4 9054 5184 2415 9067
6 7658 8696 1768 8309 4039 3468
3 3776 7537 474
2 7090 7107
1 3570
0
2 6426 8174
7 936 8433 9773 5467 8305 5033 4142
3 7363 5240 2409
4 4760 2484 4900 2227
6 7257 7982 9663 4298 3508 6858
2 7284 6589
2 1974 5514
4 975 5002 7032 1748
0
3 3148 7855 8108
3 6859 7103 3560
5 1567 626 8212 8000 5409
4 3794 7811 7433 8517
1 3734
1 6739
1 462
1 6230
4 598 7662 4526 823
1 7242
0
2 1084 5111
3 2358 7387 6438
0
0
0
4 3413 3446 6265 3673
3 6317 3748 7947
1 2396
4 3071 6369 3316 4993
5 718 2505 2209 733 5811
6 4815 5200 8959 2345 2851 1017
0
0
4 4417 1427 3658 3827
1 4999
7 8954 3722 3725 348 1856 7397 1038
0
0
3 4371 5880 5115
5 7221 8094 3542 3685 3557
0
3 4601 9780 7578
4 6983 8183 2146 5331
4 6067 9134 6175 4501
2 3908 9823
2 2349 9199
4 3967 783 4686 3192
6 3259 5015 2858 71 8678 7175
3 7819 2532 6652
0
1 3763
0
0
0
1 8669
6 5194 3692 8327 9577 6934 2257
0
3 4451 3944 898
0
0
6 6706 1391 5056 6181 2147 2743
2 3987 1596
5 3453 9663 6877 2928 8097
1 9608
2 4620 3619
0
1 9578
0
1 7833
2 2518 1949
3 354 7645 1998
3 6945 3006 825
3 3629 3391 4065
2 9548 9956
2 5944 2240
7 3860 7572 7692 9765 8575 6371 7555
6 1474 665 5189 7230 3615 531
6 8359 4857 1241 4487 9788 9877
5 2647 5721 5579 2149 9184
1 8076
0
1 8545
2 1780 6266
1 334
3 3811 5178 8679
5 6458 1634 7289 4099 1834
1 121
0
3 1265 498 256
1 5213
4 6045 4969 1462 1387
2 8559 2112
0
1 3342
1 5514
3 5516 2315 1682
6 9197 2495 801 7942 9904 6314
2 9208 4889
3 388 9097 130
8 8069 6573 3026 8848 8293 2689 2812 4489
4 2219 2396 1133 1947
1 5272
7 7310 4651 4724 4251 880 2390 4323
6 1298 2655 7035 6661 2060 2674
4 9441 3222 2899 8545
7 1237 3677 2895 9981 5166 3807 3719
4 3601 5022 7080 9638
5 6039 2645 8611 5703 8667
0
0
2 1431 6076
0
0
0
2 4584 16
9 400 352 1248 8239 2742 7341 7193 8552 4407
2 8939 8363
1 2289
1 7805
3 1980 6175 4480
0
7 5775 7219 115 7058 3779 3954 9589
1 4858
3 4501 334 165
0
0
1 6348
3 3975 3096 6576
0
2 989 5643
4 8079 2148 4032 5477
1 3506
2 916 4231
0
5 3323 5499 3830 8809 3803
2 2292 8246
2 4452 7458
2 6822 9364
0
2 2852 3403
0
0
4 3130 5429 3551 1191
1 7713
2 9208 9576
1 6656
6 4023 8359 9421 9659 2101 161
4 4921 6760 8964 3093
0
5 6979 6457 2285 3083 4450
2 1800 3553
1 1080
5 7575 705 7844 3056 4597
1 3648
1 9556
5 6936 6017 5803 7887 1101
0
2 3789 7656
4 7915 515 3069 7402
1 7865
1 1008
0
2 5735 4907
2 2010 4296
2 8451 2550
2 2886 1873
1 2030
3 8697 9677 4515
4 7685 5295 2850 899
1 5888
8 7942 8784 6025 9169 8750 1573 8613 8193
2 4466 2969
1 6683
5 677 6666 6059 1812 4151
0
2 8137 9983
0
2 4686 7939
1 491
5 5912 755 2646 9426 9414
3 6014 744 3383
0
7 9222 2604 1740 1934 171 3926 9131
4 7642 1427 6302 6330
0
2 7440 8812
2 5101 4362
0
3 895 7719 4967
3 6833 889 891
2 8411 1067
8 6947 7510 4331 1991 7881 6014 6974 4794
1 9967
3 5672 9747 3402
2 8778 6947
2 1923 6939
2 8741 6594
4 4430 4330 6861 1037
1 4846
0
5 629 2777 2296 5849 2215
3 929 6297 7891
3 718 556 7146
6 6248 4117 1821 4739 7280 4356
1 3975
2 2513 4046
0
1 6684
10 4364 8905 4630 8678 8881 287 3763 7337 7606 6861
0
0
0
3 8062 2736 4507
2 379 3684
2 2975 3482
3 9868 5403 9549
0
6 9266 8804 2376 5170 1446 3960
2 4152 4442
0
4 6197 6819 6222 4621
1 8988
0
2 7525 9065
1 8723
5 4981 1830 9286 8726 4111
6 8652 4410 2957 1481 5552 4946
2 1564 0
1 8988
0
3 5719 967 392
0
0
1 4442
5 6439 9864 177 8275 3250
0
0
5 3639 3021 8516 7379 4681
0
3 3030 7347 5036
0
5 4315 6227 9644 1660 3111
4 5783 9675 2754 4605
3 3499 6338 65
4 2391 3075 8365 5898
3 9710 9599 9935
9 7484 262 7896 6049 1483 2428 5678 5074 3035
1 9229
1 3254
4 8779 7800 9525 9619
2 6701 2120
3 6002 4165 4924
3 445 3804 8120
1 5863
2 3893 6438
0
3 6451 7751 9918
0
2 2249 8246
1 9798
4 6233 4376 2591 3657
5 9289 6612 8388 4563 3157
2 5944 9735
4 1515 1323 3135 710
7 6436 3723 2046 4050 6090 9677 7694
2 5804 7158
4 9855 8542 4232 1915
5 8631 1439 8737 216 4181
2 1528 983
0
1 7084
3 7365 793 9738
4 7545 875 8515 7368
1 7706
3 9556 4014 4494
2 1628 5255
0
4 4206 2866 6231 2702
1 5728
3 4199 1096 4441
2 8090 3014
2 6545 2527
4 840 4767 2598 5451
4 797 4263 277 41
4 5035 2550 4646 7097
4 2744 100 7490 4495
2 9660 4488
8 4086 5465 2701 2518 6962 7005 4333 2454
0
1 2314
2 1438 6207
6 3693 2980 8902 6577 7858 7381
0
3 6428 2416 114
1 1029
7 255 4127 9818 1118 4201 7885 4003
1 9608
4 7419 7817 2696 736
3 8955 8632 4646
0
6 9688 1141 712 4514 6024 7443
0
3 9324 8594 3309
1 58
1 1280
1 3763
0
0
2 5007 420
1 6525
5 2371 8368 6134 4334 4355
4 5065 1976 1305 5528
2 7094 6844
3 4594 9294 2963
0
3 7347 299 4856
4 1118 7859 7495 7287
5 2660 8216 3982 6716 9723
4 5998 3272 8009 3884
0
4 8772 1786 1809 1790
1 4452
1 9735
3 3299 2730 3197
1 4559
2 4109 5083
3 7449 635 2154
0
4 2739 4013 500 6915
0
3 6464 8688 9488
0
4 9628 5397 7275 2766
1 9523
1 8110
0
1 5564
0
0
3 4445 9396 777
4 5617 6221 8187 2466
7 1385 1209 6882 1109 7226 3040 7467
4 442 5164 3268 6332
2 9441 7962
1 3882
0
2 7825 2255
1 7564
4 2847 3973 2419 6079
2 276 2598
1 536
1 9473
1 1406
6 8087 4775 9224 6337 106 3186
3 2034 215 295
3 1009 8883 9817
0
5 8569 9524 8545 8696 4806
3 1972 2870 2235
1 3138
0
6 5494 2024 4553 7577 331 9512
0
2 8286 5241
0
7 4195 7287 5048 6680 8053 661 7654
1 7125
0
0
1 1685
8 3927 7953 9414 2570 8474 4814 8228 8806
2 2420 1557
0
6 2640 8960 125 5285 9722 8846
4 5976 1574 1340 2378
2 8572 1276
10 6539 2519 3480 7128 2167 3297 8287 7201 355 1383
1 8623
0
5 1310 8559 860 245 1930
1 1377
4 2534 887 8196 1077
1 7996
4 5500 3091 6393 3365
2 8557 7692
6 7242 3126 7287 6087 2458 3647
0
5 268 7807 2175 1200 8675
3 1497 4209 2133
0
2 2727 1308
0
1 8673
2 3230 1029
1 5484
2 7365 6242
9 7751 3429 1022 9772 8618 1319 4398 5712 3030
0
1 1721
9 829 1813 8961 7219 2125 7013 2292 2448 7525
6 1460 2410 8934 3168 4969 182
1 7817
2 1244 9584
2 5795 2927
1 9635
6 3992 6872 6357 8560 807 7962
1 1822
3 6301 8989 5869
4 4969 6722 8228 5406
3 3227 7341 9970
4 3455 7036 8547 24
3 9264 51 8904
2 1993 1466
3 4559 3628 8861
0
2 4885 9966
4 2490 6625 5631 2140
3 6019 7919 9735
3 3715 9491 232
4 4484 8505 9629 2230
4 8918 9436 6456 3197
1 4981
2 6637 3529
2 9277 1118
2 8676 6149
3 7103 4205 4872
6 3019 268 6854 8028 3888 6707
3 9899 3763 3963
0
8 801 4428 8294 1414 4585 609 2790 5912
2 2121 3281
1 1312
2 1482 6011
1 5346
3 7574 9252 7804
3 2198 8240 5747
2 3902 7866
1 3084
0
6 8119 2338 7334 8531 7516 6116
2 1362 9220
4 3248 3138 6112 7786
1 364
0
1 8223
3 1982 2298 2297
4 3140 3141 70 835
2 7788 9584
2 461 1721
4 8760 2590 1834 1209
3 680 8338 1842
3 9093 1842 6554
6 4732 4325 7235 8516 5406 7250
6 8737 4959 9276 8484 1231 7061
1 6522
1 6107
2 7658 2892
1 2436
2 8654 1829
0
4 931 3254 5841 2854
2 3579 2207
4 391 7381 4502 557
0
4 206 1309 2704 6
3 7758 3068 9212
5 8247 8391 5057 6145 9903
2 1880 4906
0
2 170 2206
4 9846 5462 2548 7331
1 31
2 5756 8083
4 2110 7159 9099 9033
4 2613 8213 7074 772
2 9177 7190
0
8 8154 4647 2417 6423 851 516 7058 5925
3 4950 8994 4972
0
3 760 2839 9514
2 2863 9334
3 1371 670 5521
6 3301 2851 3810 264 8937 8094
1 7627
5 7205 5581 1918 1591 1658
2 4614 5712
2 5971 9969
6 1270 8288 7873 1280 5105 7143
1 5336
1 8298
0
0
9 9986 3695 6325 6788 2045 5966 2680 1387 7635
0
1 2846
4 8842 7675 7450 1918
0
2 4133 3983
2 2740 2781
5 1963 8920 1188 9732 9027
3 7691 4872 9873
4 1650 9115 6218 8415
3 8399 2896 2638
1 2516
6 7468 5234 7239 9414 98 3046
3 1806 881 9714
1 369
1 8386
3 3146 2100 6946
1 5058
1 9022
7 951 1980 2139 279 8154 5216 2521
0
3 2716 4057 8319
3 6718 3452 4788
3 9146 3150 7679
0
3 2654 3280 3936
5 9319 2226 8773 2331 7027
6 2487 9300 3834 7001 1320 9661
1 5780
1 6996
1 3200
2 5338 9414
2 8107 8217
1 4229
6 7636 575 3377 2747 6305 9714
1 1246
2 2201 408
7 2331 7943 3414 9425 5966 5461 4344
2 5607 461
3 6930 5375 3805
5 9704 2130 4295 4064 9245
2 6186 9956
1 7598
2 5714 5136
0
5 8787 6194 9041 9370 47
5 4907 6176 692 1093 4417
0
1 1830
0
0
1 4370
2 138 5121
2 5744 3419
1 7712
3 2724 4111 9195
4 6223 8403 7581 5825
5 838 9479 9064 9041 1231
3 8076 5247 3946
5 5388 9025 4130 4690 4140
0
0
0
6 8675 183 9124 4267 7145 4966
3 3491 7197 9369
1 1622
2 267 4507
2 501 3523
3 9078 9752 2416
3 1866 2577 6972
0
1 369
3 1419 9197 2915
2 6650 6152
0
1 2011
3 30 9336 1991
0
2 9268 4441
1 7897
3 9687 5677 7109
1 9517
1 9665
2 9129 9054
4 700 3156 7903 8226
2 1934 4937
1 7119
2 3441 2691
2 3773 741
3 6085 9715 9499
3 9672 7121 936
4 1320 2566 7122 231
2 2755 3263
1 374
2 1590 6500
7 7266 6672 4247 1954 9079 1118 6536
2 4936 165
11 1839 1314 433 5921 8194 5606 6469 1920 8449 7811 2321
1 1469
1 4144
3 5100 4684 5789
4 1868 77 6877 1358
5 4522 7469 6170 6353 6600
8 9667 2613 1931 4606 4410 4106 8195 9045
1 2821
4 2087 2351 8988 5751
0
0
6 2506 1369 3608 3390 7391 6837
0
6 3841 431 7035 7926 4163 8783
1 5745
0
3 7383 3508 3253
3 3701 491 2576
3 253 1228 9279
8 7118 9644 453 6360 9669 7042 1639 5987
2 3056 2345
4 7654 7757 3798 3006
3 1703 4200 3605
5 6450 9133 8051 7880 1829
4 7632 2584 9169 9930
0
2 1430 1937
2 8297 1368
3 5370 6142 9648
4 5415 2847 5961 2741
6 9977 9732 4887 4962 86 6224
3 937 4205 8744
3 1934 6364 9747
4 2866 2635 6420 8902
2 1670 3374
5 5220 6164 6591 7924 8010
3 4806 2162 7970
4 5462 4649 9850 8924
0
5 6227 1151 5513 5583 5101
0
3 3799 4438 3555
2 6257 7726
0
0
2 9762 7093
5 3040 9969 911 7981 6419
3 3139 9504 3858
2 7651 8850
1 6297
0
8 9767 4816 4088 561 5389 710 953 4620
0
10 2844 5708 2086 7453 7627 9575 5318 3166 9888 6563
7 8060 2823 9023 3977 7819 130 6501
1 2094
0
0
0
0
3 7431 6286 1577
3 4805 2800 1036
4 8680 9775 744 7033
7 1397 1489 6052 8542 298 3474 2784
11 3876 7323 6396 4032 5905 6010 7009 7091 5415 6055 1296
1 9608
2 6846 4088
6 3518 2789 8702 8316 6663 4644
3 5460 5629 2668
2 9790 4752
1 3356
1 696
1 8219
2 1181 9370
3 4349 1691 739
1 1176
3 9780 6200 1736
0
1 1406
0
6 7510 7170 9042 6245 5495 945
4 1482 4567 9328 3133
1 2570
1 8027
3 7765 4619 5326
1 8668
1 1744
5 381 1054 1678 4603 8718
5 9372 8970 3219 7500 2701
0
1 4457
0
4 2292 8553 9724 5412
0
0
3 8319 2937 6218
2 8319 2011
4 2307 8001 1028 6291
1 3327
1 934
4 4147 9607 8939 6193
0
3 8788 3997 63
2 3444 6526
1 2160
6 6711 6003 3975 756 5212 9539
3 3346 2398 7007
1 732
0